id,original_id,prompt,control_attribute_value,text
PPLM-Bow_0_Sports,PPLM-Bow_0,Fitness In summary,Sports,"In summary I am a 5'10"" male who has been lifting for about a year and a half. I have been lifting for about a year and a half and have been doing a lot of cardio and weight training as well. I have been doing a lot of cardio and weight training and have been doing a lot of cardio and weight training for about a year and a half. I have been doing a lot of cardio and weight training for about a year and a half. I have been doing a lot of cardio and weight training for about a year and a half. I have been doing a lot of cardio and weight training for about a year and a half. I have been doing a lot of cardio and weight training for about a year and a half. I have been doing a lot of cardio and weight training for about a year and a half. I have been doing a lot of cardio and weight training for about a year and a half. I have been doing a lot of cardio and weight training for about a year and a half. I have been doing a lot of cardio and weight training for about a year and a half. I have been doing a lot of cardio and weight training for about a year and a half. I have been doing a lot of cardio and weight training"
PPLM-Bow_0_Business,PPLM-Bow_0,Finance In summary,Business,"In summary I have a job that pays me about $18,000 a year and I have about $8,000 in student loans. I have about $8,000 in credit card debt and about $8,000 in car loan debt. I have about $8,000 in credit card debt and about $8,000 in car loan debt. I have about $8,000 in student loan debt and about $8,000 in car loan debt. I have about $8,000 in credit card debt and about $8,000 in car loan debt. I have about $8,000 in credit card debt and about $8,000 in car loan debt. I have about $8,000 in student loan debt and about $8,000 in car loan debt. I have about $8,000 in credit card debt and about $8,000 in car loan debt. I have about $8,000 in credit card debt and about $8,000 in car loan debt. I have about $8,000 in credit card debt and about $8,000 in car loan debt. I have about $8,000 in credit card debt and about $8,000 in car loan debt. I have about $8,000 in credit card debt and about $8,000 in car loan debt. I have about $8,000 in credit card debt and about $8,000 in car loan debt. I have about $8,000 in credit card debt and about $8,000 in car loan debt. I have about $8,000 in credit card debt and about $8,000 in"
PPLM-Bow_0_Science/Technology,PPLM-Bow_0,Science In summary,Science/Technology,"In summary 
 Title: A new study has found that the brain of a man who was diagnosed with schizophrenia in his 20s has a different structure than the brains of people who have never been diagnosed with the disease. 
 Score: 6 
 
 Flair: Medicine 
 Title: A new study has found that the brain of a man who was diagnosed with schizophrenia in his 20s has a different structure than the brains of people who have never been diagnosed with the disease. 
 Score: 6 
 
 Flair: Medicine 
 Title: A new study has found that the brain of a man who was diagnosed with schizophrenia in his 20s has a different structure than the brains of people who have never been diagnosed with the disease. 
 Score: 6 
 
 Flair: Medicine 
 Title: A new study has found that the brain of a man who was diagnosed with schizophrenia in his 20s has a different structure than the brains of people who have never been diagnosed with the disease. 
 Score: 6 
 
 Flair: Medicine 
 Title: A new study has found that the brain of a man who was diagnosed with schizophrenia in his 20s has a different structure than the brains of people who have never been diagnosed with the disease. 
 Score: 6 
 
 Flair: Medicine 
 Title: A new study has found that the brain of a man who was diagnosed with schizophrenia in his 20s"
PPLM-Bow_1_Sports,PPLM-Bow_1,Fitness This essay discusses,Sports,"This essay discusses the benefits of a low carb diet and how it can help you lose weight and keep it off. 
 Score: 6 
 
 Title: I have a question about the ""fat burning zone"" 
 Text: I have been doing a lot of research on the topic of the ""fat burning zone"" and I have found that there is a lot of misinformation out there. I have been doing a lot of research on the topic and I have found that there are a lot of myths and misinformation out there. I have found that the ""fat burning zone"" is not a specific area of the body but rather a general term that can be applied to any area of the body that is burning fat. 
 
 I have been doing a lot of research on the topic and I have found that there are a lot of myths and misinformation out there. I have found that the ""fat burning zone"" is not a specific area of the body but rather a general term that can be applied to any area of the body that is burning fat. 
 
 I have been doing a lot of research on the topic and I have found that there are a lot of myths and misinformation out there. I have found that the ""fat burning zone"" is not a specific area of the body but rather a general term that can be applied to any"
PPLM-Bow_1_Business,PPLM-Bow_1,Legal This essay discusses,Business,"This essay discusses the legal issues surrounding the use of the term ""intellectual property"", and the legal issues surrounding the use of the term ""intellectual property""."
PPLM-Bow_1_Science/Technology,PPLM-Bow_1,Computing This essay discusses,Science/Technology,This essay discusses the history of the development of the modern PC and the impact of the PC on the world.
PPLM-Bow_2_Sports,PPLM-Bow_2,Fitness Views on,Sports,"Views on the other hand, I have a lot of friends who are very religious and I don't want to offend them by telling them that I don't believe in God. I don't want to be a hypocrite and tell them that I don't believe in God because I don't want to offend them. 
 
 I don't know what to do. I don't want to be a hypocrite and tell them that I don't believe in God because I don't want to offend them. 
 
 I don't know what to do. 
 Score: 6 
 
 Title: I am a Christian and I am a very good person. AMA 
 Text: I am a Christian and I am a very good person. I am not a very good person in the sense that I am not a very good person. I am a very good person in the sense that I am a very good person and I am a very good person in the sense that I am a very good person. I am not a very good person in the sense that I am a very good person and I am a very good person in the sense that I am a very good person. I am not a very good person in the sense that I am a very good person and I am a very good person in the sense that I am a very good person. I am not a very good person in the sense that I am"
PPLM-Bow_2_Business,PPLM-Bow_2,Finance Views on,Business,"Views on the other hand, I have a lot of debt and I have no idea what to do with it. I have a lot of student loans and I have no idea what to do with them. I have no idea what to do with my credit card debt. I have no idea what to do with my car loan. I have no idea what to do with my credit card debt. I have no idea what to do with my student loan debt. I have no idea what to do with my car loan. I have no idea what to do with my student loan debt. I have no idea what to do with my credit card debt. I have no idea what to do with my student loan debt. I have no idea what to do with my car loan. I have no idea what to do with my student loan debt. I have no idea what to do with my credit card debt. I have no idea what to do with my student loan debt. I have no idea what to do with my car loan. I have no idea what to do with my student loan debt. I have no idea what to do with my credit card debt. I have no idea what to do with my student loan debt. I have no idea what to do with my credit card debt. I have no idea what to do with my car loan. I have no idea what to do with my"
PPLM-Bow_2_Science/Technology,PPLM-Bow_2,Computing Views on,Science/Technology,"Views on the matter 
 Score: 6 
 
 Title: [Build Complete] My first build 
 Text: [PCPartPicker part list](http://pcpartpicker.com/p/2q4Hh) / [Price breakdown by merchant](http://pcpartpicker.com/p/2q4Hh/by_merchant/) / [Benchmarks](http://pcpartpicker.com/p/2q4Hh/benchmarks/) 
 
 Type|Item|Price 
 :----|:----|:---- 
 **CPU** | [Intel Core i5-3570K 3.4GHz Quad-Core Processor](http://pcpartpicker.com/part/intel-cpu-bx80637i53570k) | $189.99 @ Microcenter 
 **CPU Cooler** | [Cooler Master Hyper 212 EVO 82.9 CFM Sleeve Bearing CPU Cooler](http://pcpartpicker.com/part/cooler-master-cpu-cooler-rr212e20pkr2) | $29.99 @ Newegg 
 **Motherboard** | [ASRock Z77 Extreme4 ATX LGA1155 Motherboard](http://pcpartpicker.com/part/asrock-motherboard-z77extreme4) |"
PPLM-Bow_3_Sports,PPLM-Bow_3,Fitness The connection,Sports,"The connection between the two is that the more you do it, the more you get out of it. 
 
 I have been doing this for a few months now and I have lost about 20 pounds and I feel great. I have a lot of muscle and I feel great. I have a lot of energy and I feel great. I have a lot of energy and I feel great. I have a lot of energy and I feel great. I have a lot of energy and I feel great. I have a lot of energy and I feel great. I have a lot of energy and I feel great. I have a lot of energy and I feel great. I have a lot of energy and I feel great. I have a lot of energy and I feel great. I have a lot of energy and I feel great. I have a lot of energy and I feel great. I have a lot of energy and I feel great. I have a lot of energy and I feel great. I have a lot of energy and I feel great. I have a lot of energy and I feel great. I have a lot of energy and I feel great. I have a lot of energy and I feel great. I have a lot of energy and I feel great. I have a lot of energy and I feel great. I have a lot of energy and I feel great. I have a lot of energy"
PPLM-Bow_3_Business,PPLM-Bow_3,Finance The connection,Business,"The connection is a little flaky but I can get a decent connection to the internet. 
 
 I have a few questions about the process of getting a credit card and how to get a credit card with a good credit score. 
 
 1. I have a credit card with a good credit score and I have been using it for a few years now. I have never had a late payment or any other issues. I have never had a credit card that I have had to pay off in full and I have never had a late payment on a credit card. 
 
 2. I have a credit card with a good credit score and I have been using it for a few years now. I have never had a late payment or any other issues. I have never had a credit card that I have had to pay off in full and I have never had a late payment on a credit card. 
 
 3. I have a credit card with a good credit score and I have been using it for a few years now. I have never had a late payment or any other issues. I have never had a credit card that I have had to pay off in full and I have never had a late payment on a credit card. 
 
 4. I have a credit card with a good credit score and I have been using it for a few years now. I"
PPLM-Bow_3_Science/Technology,PPLM-Bow_3,Technology The connection,Science/Technology,"The connection was fine and I was able to get the job done. 
 
 I was a little surprised when I got a call from the client that the connection was down. I was a little confused as to why the connection was down. I asked the client if they had a modem and they said no. I asked if they had a router and they said no. I asked if they had a modem and they said no. I asked if they had a router and they said no. I asked if they had a modem and they said no. I asked if they had a router and they said no. I asked if they had a modem and they said no. I asked if they had a modem and they said no. I asked if they had a modem and they said no. I asked if they had a modem and they said no. I asked if they had a modem and they said no. I asked if they had a modem and they said no. I asked if they had a modem and they said no. I asked if they had a modem and they said no. I asked if they had a modem and they said no. I asked if they had a modem and they said no. I asked if they had a modem and they said no. I asked if they had a modem and they said no. I asked if they had a modem and they said no. I asked"
PPLM-Bow_4_Sports,PPLM-Bow_4,Fitness Foundational to this is,Sports,"Foundational to this is the fact that the human body is a complex machine that is constantly being reprogrammed to adapt to the environment and to the needs of the individual. 
 
 The human body is constantly being reprogrammed to adapt to the environment and to the needs of the individual. 
 
 The human body is constantly being reprogrammed to adapt to the environment and to the needs of the individual. 
 
 The human body is constantly being reprogrammed to adapt to the environment and to the needs of the individual. 
 
 The human body is constantly being reprogrammed to adapt to the environment and to the needs of the individual. 
 
 The human body is constantly being reprogrammed to adapt to the environment and to the needs of the individual. 
 
 The human body is constantly being reprogrammed to adapt to the environment and to the needs of the individual. 
 
 The human body is constantly being reprogrammed to adapt to the environment and to the needs of the individual. 
 
 The human body is constantly being reprogrammed to adapt to the environment and to the needs of the individual. 
 
 The human body is constantly being reprogrammed to adapt to the environment and to the needs of the individual. 
 
 The human body is constantly being reprogrammed to adapt to the environment and to the needs of the individual. 
 
 The human body is constantly being"
PPLM-Bow_4_Business,PPLM-Bow_4,Legal Foundational to this is,Business,"Foundational to this is that I have a friend who is a lawyer and he has been helping me with the legal aspects of the situation. 
 
 I have been told that I can not have the dog until I get a new place to live and I have been told that I can not have the dog until I get a new job and I have been told that I can not have the dog until I get a new place to live. 
 
 I have been told that I can not have the dog until I get a new place to live and I have been told that I can not have the dog until I get a new job and I have been told that I can not have the dog until I get a new place to live. 
 
 I have been told that I can not have the dog until I get a new place to live and I have been told that I can not have the dog until I get a new job and I have been told that I can not have the dog until I get a new place to live. 
 
 I have been told that I can not have the dog until I get a new place to live and I have been told that I can not have the dog until I get a new place to live. 
 
 I have been told that I can not have the dog until I get"
PPLM-Bow_4_Science/Technology,PPLM-Bow_4,Computing Foundational to this is,Science/Technology,"Foundational to this is the fact that the CPU is a single core CPU with a single thread per core. This means that the CPU is not a single threaded CPU but a single core CPU with a single thread per core. 
 
 The CPU is a single core CPU with a single thread per core. 
 
 The CPU is a single core CPU with a single thread per core. 
 
 The CPU is a single core CPU with a single thread per core. 
 
 The CPU is a single core CPU with a single thread per core. 
 
 The CPU is a single core CPU with a single thread per core. 
 
 The CPU is a single core CPU with a single thread per core. 
 
 The CPU is a single core CPU with a single thread per core. 
 
 The CPU is a single core CPU with a single thread per core. 
 
 The CPU is a single core CPU with a single thread per core. 
 
 The CPU is a single core CPU with a single thread per core. 
 
 The CPU is a single core CPU with a single thread per core. 
 
 The CPU is a single core CPU with a single thread per core. 
 
 The CPU is a single core CPU with a single thread per core. 
 
 The CPU is a single core CPU with a single thread per core. 
 
 The CPU is a single core"
PPLM-Bow_5_Sports,PPLM-Bow_5,"Fitness To review,",Sports,"To review, I am a 5'10"" male who has been lifting for about a year and a half. I have been lifting for about a year and a half now and have been doing a lot of cardio and weight training as well. I have been doing a lot of cardio and weight training for the past year and a half and have been doing a lot of cardio and weight training for the past 6 months. I have been doing a lot of cardio and weight training for the past 6 months and have been doing a lot of cardio and weight training for the past 6 months. I have been doing a lot of cardio and weight training for the past 6 months and have been doing a lot of cardio and weight training for the past 6 months. I have been doing a lot of cardio and weight training for the past 6 months and have been doing a lot of cardio and weight training for the past 6 months. I have been doing a lot of cardio and weight training for the past 6 months and have been doing a lot of cardio and weight training for the past 6 months. I have been doing a lot of cardio and weight training for the past 6 months and have been doing a lot of cardio and weight training for the past 6 months. I have been doing a lot of"
PPLM-Bow_5_Business,PPLM-Bow_5,"Finance To review,",Business,"To review, I have a credit card with a limit of $5000 and a limit of $5000 in my checking account. I have a car loan of $5000 and a car payment of $500. I have a car payment of $900 and a car loan of $2000. I have a credit card with a limit of $5000 and a limit of $5000 in my checking account. I have a car payment of $900 and a car payment of $2000. I have a credit card with a limit of $5000 and a limit of $5000 in my checking account. I have a car payment of $900 and a car payment of $2000. I have a credit card with a limit of $5000 and a limit of $5000 in my checking account. I have a credit card with a limit of $5000 and a limit of $5000 in my checking account. I have a credit card with a limit of $5000 and a limit of $5000 in my checking account. I have a credit card with a limit of $5000 and a limit of $5000 in my checking account. I have a credit card with a limit of $5000 and a limit of $5000 in my checking account. I have a credit card with a limit of $5000 and a limit of $5000 in my checking account. I have a credit card with a"
PPLM-Bow_5_Science/Technology,PPLM-Bow_5,"Technology To review,",Science/Technology,"To review, I have a very small office with a very small amount of people. I have a very small amount of people who are very good at their jobs. I have a very small amount of people who are very good at their jobs. I have a very small amount of people who are very good at their jobs. I have a very small amount of people who are very good at their jobs. I have a very small amount of people who are very good at their jobs. I have a very small amount of people who are very good at their jobs. I have a very small amount of people who are very good at their jobs. I have a very small amount of people who are very good at their jobs. I have a very small amount of people who are very good at their jobs. I have a very small amount of people who are very good at their jobs. I have a very small amount of people who are very good at their jobs. I have a very small amount of people who are very good at their jobs. I have a very small amount of people who are very good at their jobs. I have a very small amount of people who are very good at their jobs. I have a very small amount of people who are very good at their jobs. I have a very small amount of people who are very good at their jobs. I have a"
PPLM-Bow_6_Sports,PPLM-Bow_6,"Fitness In brief,",Sports,"In brief, I have been doing a lot of research on the topic of weight loss and I have come to the conclusion that I am not going to be able to lose weight without a lot of exercise. I have been doing a lot of research on the topic of diet and exercise and I have come to the conclusion that I am not going to be able to lose weight without a lot of exercise. I have been doing a lot of research on the topic of diet and exercise and I have come to the conclusion that I am not going to be able to lose weight without a lot of exercise. I have been doing a lot of research on the topic of diet and exercise and I have come to the conclusion that I am not going to be able to lose weight without a lot of exercise. I have been doing a lot of research on the topic of diet and exercise and I have come to the conclusion that I am not going to be able to lose weight without a lot of exercise. I have been doing a lot of research on the topic of diet and exercise and I have come to the conclusion that I am not going to be able to lose weight without a lot of exercise. I have been doing a lot of research on the topic of diet and exercise and I have come to the conclusion that I am not going to be"
PPLM-Bow_6_Business,PPLM-Bow_6,"Legal In brief,",Business,"In brief, I have a friend who is a lawyer and has been in the business for a long time. He has been in the business for a long time and has a lot of experience in the legal field. He has been in the business for a long time and has a lot of experience in the legal field. He has been in the business for a long time and has a lot of experience in the legal field. He has been in the business for a long time and has a lot of experience in the legal field. He has been in the business for a long time and has a lot of experience in the legal field. He has been in the business for a long time and has a lot of experience in the legal field. He has been in the business for a long time and has a lot of experience in the legal field. He has been in the business for a long time and has a lot of experience in the legal field. He has been in the business for a long time and has a lot of experience in the legal field. He has been in the business for a long time and has a lot of experience in the legal field. He has been in the business for a long time and has a lot of experience in the legal field. He has been in the business for a long time and has a lot of experience in the"
PPLM-Bow_6_Science/Technology,PPLM-Bow_6,"Computing In brief,",Science/Technology,"In brief, I have a budget of $1500 and I want to build a PC that can play games like Skyrim, Fallout 3, and other modern games at high settings. I have a friend who has a similar build and he has a GTX 660 and I would like to build a PC that can play games like Skyrim, Fallout 3, and other modern games at high settings. 
 
 I have a few questions for you guys. 
 
 1. What is the best way to build a PC that can play games like Skyrim, Fallout 3, and other modern games at high settings? 
 
 2. What is the best way to build a PC that can play games like Skyrim, Fallout 3, and other modern games at high settings? 
 
 3. What is the best way to build a PC that can play games like Skyrim, Fallout 3, and other modern games at high settings? 
 
 4. What is the best way to build a PC that can play games like Skyrim, Fallout 3, and other modern games at high settings? 
 
 5. What is the best way to build a PC that can play games like Skyrim, Fallout 3, and other modern games at high settings? 
 
 6. What is the best way to build a PC that can play games like Skyrim, Fallout 3, and"
PPLM-Bow_7_Sports,PPLM-Bow_7,Fitness An illustration of,Sports,"An illustration of the difference between the two is shown below. 
 
 [Here is a picture of the two in the same position](http://i.imgur.com/xZqtq.jpg) 
 
 The difference between the two is that the left leg is slightly longer than the right leg. 
 
 The difference between the two is that the left leg is slightly longer than the right leg. 
 
 The difference between the two is that the left leg is slightly longer than the right leg. 
 
 The difference between the two is that the left leg is slightly longer than the right leg. 
 
 The difference between the two is that the left leg is slightly longer than the right leg. 
 
 The difference between the two is that the left leg is slightly longer than the right leg. 
 
 The difference between the two is that the left leg is slightly longer than the right leg. 
 
 The difference between the two is that the left leg is slightly longer than the right leg. 
 
 The difference between the two is that the left leg is slightly longer than the right leg. 
 
 The difference between the two is that the left leg is slightly longer than the right leg. 
 
 The difference between the two is that the left leg is slightly longer than the right leg. 
 
 The difference between the two is that the left"
PPLM-Bow_7_Business,PPLM-Bow_7,Legal An illustration of,Business,"An illustration of the problem 
 
 http://imgur.com/a/lQj7M 
 
 I have a friend who is a lawyer and he is helping me with the legal aspects of the situation. I have a friend who is a lawyer and he is helping me with the legal aspects of the situation. I have a friend who is a lawyer and he is helping me with the legal aspects of the situation. I have a friend who is a lawyer and he is helping me with the legal aspects of the situation. I have a friend who is a lawyer and he is helping me with the legal aspects of the situation. I have a friend who is a lawyer and he is helping me with the legal aspects of the situation. I have a friend who is a lawyer and he is helping me with the legal aspects of the situation. I have a friend who is a lawyer and he is helping me with the legal aspects of the situation. I have a friend who is a lawyer and he is helping me with the legal aspects of the situation. I have a friend who is a lawyer and he is helping me with the legal aspects of the situation. I have a friend who is a lawyer and he is helping me with the legal aspects of the situation. I have a friend who is a lawyer and he is helping me with the legal aspects of the situation."
PPLM-Bow_7_Science/Technology,PPLM-Bow_7,Technology An illustration of,Science/Technology,An illustration of the problem
PPLM-Bow_8_Sports,PPLM-Bow_8,"Fitness Furthermore,",Sports,"Furthermore, I have a very low tolerance for pain and I have been told that I have a very high pain threshold. I have been told that I have a very high pain tolerance and that I have a very high pain threshold. I have been told that I have a very high pain tolerance and that I have a very high pain threshold. I have been told that I have a very high pain tolerance and that I have a very high pain threshold. I have been told that I have a very high pain tolerance and that I have a very high pain threshold. I have been told that I have a very high pain tolerance and that I have a very high pain threshold. I have been told that I have a very high pain tolerance and that I have a very high pain threshold. I have been told that I have a very high pain tolerance and that I have a very high pain threshold. I have been told that I have a very high pain tolerance and that I have a very high pain threshold. I have been told that I have a very high pain tolerance and that I have a very high pain threshold. I have been told that I have a very high pain tolerance and that I have a very high pain threshold. I have been told that I have a very high pain tolerance and that I have a very high pain threshold. I have been told"
PPLM-Bow_8_Business,PPLM-Bow_8,"Finance Furthermore,",Business,"Furthermore, I have a credit card with a limit of $5000 and a limit of $5000 on my credit card. I have a balance of $5000 on my credit card and a balance of $5000 on my credit card. 
 
 I have a job that pays me $15/hr and I have a 401k with a match of 6%. I have a car that I pay for myself and I have a car loan that I pay for myself and a car payment that I pay for myself and a car payment that I pay for myself and a car payment that I pay for myself and a car payment that I pay for myself and a car payment that I pay for myself and a car payment that I pay for myself and a car payment that I pay for myself and a car payment that I pay for myself and a car payment that I pay for myself and a car payment that I pay for myself and a car payment that I pay for myself and a car payment that I pay for myself and a car payment that I pay for myself and a car payment that I pay for myself and a car payment that I pay for myself and a car payment that I pay for myself and a car payment that I pay for myself and a car payment that I pay for myself and a car payment that I pay for"
PPLM-Bow_8_Science/Technology,PPLM-Bow_8,"Technology Furthermore,",Science/Technology,"Furthermore, I have a very good friend who is a very good friend of mine who is a very good friend of mine who is a very good friend of mine who is a very good friend of mine who is a very good friend of mine who is a very good friend of mine who is a very good friend of mine who is a very good friend of mine who is a very good friend of mine who is a very good friend of mine who is a very good friend of mine who is a very good friend of mine who is a very good friend of mine who is a very good friend of mine who is a very good friend of mine who is a very good friend of mine who is a very good friend of mine who is a very good friend of mine who is a very good friend of mine who is a very good friend of mine who is a very good friend of mine who is a very good friend of mine who is a very good friend of mine who is a very good friend of mine who is a very good friend of mine who is a very good friend of mine who is a very good friend of mine who is a very good friend of mine who is a very good friend of mine who is a very good friend of mine who is a very good friend of mine who is"
PPLM-Bow_9_Sports,PPLM-Bow_9,Fitness The central theme,Sports,"The central theme of this subreddit is to help people get in shape and lose weight. 
 
 I have been lurking for a while and I have to say that I am very impressed with the amount of people who are willing to share their experiences and advice. I have been following this subreddit for a while and I have learned a lot from the people who post here. 
 
 I have been working out for a while and I have been trying to get in better shape for a while now. I have been doing a lot of cardio and weight training and I have been trying to get in better shape for a while now. I have been doing a lot of cardio and weight training and I have been trying to get in better shape for a while now. I have been doing a lot of cardio and weight training and I have been trying to get in better shape for a while now. I have been doing a lot of cardio and weight training and I have been trying to get in better shape for a while now. I have been doing a lot of cardio and weight training and I have been trying to get in better shape for a while now. I have been doing a lot of cardio and weight training and I have been trying to get in better shape for a while now. I have been doing a"
PPLM-Bow_9_Business,PPLM-Bow_9,Finance The central theme,Business,"The central theme of this post is that I have a lot of debt and I want to pay it off as soon as possible. I have a few questions about my credit score and how to improve it. 
 
 1. I have a credit card with a limit of $5000 and I have a balance of about $5000 on it. I have a credit card with a limit of $5000 and I have a balance of about $5000 on it. I have a credit card with a limit of $5000 and I have a balance of about $5000 on it. 
 
 2. I have a credit card with a limit of $5000 and I have a balance of about $5000 on it. I have a credit card with a limit of $5000 and I have a balance of about $5000 on it. 
 
 3. I have a credit card with a limit of $5000 and I have a balance of about $5000 on it. I have a credit card with a limit of $5000 and I have a balance of about $5000 on it. 
 
 4. I have a credit card with a limit of $5000 and I have a balance of about $5000 on it. I have a credit card with a limit of $5000 and I have a balance of about $5000 on it. 
 
 5. I have a credit card with a"
PPLM-Bow_9_Science/Technology,PPLM-Bow_9,Technology The central theme,Science/Technology,"The central theme of this story is that I was a very good IT guy and I was very good at my job. I was also very good at my job. 
 
 I was a very good IT guy and I was very good at my job. I was also very good at my job. 
 
 I was a very good IT guy and I was very good at my job. I was also very good at my job. 
 
 I was a very good IT guy and I was very good at my job. I was also very good at my job. 
 
 I was a very good IT guy and I was very good at my job. I was also very good at my job. 
 
 I was a very good IT guy and I was very good at my job. I was also very good at my job. 
 
 I was a very good IT guy and I was very good at my job. I was also very good at my job. 
 
 I was a very good IT guy and I was very good at my job. I was also very good at my job. 
 
 I was a very good IT guy and I was very good at my job. I was also very good at my job. 
 
 I was a very good IT guy and I was very good at my job. I was also very good at my job. 
 
 I"
PPLM-Bow_10_Sports,PPLM-Bow_10,"Fitness To conclude,",Sports,"To conclude, I would like to thank everyone for their support and encouragement. I am going to keep working hard to get to my goal of losing 50 pounds by the end of the year."
PPLM-Bow_10_Business,PPLM-Bow_10,"Legal To conclude,",Business,"To conclude, I have a few questions for you guys. 
 
 1. What is the best way to go about getting a restraining order against my ex wife? 
 2. What is the best way to get a restraining order against my ex wife? 
 3. What is the best way to get a restraining order against my ex wife? 
 4. What is the best way to get a restraining order against my ex wife? 
 5. What is the best way to get a restraining order against my ex wife? 
 
 Thank you for your time. 
 Score: 6 
 
 Title: [CA] My boss is threatening to fire me for not showing up for work on time. 
 Text: I work at a small business in a small town in California. I work in the front office and am the only employee. I have been there for about a year and a half and have been doing a great job. 
 
 My boss has been threatening to fire me for not showing up for work on time for the past few months. He has been telling me that I am not doing a good job and that I am not doing my job correctly. He has also been telling me that I am not doing my job well enough and that I need to do a better job. 
 
 I have been working on this for a while and have been trying to get a raise"
PPLM-Bow_10_Science/Technology,PPLM-Bow_10,"Technology To conclude,",Science/Technology,"To conclude, I have a few questions for you guys. 
 
 1. What is the best way to get a new computer to work with a new computer? 
 
 2. What is the best way to get a new computer to work with a new computer? 
 
 3. What is the best way to get a new computer to work with a new computer? 
 
 4. What is the best way to get a new computer to work with a new computer? 
 
 5. What is the best way to get a new computer to work with a new computer? 
 
 6. What is the best way to get a new computer to work with a new computer? 
 
 7. What is the best way to get a new computer to work with a new computer? 
 
 8. What is the best way to get a new computer to work with a new computer? 
 
 9. What is the best way to get a new computer to work with a new computer? 
 
 10. What is the best way to get a new computer to work with a new computer? 
 
 11. What is the best way to get a new computer to work with a new computer? 
 
 12. What is the best way to get a new computer to work with a new computer? 
 
 13. What is the best"
PPLM-Bow_11_Sports,PPLM-Bow_11,Fitness The key aspect,Sports,"The key aspect of this is that you can do it at your own pace. You can do it at your own pace and you can do it at your own pace. 
 
 I have been doing this for a few weeks now and I have lost about 10 pounds and I have been doing it at my own pace. I have been doing it at my own pace and I have been doing it at my own pace. 
 
 I have been doing it at my own pace and I have been doing it at my own pace. 
 
 I have been doing it at my own pace and I have been doing it at my own pace. 
 
 I have been doing it at my own pace and I have been doing it at my own pace. 
 
 I have been doing it at my own pace and I have been doing it at my own pace. 
 
 I have been doing it at my own pace and I have been doing it at my own pace. 
 
 I have been doing it at my own pace and I have been doing it at my own pace. 
 
 I have been doing it at my own pace and I have been doing it at my own pace. 
 
 I have been doing it at my own pace and I have been doing it at my own pace. 
 
 I have been doing it at my own pace"
PPLM-Bow_11_Business,PPLM-Bow_11,Legal The key aspect,Business,"The key aspect of this is that the company is a small one and the owner is a very wealthy man. He has a lot of money and is very well connected. 
 
 I have been working for this company for about a year and a half and I have been doing a lot of the work for the company myself. I have been doing a lot of the work for the company and I have been doing a lot of the work for the owner and his family. 
 
 I have been doing a lot of the work for the owner and his family for the last year and a half. I have been doing a lot of the work for the owner and his family for the last year and a half. 
 
 I have been doing a lot of the work for the owner and his family for the last year and a half. 
 
 I have been doing a lot of the work for the owner and his family for the last year and a half. 
 
 I have been doing a lot of the work for the owner and his family for the last year and a half. 
 
 I have been doing a lot of the work for the owner and his family for the last year and a half. 
 
 I have been doing a lot of the work for the owner and his family for the last year and a half. 
 
 I"
PPLM-Bow_11_Science/Technology,PPLM-Bow_11,Technology The key aspect,Science/Technology,"The key aspect of this is that the user is not the only person who can access the server. The server is also accessible from the outside world. 
 
 &gt;Me: Okay, so you can access the server from the outside world by logging in from the outside world and clicking on the login button. 
 
 &gt;User: Okay, so I can log in from the outside world and click on the login button? 
 
 &gt;Me: Yes. 
 
 &gt;User: Okay, so I can log in from the outside world and click on the login button? 
 
 &gt;Me: Yes. 
 
 &gt;User: Okay, so I can log in from the outside world and click on the login button? 
 
 &gt;Me: Yes. 
 
 &gt;User: Okay, so I can log in from the outside world and click on the login button? 
 
 &gt;Me: Yes. 
 
 &gt;User: Okay, so I can log in from the outside world and click on the login button? 
 
 &gt;Me: Yes. 
 
 &gt;User: Okay, so I can log in from the outside world and click on the login button? 
 
 &@@"
PPLM-Bow_12_Sports,PPLM-Bow_12,Fitness Prior to this,Sports,Prior to this I had been doing a lot of cardio and weight lifting and I was feeling pretty good about my progress. I was doing a lot of cardio and weight lifting and I was feeling pretty good about my progress. I was doing a lot of cardio and weight lifting and I was feeling pretty good about my progress. I was doing a lot of cardio and weight lifting and I was feeling pretty good about my progress. I was doing a lot of cardio and weight lifting and I was feeling pretty good about my progress. I was doing a lot of cardio and weight lifting and I was feeling pretty good about my progress. I was doing a lot of cardio and weight lifting and I was feeling pretty good about my progress. I was doing a lot of cardio and weight lifting and I was feeling pretty good about my progress. I was doing a lot of cardio and weight lifting and I was feeling pretty good about my progress. I was doing a lot of cardio and weight lifting and I was feeling pretty good about my progress. I was doing a lot of cardio and weight lifting and I was feeling pretty good about my progress. I was doing a lot of cardio and weight lifting and I was feeling pretty good about my progress. I was doing a lot of cardio and weight lifting and I was feeling
PPLM-Bow_12_Business,PPLM-Bow_12,Finance Prior to this,Business,"Prior to this I had a job that paid me a decent amount of money and I was able to save a decent amount of money every month. I was able to save about $2000 a month and I was able to put that money into a savings account that I could access whenever I wanted to and I was able to put that money into a Roth IRA that I could access whenever I wanted to. 
 
 I was able to save about $2000 a month and I was able to put that money into a savings account that I could access whenever I wanted and I was able to put that money into a Roth IRA that I could access whenever I wanted and I was able to put that money into a Roth 401k that I could access whenever I wanted and I was able to put that money into a Roth 401k that I could access whenever I wanted and I was able to put that money into a Roth 401k that I could access whenever I wanted and I was able to put that money into a Roth 401k that I could access whenever I wanted and I was able to put that money into a Roth 401k that I could access whenever I wanted and I was able to put that money into a Roth 401k that I could access whenever I wanted and I was able to"
PPLM-Bow_12_Science/Technology,PPLM-Bow_12,Computing Prior to this,Science/Technology,Prior to this I had a GTX 660 Ti and a GTX 660 Ti. I was looking to upgrade to a GTX 660 Ti but I was looking at the GTX 660 Ti and the GTX 660 Ti and I was looking at the GTX 660 Ti and I was looking at the GTX 660 Ti and I was looking at the GTX 660 Ti and I was looking at the GTX 660 Ti and I was looking at the GTX 660 Ti and I was looking at the GTX 660 Ti and I was looking at the GTX 660 Ti and I was looking at the GTX 660 Ti and I was looking at the GTX 660 Ti and I was looking at the GTX 660 Ti and I was looking at the GTX 660 Ti and I was looking at the GTX 660 Ti and I was looking at the GTX 660 Ti and I was looking at the GTX 660 Ti and I was looking at the GTX 660 Ti and I was looking at the GTX 660 Ti and I was looking at the GTX 660 Ti and I was looking at the GTX 660 Ti and I was looking at the GTX 660 Ti and I was looking at the GTX 660 Ti and I was looking at the GTX 660 Ti and I was looking at
PPLM-Bow_13_Sports,PPLM-Bow_13,Fitness Emphasised are,Sports,Emphasised are the two main reasons why I am doing this and I am hoping to get some feedback from you guys on how I can improve my form.
PPLM-Bow_13_Business,PPLM-Bow_13,Finance Emphasised are,Business,Emphasised are the fact that I am a student and I have no debt and I have a good job and I have a good credit score and I have a good credit history and I have a good credit score and I have a good credit history and I have a good credit history and I have a good credit score and I have a good credit history and I have a good credit score and I have a good credit score and I have a good credit score and I have a good credit score and I have a good credit score and I have a good credit score and I have a good credit score and I have a good credit score and I have a good credit score and I have a good credit score and I have a good credit score and I have a good credit score and I have a good credit score and I have a good credit score and I have a good credit score and I have a good credit score and I have a good credit score and I have a good credit score and I have a good credit score and I have a good credit score and I have a good credit score and I have a good credit score and I have a good credit score and I have a good credit score and I have a good credit score and I have a good credit score and I have a good credit score
PPLM-Bow_13_Science/Technology,PPLM-Bow_13,Technology Emphasised are,Science/Technology,"Emphasised are the words ""support"" and ""support"". 
 
 &gt;Me: I don't know what you mean by ""support"". 
 
 &gt;Customer: I mean the support you provide to the customer. 
 
 &gt;Me: I don't know what you mean by ""support"". 
 
 &gt;Customer: I mean the support you provide to the customer. 
 
 &gt;Me: I don't know what you mean by ""support"". 
 
 &gt;Customer: I mean the support you provide to the customer. 
 
 &gt;Me: I don't know what you mean by ""support"". 
 
 &gt;Customer: I mean the support you provide to the customer. 
 
 &gt;Me: I don't know what you mean by ""support"". 
 
 &gt;Customer: I mean the support you provide to the customer. 
 
 &gt;Me: I don't know what you mean by ""support"". 
 
 &gt;Customer: I mean the support you provide to the customer. 
 
 &gt;Me: I don't know what you mean by ""support"". 
 
 &gt;Customer: I mean the support you provide to the customer. 
 
 &gt;Me: I don't"
PPLM-Bow_14_Sports,PPLM-Bow_14,Fitness To summarise,Sports,"To summarise my question to you all: 
 
 * What is the best way to get a good workout in a short amount of time? 
 * What is the best way to get a good workout in a short amount of time? 
 * What is the best way to get a good workout in a short amount of time? 
 * What is the best way to get a good workout in a short amount of time? 
 * What is the best way to get a good workout in a short amount of time? 
 * What is the best way to get a good workout in a short amount of time? 
 * What is the best way to get a good workout in a short amount of time? 
 * What is the best way to get a good workout in a short amount of time? 
 * What is the best way to get a good workout in a short amount of time? 
 * What is the best way to get a good workout in a short amount of time? 
 * What is the best way to get a good workout in a short amount of time? 
 * What is the best way to get a good workout in a short amount of time? 
 * What is the best way to get a good workout in a short amount of time? 
 * What is the best way to get a good workout in a short amount"
PPLM-Bow_14_Business,PPLM-Bow_14,Finance To summarise,Business,"To summarise my situation: 
 
 * I have a job that pays me about $18,000 a year 
 * I have a car that I pay for myself 
 * I have a house that I pay for myself 
 * I have a car that I pay for myself 
 * I have a house that I pay for myself 
 * I have a car that I pay for myself 
 * I have a house that I pay for myself 
 * I have a car that I pay for myself 
 * I have a house that I pay for myself 
 * I have a car that I pay for myself 
 * I have a house that I pay for myself 
 * I have a car that I pay for myself 
 * I have a house that I pay for myself 
 * I have a car that I pay for myself 
 * I have a house that I pay for myself 
 * I have a car that I pay for myself 
 * I have a house that I pay for myself 
 * I have a car that I pay for myself 
 * I have a house that I pay for myself 
 * I have a car that I pay for myself 
 * I have a house that I pay for myself 
 * I have a car that I pay for myself 
 * I have a house that I"
PPLM-Bow_14_Science/Technology,PPLM-Bow_14,Computing To summarise,Science/Technology,"To summarise the build so far: 
 
 * Intel i5-2500k 
 * MSI Z87-G45 Gaming ATX LGA1150 Motherboard 
 * Corsair Vengeance 8GB (2x4GB) DDR3 1600 MHz (PC3 12800) 
 * Corsair Vengeance 8GB (2x4GB) DDR3 1600 MHz (PC3 12800) 
 * Corsair Vengeance 8GB (2x4GB) DDR3 1600 MHz (PC3 12800) 
 * Corsair Vengeance 8GB (2x4GB) DDR3 1600 MHz (PC3 12800) 
 * Corsair Vengeance 8GB (2x4GB) DDR3 1600 MHz (PC3 12800) 
 * Corsair Vengeance 8GB (2x4GB) DDR3 1600 MHz (PC3 12800) 
 * Corsair Vengeance 8GB (2x4GB) DDR3 1600 MHz (PC3 12800) 
 * Corsair Vengeance 8GB (2x4GB) DDR3 1600 MHz (PC3 12800) 
 * Corsair Vengeance 8GB (2x4GB) DDR3 1600 MHz (PC3 12800) 
 * Corsair Vengeance 8GB (2x4GB) DDR3 1600 MHz (PC3 12800) 
 * Corsair Vengeance 8GB (2x4GB) DDR3 1600 MHz (PC3 12800) 
 * Corsair Vengeance 8GB (2@@"
PPLM-Bow_15_Sports,PPLM-Bow_15,Fitness The relationship,Sports,"The relationship between the two is a bit of a mystery, but it seems to be a bit of a ""fitness"" thing. 
 
 I have a friend who is a personal trainer and he told me that the best way to lose weight is to eat a lot of protein and carbs and then burn the fat for energy. 
 
 I have been doing this for a while and I have lost a lot of weight but I have been eating a lot of carbs and protein and I have been losing weight but I have been eating a lot of fat and I have been losing weight but I have been eating a lot of fat and I have been losing weight but I have been eating a lot of fat and I have been losing weight but I have been eating a lot of fat and I have been losing weight but I have been eating a lot of fat and I have been losing weight but I have been eating a lot of fat and I have been losing weight but I have been eating a lot of fat and I have been losing weight but I have been eating a lot of fat and I have been losing weight but I have been eating a lot of fat and I have been losing weight but I have been eating a lot of fat and I have been losing weight but I have been eating a lot of fat"
PPLM-Bow_15_Business,PPLM-Bow_15,Legal The relationship,Business,"The relationship is not legal and I am not sure what to do about it. 
 Score: 6 
 
 Title: [TX] My boss is threatening to fire me for not showing up for work on time. 
 Text: I work at a small business in Texas. I work in the front office and am responsible for the day-to-day operations of the business. I am also the only employee that is not a manager. 
 
 I have been working here for about a year and a half. I have been working with the same people for about a year and a half. 
 
 I have been working with the same people for about a year and a half. 
 
 I have been working with the same people for about a year and a half. 
 
 I have been working with the same people for about a year and a half. 
 
 I have been working with the same people for about a year and a half. 
 
 I have been working with the same people for about a year and a half. 
 
 I have been working with the same people for about a year and a half. 
 
 I have been working with the same people for about a year and a half. 
 
 I have been working with the same people for about a year and a half. 
 
 I have been working with the same people for about a year and"
PPLM-Bow_15_Science/Technology,PPLM-Bow_15,Technology The relationship,Science/Technology,"The relationship between the two of us was strained at best. 
 
 I was a bit of a loner, and I was a bit of a loner in the office. I was a bit of a loner in the office. I was a bit of a loner in the office. I was a bit of a loner in the office. I was a bit of a loner in the office. I was a bit of a loner in the office. I was a bit of a loner in the office. I was a bit of a loner in the office. I was a bit of a loner in the office. I was a bit of a loner in the office. I was a bit of a loner in the office. I was a bit of a loner in the office. I was a bit of a loner in the office. I was a bit of a loner in the office. I was a bit of a loner in the office. I was a bit of a loner in the office. I was a bit of a loner in the office. I was a bit of a loner in the office. I was a bit of a loner in the office. I was a bit of a loner in the office. I was a bit of a loner in the office. I was a bit of"
PPLM-Bow_16_Sports,PPLM-Bow_16,"Fitness More importantly,",Sports,"More importantly, I want to be able to do this for the rest of my life. 
 
 I have a few questions for you guys. 
 
 1. What are your goals for the next year? 
 2. What are your goals for the next year? 
 3. What are your goals for the next year? 
 4. What are your goals for the next year? 
 5. What are your goals for the next year? 
 
 I am looking for some feedback on my goals and how I can improve them. 
 
 Thanks in advance! 
 Score: 6 
 
 Title: I have a question about the bench press 
 Text: I have been lifting for about a year now and I have been doing the bench press for about a month now. I have been doing it with a barbell and I have been doing it with a dumbbell for a while now. I have been doing it with a barbell for about a month now and I have been doing it with a dumbbell for a while now. I have been doing it with a barbell for about a month now and I have been doing it with a dumbbell for a while now. I have been doing it with a barbell for about a month now and I have been doing it with a dumbbell for a while now. I have been doing it with a barbell for"
PPLM-Bow_16_Business,PPLM-Bow_16,"Finance More importantly,",Business,"More importantly, I have a lot of debt and I have no idea how to pay it off. I have a credit card with a $5000 limit and I have a car loan with a $5000 limit. I have no idea how to pay off my credit card and I have no idea how to pay off my car loan. I have no idea how to pay off my student loans and I have no idea how to pay off my car loan. I have no idea how to pay off my credit card and I have no idea how to pay off my student loans. I have no idea how to pay off my credit card and I have no idea how to pay off my credit card and I have no idea how to pay off my car loan. I have no idea how to pay off my credit card and I have no idea how to pay off my credit card and I have no idea how to pay off my car loan. I have no idea how to pay off my credit card and I have no idea how to pay off my credit card and I have no idea how to pay off my car loan. I have no idea how to pay off my credit card and I have no idea how to pay off my credit card and I have no idea how to pay off my car loan. I have no idea how to pay off my credit"
PPLM-Bow_16_Science/Technology,PPLM-Bow_16,"Computing More importantly,",Science/Technology,"More importantly, I have a friend who is a computer technician and he said that the motherboard is not compatible with the i7 4770k and the processor is not compatible with the i7 4770k. 
 
 I have a friend who is a computer technician and he said that the motherboard is not compatible with the i7 4770k and the processor is not compatible with the i7 4770k. 
 
 I have a friend who is a computer technician and he said that the motherboard is not compatible with the i7 4770k and the processor is not compatible with the i7 4770k. 
 
 I have a friend who is a computer technician and he said that the motherboard is not compatible with the i7 4770k and the processor is not compatible with the i7 4770k. 
 
 I have a friend who is a computer technician and he said that the motherboard is not compatible with the i7 4770k and the processor is not compatible with the i7 4770k. 
 
 I have a friend who is a computer technician and he said that the motherboard is not compatible with the i7 4770k and the processor is not compatible with the i7 4770k. 
 
 I have a friend who is a computer technician and he said that the motherboard is"
PPLM-Bow_17_Sports,PPLM-Bow_17,Fitness It has been shown,Sports,"It has been shown that the more you do it, the more you will get out of it. 
 
 I have been doing this for about a month now and I have lost about 10 pounds. I have been doing it for about a month and a half and I have lost about 10 pounds. I have been doing it for about a month and a half and I have lost about 10 pounds. I have been doing it for about a month and a half and I have lost about 10 pounds. I have been doing it for about a month and a half and I have lost about 10 pounds. I have been doing it for about a month and a half and I have lost about 10 pounds. I have been doing it for about a month and a half and I have lost about 10 pounds. I have been doing it for about a month and a half and I have lost about 10 pounds. I have been doing it for about a month and a half and I have lost about 10 pounds. I have been doing it for about a month and a half and I have lost about 10 pounds. I have been doing it for about a month and a half and I have lost about 10 pounds. I have been doing it for about a month and a half and I have lost about 10 pounds. I have been doing it for about a month and a half and I"
PPLM-Bow_17_Business,PPLM-Bow_17,Legal It has been shown,Business,"It has been shown that the company is not in the best financial shape and is in danger of going out of business if they don't get a new lease on the building. 
 
 I have been trying to get a new lease for the building for the past two years and have been told by the company that they are not in the best financial shape and that they are not going to be able to get a new lease on the building. 
 
 I have been told that I have to pay the company for the rent that I have already paid and that I have to pay the company for the rent that I have not paid and that I have to pay the company for the rent that I have not paid and that I have to pay the company for the rent that I have not paid and that I have to pay the company for the rent that I have not paid and that I have to pay the company for the rent that I have not paid and that I have to pay the company for the rent that I have not paid and that I have to pay the company for the rent that I have not paid and that I have to pay the company for the rent that I have not paid and that I have to pay the company for the rent that I have not paid and that I have to pay the company for the"
PPLM-Bow_17_Science/Technology,PPLM-Bow_17,Science It has been shown,Science/Technology,"It has been shown that the brain is a very good at processing information and that the brain is very good at processing information in a way that is not dependent on the environment. This is why we can learn to do things like play a musical instrument, or read a book, or even drive a car. The brain is very good at processing information in a way that is not dependent on the environment. 
 Comment: The brain is a very good at processing information in a way that is not dependent on the environment. This is why we can learn to do things like play a musical instrument, or read a book, or even drive a car. The brain is very good at processing information in a way that is not dependent on the environment. 
 Title: Why do we have a sense of smell? 
 Text: I'm not sure if this is the right subreddit for this question, but I'm curious. I'm a science major and I'm always curious about the science behind it. I'm not sure if this is a good place to ask this question, but I'm curious. 
 Comment: I'm not sure if this is the right subreddit for this question, but I'm curious. I'm a science major and I'm always curious about the science behind it. I"
PPLM-Bow_18_Sports,PPLM-Bow_18,Fitness The issue focused on,Sports,"The issue focused on the fact that I was not able to get a good grip on the bar and I was unable to keep my back straight. I was able to get a good grip on the bar and I was able to keep my back straight, but I was unable to keep my back straight. I was able to get a good grip on the bar and I was able to keep my back straight, but I was unable to keep my back straight. 
 
 I was able to get a good grip on the bar and I was able to keep my back straight, but I was unable to keep my back straight. 
 
 I was able to get a good grip on the bar and I was able to keep my back straight, but I was unable to keep my back straight. 
 
 I was able to get a good grip on the bar and I was able to keep my back straight, but I was unable to keep my back straight. 
 
 I was able to get a good grip on the bar and I was able to keep my back straight, but I was unable to keep my back straight. 
 
 I was able to get a good grip on the bar and I was able to keep my back straight, but I was unable to keep my back straight. 
 
 I was able to get a good grip on the bar and I was able to keep"
PPLM-Bow_18_Business,PPLM-Bow_18,Finance The issue focused on,Business,"The issue focused on the fact that I was not able to get a loan from a bank that would allow me to pay off the loan in full in a timely manner. I was able to get a loan from a credit union that would allow me to pay off the loan in full in a timely manner. 
 
 I have been working for the last year and a half and have been able to pay off the loan in full in a timely manner. I have been paying off the loan in full every month and have been able to pay off the loan in full in a timely manner. 
 
 I have been working for the last year and a half and have been able to pay off the loan in full in a timely manner. 
 
 I have been working for the last year and a half and have been able to pay off the loan in full in a timely manner. 
 
 I have been working for the last year and a half and have been able to pay off the loan in full in a timely manner. 
 
 I have been working for the last year and a half and have been able to pay off the loan in full in a timely manner. 
 
 I have been working for the last year and a half and have been able to pay off the loan in full in a timely manner. 
 
 I have been working for"
PPLM-Bow_18_Science/Technology,PPLM-Bow_18,Computing The issue focused on,Science/Technology,"The issue focused on the fact that the computer would not boot up after the BIOS was installed. I tried everything I could think of to fix the issue, but nothing worked. I tried to boot into safe mode and then into the BIOS, but nothing worked. I tried to boot into safe mode and then into the BIOS, but nothing worked. I tried to boot into safe mode and then into the BIOS, but nothing worked. I tried to boot into safe mode and then into the BIOS, but nothing worked. I tried to boot into safe mode and then into the BIOS, but nothing worked. I tried to boot into safe mode and then into the BIOS, but nothing worked. I tried to boot into safe mode and then into the BIOS, but nothing worked. I tried to boot into safe mode and then into the BIOS, but nothing worked. I tried to boot into safe mode and then into the BIOS, but nothing worked. I tried to boot into safe mode and then into the BIOS, but nothing worked. I tried to boot into safe mode and then into the BIOS, but nothing worked. I tried to boot into safe mode and then into the BIOS, but nothing worked. I tried to boot into safe mode and then into the BIOS, but nothing worked. I tried to boot into safe mode and then into the BIOS, but nothing worked. I tried to boot"
PPLM-Bow_19_Sports,PPLM-Bow_19,Fitness In this essay,Sports,In this essay I will be discussing the benefits of a low carb diet and how to get started.
PPLM-Bow_19_Business,PPLM-Bow_19,Legal In this essay,Business,"In this essay I will be using the term ""racist"" to describe the actions of the police officer who arrested me. 
 
 I was walking down the street in a black neighborhood in a city with a large black population. I was stopped by a police officer who was driving a police car. He asked me for my driver's license and registration. I told him I was not carrying any and that I was not a criminal. He then asked me to step out of the car and he searched me. He then asked me to step out of the car and he searched me again. He then asked me to step out of the car and he searched me again. He then asked me to step out of the car and he searched me again. He then asked me to step out of the car and he searched me again. He then asked me to step out of the car and he searched me again. He then asked me to step out of the car and he searched me again. He then asked me to step out of the car and he searched me again. He then asked me to step out of the car and he searched me again. He then asked me to step out of the car and he searched me again. He then asked me to step out of the car and he searched me again. He then asked me to step out of the car and he searched me again."
PPLM-Bow_19_Science/Technology,PPLM-Bow_19,Technology In this essay,Science/Technology,"In this essay I will be discussing the various ways that the internet has changed the way we interact with each other. 
 
 I will be using the internet to talk about the internet and how it has changed the way we interact with each other. 
 
 I will be using the internet to talk about the internet and how it has changed the way we interact with each other. 
 
 I will be using the internet to talk about the internet and how it has changed the way we interact with each other. 
 
 I will be using the internet to talk about the internet and how it has changed the way we interact with each other. 
 
 I will be using the internet to talk about the internet and how it has changed the way we interact with each other. 
 
 I will be using the internet to talk about the internet and how it has changed the way we interact with each other. 
 
 I will be using the internet to talk about the internet and how it has changed the way we interact with each other. 
 
 I will be using the internet to talk about the internet and how it has changed the way we interact with each other. 
 
 I will be using the internet to talk about the internet and how it has changed the way we interact with each other. 
 
 I will be using the internet to talk about the"
PPLM-Discrim_0_Sports,PPLM-Discrim_0,Fitness Once upon a time,Sports,Once upon a time I was a very active person. I was a competitive swimmer and I played soccer and ran track and field for a few years. I was also a very active person in my early 20's and I was very active in my 30's. I was a very active person in my 40's and I was very active in my 50's. I was very active in my 60's and I was very active in my 70's. I was very active in my 80's and I was very active in my 90's. I was very active in my 100's and I was very active in my 200's. I was very active in my 300's and I was very active in my 400's. I was very active in my 400's and I was very active in my 500's. I was very active in my 600's and I was very active in my 700's. I was very active in my 800's and I was very active in my 900's. I was very active in my 1000's and I was very active in my 1200's. I was very active in my 1300's and I was very active in my 1400's. I was very active in my 1500's and I was very active in my 1600's. I was very active in my 1700's and I was very active in my 1800's. I was very active in my 1900@@
PPLM-Discrim_0_Business,PPLM-Discrim_0,Legal Once upon a time,Business,Once upon a time I was a very good student. I was a straight A student in high school. I was a very good student. I was a very good student. I was a very good student. I was a very good student. I was a very good student. I was a very good student. I was a very good student. I was a very good student. I was a very good student. I was a very good student. I was a very good student. I was a very good student. I was a very good student. I was a very good student. I was a very good student. I was a very good student. I was a very good student. I was a very good student. I was a very good student. I was a very good student. I was a very good student. I was a very good student. I was a very good student. I was a very good student. I was a very good student. I was a very good student. I was a very good student. I was a very good student. I was a very good student. I was a very good student. I was a very good student. I was a very good student. I was a very good student. I was a very good student. I was a very good student. I was a very good student. I was a very good student. I was a very good student. I was a very good student. I was a very good student. I
PPLM-Discrim_0_Science/Technology,PPLM-Discrim_0,Technology Once upon a time,Science/Technology,Once upon a time I was a software engineer for a major company. I was a very good programmer and I was very good at my job. I was also very good at my job. I was also very good at my job. I was also very good at my job. I was also very good at my job. I was also very good at my job. I was also very good at my job. I was also very good at my job. I was also very good at my job. I was also very good at my job. I was also very good at my job. I was also very good at my job. I was also very good at my job. I was also very good at my job. I was also very good at my job. I was also very good at my job. I was also very good at my job. I was also very good at my job. I was also very good at my job. I was also very good at my job. I was also very good at my job. I was also very good at my job. I was also very good at my job. I was also very good at my job. I was also very good at my job. I was also very good at my job. I was also very good at my job. I was also very good at my job. I was also very good at my job. I was also very good at my job. I
PPLM-Discrim_1_Sports,PPLM-Discrim_1,Fitness The book,Sports,The book is a great read and I highly recommend it.
PPLM-Discrim_1_Business,PPLM-Discrim_1,Legal The book,Business,"The book is in the public domain and is available for free on the internet. 
 
 I have a few questions about the legality of this and if I should be concerned about it. 
 
 1. Is it legal to sell a book that is in the public domain and available for free on the internet? 
 
 2. Is it legal to sell a book that is in the public domain and available for free on the internet? 
 
 3. Is it legal to sell a book that is in the public domain and available for free on the internet? 
 
 4. Is it legal to sell a book that is in the public domain and available for free on the internet? 
 
 5. Is it legal to sell a book that is in the public domain and available for free on the internet? 
 
 6. Is it legal to sell a book that is in the public domain and available for free on the internet? 
 
 7. Is it legal to sell a book that is in the public domain and available for free on the internet? 
 
 8. Is it legal to sell a book that is in the public domain and available for free on the internet? 
 
 9. Is it legal to sell a book that is in the public domain and available for free on the internet? 
 
 10. Is it legal to"
PPLM-Discrim_1_Science/Technology,PPLM-Discrim_1,Science The book,Science/Technology,"The book is called The Science of the Future and it is a collection of essays by some of the world's leading futurists and futurists. 
 Score: 6 
 
 Title: The first ever image of a black hole 
 Score: 6 
 
 Title: The first ever image of a black hole 
 Score: 6 
 
 Title: The first ever image of a black hole 
 Score: 6 
 
 Title: The first ever image of a black hole 
 Score: 6 
 
 Title: The first ever image of a black hole 
 Score: 6 
 
 Title: The first ever image of a black hole 
 Score: 6 
 
 Title: The first ever image of a black hole 
 Score: 6 
 
 Title: The first ever image of a black hole 
 Score: 6 
 
 Title: The first ever image of a black hole 
 Score: 6 
 
 Title: The first ever image of a black hole 
 Score: 6 
 
 Title: The first ever image of a black hole 
 Score: 6 
 
 Title: The first ever image of a black hole 
 Score: 6 
 
 Title: The first ever image of a black hole 
 Score: 6 
 
 Title: The first ever image of a black hole 
 Score: 6 
 
 Title: The first ever image of a black hole 
 Score: 6"
PPLM-Discrim_2_Sports,PPLM-Discrim_2,Fitness The chicken,Sports,"The chicken is a little bit of a pain to get out of the pan, but I think that's just because I have a small pan. 
 
 I also made the chicken with a little bit of olive oil and a little bit of garlic and it was delicious. 
 
 I also made the chicken with a little bit of olive oil and a little bit of garlic and it was delicious. 
 
 I also made the chicken with a little bit of olive oil and a little bit of garlic and it was delicious. 
 
 I also made the chicken with a little bit of olive oil and a little bit of garlic and it was delicious. 
 
 I also made the chicken with a little bit of olive oil and a little bit of garlic and it was delicious. 
 
 I also made the chicken with a little bit of olive oil and a little bit of garlic and it was delicious. 
 
 I also made the chicken with a little bit of olive oil and a little bit of garlic and it was delicious. 
 
 I also made the chicken with a little bit of olive oil and a little bit of garlic and it was delicious. 
 
 I also made the chicken with a little bit of olive oil and a little bit of garlic and it was delicious. 
 
 I also made the chicken with a little bit of olive oil and a"
PPLM-Discrim_2_Business,PPLM-Discrim_2,Finance The chicken,Business,"The chicken is a little more expensive than the beef, but I think it's worth it to get the chicken and save some money. 
 
 I also have a few other questions about the chicken and the beef. 
 
 1. What is the best way to cook the chicken and the beef? 
 2. What is the best way to cook the chicken and the beef? 
 3. What is the best way to cook the chicken and the beef? 
 4. What is the best way to cook the chicken and the beef? 
 5. What is the best way to cook the chicken and the beef? 
 
 Thanks for any help you can give me. 
 Score: 6 
 
 Title: How to get a credit card with a low APR? 
 Text: I have a credit card with a low APR of about 3% and I want to get a credit card with a higher APR. I have a credit score of 720. I have a good credit history and I have never had a late payment. I have a good credit score and I have never had a late payment. I have a good credit history and I have never had a late payment. I have a good credit history and I have never had a late payment. I have a good credit history and I have never had a late payment. I have a good credit history and"
PPLM-Discrim_2_Science/Technology,PPLM-Discrim_2,Technology The chicken,Science/Technology,"The chicken is still in the fridge. 
 
 &gt;Me: I don't think so. 
 
 &gt;$Me: I don't think so. 
 
 &gt;$Me: I don't think so. 
 
 &gt;$Me: I don't think so. 
 
 &gt;$Me: I don't think so. 
 
 &gt;$Me: I don't think so. 
 
 &gt;$Me: I don't think so. 
 
 &gt;$Me: I don't think so. 
 
 &gt;$Me: I don't think so. 
 
 &gt;$Me: I don't think so. 
 
 &gt;$Me: I don't think so. 
 
 &gt;$Me: I don't think so. 
 
 &gt;$Me: I don't think so. 
 
 &gt;$Me: I don't think so. 
 
 &gt;$Me: I don't think so. 
 
 &gt;$Me: I don't think so. 
 
 &gt;$Me: I don't think so. 
 
 &gt;$Me: I don't think so. 
 
 &gt;$Me: I don't think so. 
 
 &gt;$Me: I don't think so. 
 
 &gt;$Me: I don't think"
PPLM-Discrim_3_Sports,PPLM-Discrim_3,Fitness The city,Sports,The city I live in has a lot of bike lanes and I have been biking to work for the past few years and I have been getting a lot of compliments on my bike and how it looks cool. I have been using a bike lock to lock my bike to a pole in the bike lane and I have been using a cable lock to lock my bike to a post in the bike lane. I have been using a cable lock to lock my bike to a post in the bike lane and I have been using a cable lock to lock my bike to a pole in the bike lane. I have been using a cable lock to lock my bike to a pole in the bike lane and I have been using a cable lock to lock my bike to a post in the bike lane. I have been using a cable lock to lock my bike to a pole in the bike lane and I have been using a cable lock to lock my bike to a pole in the bike lane. I have been using a cable lock to lock my bike to a pole in the bike lane and I have been using a cable lock to lock my bike to a pole in the bike lane. I have been using a cable lock to lock my bike to a pole in the bike lane and I have been using a cable lock to lock my bike to a pole
PPLM-Discrim_3_Business,PPLM-Discrim_3,Finance The city,Business,The city I live in is a very small city and the only way to get to the bank is to take a bus or walk a few blocks. I have a car but I don't drive it very often. I have a credit card with a limit of $5000 and I pay it off every month. I have a car that I drive to work and I drive it to the bank every day. I have a car that I drive to the bank every day. I have a car that I drive to the bank every day. I have a car that I drive to the bank every day. I have a car that I drive to the bank every day. I have a car that I drive to the bank every day. I have a car that I drive to the bank every day. I have a car that I drive to the bank every day. I have a car that I drive to the bank every day. I have a car that I drive to the bank every day. I have a car that I drive to the bank every day. I have a car that I drive to the bank every day. I have a car that I drive to the bank every day. I have a car that I drive to the bank every day. I have a car that I drive to the bank every day. I have a car that I drive to the bank every day. I have
PPLM-Discrim_3_Science/Technology,PPLM-Discrim_3,Computing The city,Science/Technology,"The city I live in is a bit of a clusterfuck and I don't have a lot of money to spend on a new computer. I was thinking of getting a used one from a friend or a friend of a friend but I don't know if I should go that route. 
 
 I have a friend who is a computer tech and he said that I should get a new one from him but I don't know if I should go that route. 
 
 I have a friend who is a computer tech and he said that I should get a new one from him but I don't know if I should go that route. 
 
 I have a friend who is a computer tech and he said that I should get a new one from him but I don't know if I should go that route. 
 
 I have a friend who is a computer tech and he said that I should get a new one from him but I don't know if I should go that route. 
 
 I have a friend who is a computer tech and he said that I should get a new one from him but I don't know if I should go that route. 
 
 I have a friend who is a computer tech and he said that I should get a new one from him but I don't know if I should go that route. 
 
 I have a friend"
PPLM-Discrim_4_Sports,PPLM-Discrim_4,Fitness The country,Sports,The country I live in has a lot of hills and I have a lot of trouble with my knees and ankles and I have a lot of trouble with my back and my back hurts a lot. I have been doing a lot of walking and I have been doing a lot of weight lifting and I have been doing a lot of cardio and I have been doing a lot of weight lifting and I have been doing a lot of cardio and I have been doing a lot of weight lifting and I have been doing a lot of cardio and I have been doing a lot of weight lifting and I have been doing a lot of weight lifting and I have been doing a lot of cardio and I have been doing a lot of weight lifting and I have been doing a lot of weight lifting and I have been doing a lot of weight lifting and I have been doing a lot of weight lifting and I have been doing a lot of weight lifting and I have been doing a lot of weight lifting and I have been doing a lot of weight lifting and I have been doing a lot of weight lifting and I have been doing a lot of weight lifting and I have been doing a lot of weight lifting and I have been doing a lot of weight lifting and I have been doing a lot of weight lifting and I
PPLM-Discrim_4_Business,PPLM-Discrim_4,Finance The country,Business,The country I live in is a bit of a mess right now and I don't know what to do. I have a job but I don't know what to do with my money. I have a car but I don't know what to do with it. I have a house but I don't know what to do with it. I have a car but I don't know what to do with it. I have a house but I don't know what to do with it. I have a car but I don't know what to do with it. I have a house but I don't know what to do with it. I have a car but I don't know what to do with it. I have a house but I don't know what to do with it. I have a car but I don't know what to do with it. I have a house but I don't know what to do with it. I have a car but I don't know what to do with it. I have a house but I don't know what to do with it. I have a car but I don't know what to do with it. I have a house but I don't know what to do with it. I have a car but I don't know what to do with it. I have a house but I don't know what to do with it. I have a car but I don't know what to do with it. I have a
PPLM-Discrim_4_Science/Technology,PPLM-Discrim_4,Science The country,Science/Technology,"The country that invented the internet is now the world's most powerful nation 
 Score: 6 
 
 Title: The first ever image of a black hole 
 Score: 6 
 
 Title: The first ever image of a black hole 
 Score: 6 
 
 Title: The first ever image of a black hole 
 Score: 6 
 
 Title: The first ever image of a black hole 
 Score: 6 
 
 Title: The first ever image of a black hole 
 Score: 6 
 
 Title: The first ever image of a black hole 
 Score: 6 
 
 Title: The first ever image of a black hole 
 Score: 6 
 
 Title: The first ever image of a black hole 
 Score: 6 
 
 Title: The first ever image of a black hole 
 Score: 6 
 
 Title: The first ever image of a black hole 
 Score: 6 
 
 Title: The first ever image of a black hole 
 Score: 6 
 
 Title: The first ever image of a black hole 
 Score: 6 
 
 Title: The first ever image of a black hole 
 Score: 6 
 
 Title: The first ever image of a black hole 
 Score: 6 
 
 Title: The first ever image of a black hole 
 Score: 6 
 
 Title: The first ever image of a black hole 
 Score: 6"
PPLM-Discrim_5_Sports,PPLM-Discrim_5,Fitness The horse,Sports,"The horse is a bit of a pain in the ass to get on and off but I think it's worth it. 
 
 I have a few questions for you guys and gals who have been doing this for a while. 
 
 1. What are your favorite foods to eat on the road? 
 2. What are your favorite foods to eat at home? 
 3. What are your favorite foods to eat at work? 
 4. What are your favorite foods to eat at home? 
 5. What are your favorite foods to eat at work? 
 
 Thanks for any help you can give me. 
 Score: 6 
 
 Title: I have a question about the bench press 
 Text: I have been lifting for about a year now and I have been doing the bench press for about a month now. I have been doing it with a barbell and I have been doing it with a dumbbell for a while now. I have been doing it with a barbell for about a month now and I have been doing it with a dumbbell for a while now. I have been doing it with a barbell for about a month now and I have been doing it with a dumbbell for a while now. I have been doing it with a barbell for about a month now and I have been doing it with a dumbbell for a while now. I"
PPLM-Discrim_5_Business,PPLM-Discrim_5,Legal The horse,Business,"The horse is a registered sex offender, and the owner is a convicted felon who has been in and out of prison for a number of years. 
 
 I have a few questions about the legality of the situation. 
 
 1. Is it legal for the owner to have a horse that is registered as a sex offender and has been in and out of prison for a number of years? 
 
 2. Is it legal for the owner to have a horse that is registered as a sex offender and has been in and out of prison for a number of years? 
 
 3. Is it legal for the owner to have a horse that is registered as a sex offender and has been in and out of prison for a number of years? 
 
 4. Is it legal for the owner to have a horse that is registered as a sex offender and has been in and out of prison for a number of years? 
 
 5. Is it legal for the owner to have a horse that is registered as a sex offender and has been in and out of prison for a number of years? 
 
 6. Is it legal for the owner to have a horse that is registered as a sex offender and has been in and out of prison for a number of years? 
 
 7. Is it legal for the owner to have a horse that is registered as a sex offender"
PPLM-Discrim_5_Science/Technology,PPLM-Discrim_5,Technology The horse,Science/Technology,"The horse is dead, long live the horse... 
 Score: 7 
 
 Title: The most annoying thing about being a tech support rep 
 Text: I work for a company that provides tech support for a large number of small businesses. We have a lot of small businesses that we support and we have a lot of people that we have to deal with. 
 
 One of the most annoying things about being a tech support rep is that you have to deal with people that are just plain rude. 
 
 I have a customer that I have to deal with every day. She is a very nice lady and she is very knowledgeable about her computer. She is very patient and she is very knowledgeable about her computer. She is also very nice and very patient with me. 
 
 She is very knowledgeable about her computer and she is very patient with me. 
 
 She is very patient with me. 
 
 She is very patient with me. 
 
 She is very patient with me. 
 
 She is very patient with me. 
 
 She is very patient with me. 
 
 She is very patient with me. 
 
 She is very patient with me. 
 
 She is very patient with me. 
 
 She is very patient with me. 
 
 She is very patient with me. 
 
 She is very patient with me. 
 
 She is very patient with"
PPLM-Discrim_6_Sports,PPLM-Discrim_6,Fitness The lake,Sports,"The lake is a bit of a joke to me because I don't know how to swim. I have a friend who is a swimmer and she has been to the lake a few times and she said it was a good place to swim but I don't know how to swim. 
 
 I have been trying to get in shape for a while now and I have been doing a lot of cardio and weight training but I have been having a hard time getting into the best shape I can be. I have been doing a lot of cardio and weight training but I have been having a hard time getting into the best shape I can be. 
 
 I have been doing a lot of cardio and weight training but I have been having a hard time getting into the best shape I can be. 
 
 I have been doing a lot of cardio and weight training but I have been having a hard time getting into the best shape I can be. 
 
 I have been doing a lot of cardio and weight training but I have been having a hard time getting into the best shape I can be. 
 
 I have been doing a lot of cardio and weight training but I have been having a hard time getting into the best shape I can be. 
 
 I have been doing a lot of cardio and weight training but"
PPLM-Discrim_6_Business,PPLM-Discrim_6,Finance The lake,Business,"The lake is a bit of a joke for me as I have no idea how to swim and I have no idea how to get to the other side of the lake. 
 
 I have a friend who is a professional swimmer and he has told me that I should just go to the lake and swim there and then go back to the house and get my car and drive back to the city. 
 
 I have no idea how to get to the other side of the lake and I have no idea how to get back to the city. 
 
 I have no idea how to get to the other side of the lake and I have no idea how to get back to the city. 
 
 I have no idea how to get to the other side of the lake and I have no idea how to get back to the city. 
 
 I have no idea how to get to the other side of the lake and I have no idea how to get back to the city. 
 
 I have no idea how to get to the other side of the lake and I have no idea how to get back to the city. 
 
 I have no idea how to get to the other side of the lake and I have no idea how to get back to the city. 
 
 I have no idea how to get to the other side"
PPLM-Discrim_6_Science/Technology,PPLM-Discrim_6,Computing The lake,Science/Technology,"The lake is a bit of a joke but I have a lot of friends who live there and they are all very nice people. 
 
 I have a friend who is a computer programmer and he is going to help me with the build. 
 
 I have a friend who is a computer programmer and he is going to help me with the build. 
 
 I have a friend who is a computer programmer and he is going to help me with the build. 
 
 I have a friend who is a computer programmer and he is going to help me with the build. 
 
 I have a friend who is a computer programmer and he is going to help me with the build. 
 
 I have a friend who is a computer programmer and he is going to help me with the build. 
 
 I have a friend who is a computer programmer and he is going to help me with the build. 
 
 I have a friend who is a computer programmer and he is going to help me with the build. 
 
 I have a friend who is a computer programmer and he is going to help me with the build. 
 
 I have a friend who is a computer programmer and he is going to help me with the build. 
 
 I have a friend who is a computer programmer and he is going to help me with the build."
PPLM-Discrim_7_Sports,PPLM-Discrim_7,Fitness The last time,Sports,"The last time I did this was in the summer of '08 when I was in my first year of college. I was doing a lot of cardio and lifting weights at the time and I was doing it pretty much every day. I was doing it pretty much every day for about a month and a half and I was pretty much doing it every day for about a month and a half. I was doing it every day for about a month and a half. 
 
 I was doing it pretty much every day for about a month and a half. 
 
 I was doing it pretty much every day for about a month and a half. 
 
 I was doing it pretty much every day for about a month and a half. 
 
 I was doing it pretty much every day for about a month and a half. 
 
 I was doing it pretty much every day for about a month and a half. 
 
 I was doing it pretty much every day for about a month and a half. 
 
 I was doing it pretty much every day for about a month and a half. 
 
 I was doing it pretty much every day for about a month and a half. 
 
 I was doing it pretty much every day for about a month and a half. 
 
 I was doing it pretty much every day for about a month and a half."
PPLM-Discrim_7_Business,PPLM-Discrim_7,Legal The last time,Business,The last time I was in the hospital I was told that I was going to be charged with a felony for not having insurance. I was told that I was going to be charged with a felony for not having insurance. I was told that I was going to be charged with a felony for not having insurance. I was told that I was going to be charged with a felony for not having insurance. I was told that I was going to be charged with a felony for not having insurance. I was told that I was going to be charged with a felony for not having insurance. I was told that I was going to be charged with a felony for not having insurance. I was told that I was going to be charged with a felony for not having insurance. I was told that I was going to be charged with a felony for not having insurance. I was told that I was going to be charged with a felony for not having insurance. I was told that I was going to be charged with a felony for not having insurance. I was told that I was going to be charged with a felony for not having insurance. I was told that I was going to be charged with a felony for not having insurance. I was told that I was going to be charged with a felony for not having insurance. I was told that I was going to be charged with a felony
PPLM-Discrim_7_Science/Technology,PPLM-Discrim_7,Computing The last time,Science/Technology,The last time I built a PC was in the early 2000's and I remember the days of the Pentium 4 and the Athlon 64 X2 and the Radeon 9800 Pro and the Radeon 9700 Pro and the Radeon 9700 Pro and the Radeon 9700 Pro and the Radeon 9700 Pro and the Radeon 9700 Pro and the Radeon 9700 Pro and the Radeon 9700 Pro and the Radeon 9700 Pro and the Radeon 9700 Pro and the Radeon 9700 Pro and the Radeon 9700 Pro and the Radeon 9700 Pro and the Radeon 9700 Pro and the Radeon 9700 Pro and the Radeon 9700 Pro and the Radeon 9700 Pro and the Radeon 9700 Pro and the Radeon 9700 Pro and the Radeon 9700 Pro and the Radeon 9700 Pro and the Radeon 9700 Pro and the Radeon 9700 Pro and the Radeon 9700 Pro and the Radeon 9700 Pro and the Radeon 9700 Pro and the Radeon 9700 Pro and the Radeon 9700 Pro and the Radeon 9700 Pro and the Radeon 9700 Pro and the Radeon 9700 Pro and the Radeon 9700 Pro and the Radeon 9700 Pro and the Radeon 9700 Pro and the Radeon 9700 Pro and the Radeon 9700 Pro and the Radeon 9700 Pro and the Radeon 9700 Pro and the Radeon
PPLM-Discrim_8_Sports,PPLM-Discrim_8,Fitness The movie,Sports,"The movie was a bit of a let down for me but I was still able to get a good workout in. 
 
 I was able to do a lot of the moves from the movie and I was able to do a lot of the moves from the first movie as well. 
 
 I was able to do a lot of the moves from the first movie and I was able to do a lot of the moves from the second movie as well. 
 
 I was able to do a lot of the moves from the first movie and I was able to do a lot of the moves from the second movie as well. 
 
 I was able to do a lot of the moves from the first movie and I was able to do a lot of the moves from the second movie as well. 
 
 I was able to do a lot of the moves from the first movie and I was able to do a lot of the moves from the second movie as well. 
 
 I was able to do a lot of the moves from the first movie and I was able to do a lot of the moves from the second movie as well. 
 
 I was able to do a lot of the moves from the first movie and I was able to do a lot of the moves from the second movie as well. 
 
 I was able to"
PPLM-Discrim_8_Business,PPLM-Discrim_8,Finance The movie,Business,"The movie is a bit of a stretch, but I think it is a good example of how the government can be a good thing for the economy. 
 
 I am not sure if this is the right subreddit to post this in, but I thought it would be a good place to ask for some advice. 
 
 I am a college student who is currently working on a masters in public policy. I am currently working on a project that is focused on the role of the government in the economy. I am currently working on a paper that is focused on the role of the government in the economy. I am currently working on a project that is focused on the role of the government in the economy. 
 
 I am currently working on a project that is focused on the role of the government in the economy. I am currently working on a paper that is focused on the role of the government in the economy. 
 
 I am currently working on a project that is focused on the role of the government in the economy. I am currently working on a paper that is focused on the role of the government in the economy. 
 
 I am currently working on a project that is focused on the role of the government in the economy. I am currently working on a paper that is focused on the role of the government in the economy. 
 
 I am"
PPLM-Discrim_8_Science/Technology,PPLM-Discrim_8,Science The movie,Science/Technology,"The movie is a bit of a downer, but it does a good job of showing how the government is trying to control the internet. 
 Score: 6 
 
 Title: The first ever image of a black hole 
 Score: 6 
 
 Title: The first ever image of a black hole 
 Score: 6 
 
 Title: The first ever image of a black hole 
 Score: 6 
 
 Title: The first ever image of a black hole 
 Score: 6 
 
 Title: The first ever image of a black hole 
 Score: 6 
 
 Title: The first ever image of a black hole 
 Score: 6 
 
 Title: The first ever image of a black hole 
 Score: 6 
 
 Title: The first ever image of a black hole 
 Score: 6 
 
 Title: The first ever image of a black hole 
 Score: 6 
 
 Title: The first ever image of a black hole 
 Score: 6 
 
 Title: The first ever image of a black hole 
 Score: 6 
 
 Title: The first ever image of a black hole 
 Score: 6 
 
 Title: The first ever image of a black hole 
 Score: 6 
 
 Title: The first ever image of a black hole 
 Score: 6 
 
 Title: The first ever image of a black hole 
 Score: 6 
 
 Title:"
PPLM-Discrim_9_Sports,PPLM-Discrim_9,Fitness The painting,Sports,"The painting is a bit of a joke but I think it is a good representation of the kind of person I am. 
 
 I have been doing this for about a year now and I have lost about 30 pounds. I have been doing it with a lot of help from my friends and family. I have been doing it with a lot of help from my wife and my best friend who is a personal trainer and has been helping me with my diet. 
 
 I have been doing it with a lot of help from my wife and my best friend who is a personal trainer and has been helping me with my diet. 
 
 I have been doing it with a lot of help from my wife and my best friend who is a personal trainer and has been helping me with my diet. 
 
 I have been doing it with a lot of help from my wife and my best friend who is a personal trainer and has been helping me with my diet. 
 
 I have been doing it with a lot of help from my wife and my best friend who is a personal trainer and has been helping me with my diet. 
 
 I have been doing it with a lot of help from my wife and my best friend who is a personal trainer and has been helping me with my diet. 
 
 I have been doing it with a lot of"
PPLM-Discrim_9_Business,PPLM-Discrim_9,Finance The painting,Business,"The painting is a gift from my parents and I have no idea how to go about getting it framed. 
 
 I have a few questions about the painting and how to go about getting it framed. 
 
 1. Is there a way to get a frame that is not too expensive? 
 2. Is there a way to get a frame that is not too expensive? 
 3. Is there a way to get a frame that is not too expensive? 
 4. Is there a way to get a frame that is not too expensive? 
 5. Is there a way to get a frame that is not too expensive? 
 
 Thanks in advance for any help you can give me. 
 Score: 6 
 
 Flair: Debt 
 Title: I have a lot of student loan debt and I need to pay it off ASAP. 
 Text: I have a lot of student loan debt and I need to pay it off ASAP. I have a job that pays well and I have a lot of savings that I want to put into a savings account and pay off the debt ASAP. I have a lot of student loan debt and I need to pay it off ASAP. I have a lot of savings that I want to put into a savings account and pay off the debt ASAP. I have a lot of student loan debt"
PPLM-Discrim_9_Science/Technology,PPLM-Discrim_9,Computing The painting,Science/Technology,"The painting is a little blurry but I think I can get it to look better with some more work. 
 
 [Here's the picture](http://imgur.com/a/vvv6#0) 
 
 [Here's the finished product](http://imgur.com/a/vvv6#0) 
 
 [Here's the finished product](http://imgur.com/a/vvv6#0) 
 
 [Here's the finished product](http://imgur.com/a/vvv6#0) 
 
 [Here's the finished product](http://imgur.com/a/vvv6#0) 
 
 [Here's the finished product](http://imgur.com/a/vvv6#0) 
 
 [Here's the finished product](http://imgur.com/a/vvv6#0) 
 
 [Here's the finished product](http://imgur.com/a/vvv6#0) 
 
 [Here's the finished product](http://imgur.com/a/vvv6#0) 
 
 [Here's the finished product](http://imgur.com/a/vvv6#0) 
 
 [Here's the finished product](http://imgur.com/a/vvv6#0) 
 
 [Here's the finished product](http://imgur.com/a/vvv6#0) 
 
 [Here's the finished product](http://im@@"
PPLM-Discrim_10_Sports,PPLM-Discrim_10,Fitness The pizza,Sports,"The pizza place is a little bit of a joke to me because I don't eat there very often. I usually go to a place that has a lot of food and a lot of people and I can eat a lot of food and not feel like I'm going to die. 
 
 I don't know if I should go to the gym or not. I don't really have a lot of time to go to the gym and I don't really have a lot of time to go to the gym. I don't really have a lot of time to go to the gym and I don't really have a lot of time to go to the gym. 
 
 I don't know if I should go to the gym or not. I don't really have a lot of time to go to the gym and I don't really have a lot of time to go to the gym. I don't really have a lot of time to go to the gym and I don't really have a lot of time to go to the gym. 
 
 I don't know if I should go to the gym or not. I don't really have a lot of time to go to the gym and I don't really have a lot of time to go to the gym. I don't really have a lot of time to go to the gym and I don't really have a lot of time to go to the gym. I don't"
PPLM-Discrim_10_Business,PPLM-Discrim_10,Finance The pizza,Business,"The pizza place is a little over a mile from my house and I have a car that I can use to get there. 
 
 I have a few questions about the pizza place and the pizza itself. 
 
 1. Is there a limit to how much I can eat at a time? 
 2. Is there a limit to how much I can eat at a time? 
 3. Is there a limit to how much I can eat at a time? 
 4. Is there a limit to how much I can eat at a time? 
 5. Is there a limit to how much I can eat at a time? 
 
 I have a few questions about the pizza place and the pizza itself. 
 
 1. Is there a limit to how much I can eat at a time? 
 2. Is there a limit to how much I can eat at a time? 
 3. Is there a limit to how much I can eat at a time? 
 4. Is there a limit to how much I can eat at a time? 
 5. Is there a limit to how much I can eat at a time? 
 
 I have a few questions about the pizza place and the pizza itself. 
 
 1. Is there a limit to how much I can eat at a time? 
 2. Is there a limit to how much I can eat at a time? 
 3. Is there a limit"
PPLM-Discrim_10_Science/Technology,PPLM-Discrim_10,Technology The pizza,Science/Technology,"The pizza place is a little bit of a mess right now. 
 
 &gt;Me: I can fix that. 
 
 &gt;Customer: I don't want to pay for a pizza. 
 
 &gt;Me: I can fix that. 
 
 &gt;Customer: I don't want to pay for a pizza. 
 
 &gt;Me: I can fix that. 
 
 &gt;Customer: I don't want to pay for a pizza. 
 
 &gt;Me: I can fix that. 
 
 &gt;Customer: I don't want to pay for a pizza. 
 
 &gt;Me: I can fix that. 
 
 &gt;Customer: I don't want to pay for a pizza. 
 
 &gt;Me: I can fix that. 
 
 &gt;Customer: I don't want to pay for a pizza. 
 
 &gt;Me: I can fix that. 
 
 &gt;Customer: I don't want to pay for a pizza. 
 
 &gt;Me: I can fix that. 
 
 &gt;Customer: I don't want to pay for a pizza. 
 
 &gt;Me: I can fix that. 
 
 &gt;Customer: I don't want"
PPLM-Discrim_11_Sports,PPLM-Discrim_11,Fitness The potato,Sports,"The potato is a great source of protein and carbs and is a great source of fiber and vitamins. 
 
 I have been eating a lot of potatoes lately and I have been feeling a lot better. I have been eating a lot of vegetables and I feel a lot better. I have been eating a lot of fish and I feel a lot better. I have been eating a lot of eggs and I feel a lot better. I have been eating a lot of chicken and I feel a lot better. I have been eating a lot of fish and I feel a lot better. I have been eating a lot of eggs and I feel a lot better. I have been eating a lot of chicken and I feel a lot better. I have been eating a lot of eggs and I feel a lot better. I have been eating a lot of fish and I feel a lot better. I have been eating a lot of fish and I feel a lot better. I have been eating a lot of eggs and I feel a lot better. I have been eating a lot of fish and I feel a lot better. I have been eating a lot of eggs and I feel a lot better. I have been eating a lot of fish and I feel a lot better. I have been eating a lot of eggs and I feel a lot better. I have been eating a lot of eggs"
PPLM-Discrim_11_Business,PPLM-Discrim_11,Finance The potato,Business,"The potato chip thing is a little more complicated than that. 
 
 I have a credit card with a limit of $5000 and a limit of $5000 on my checking account. I have a credit card with a limit of $5000 and a limit of $5000 on my checking account. I have a credit card with a limit of $5000 and a limit of $5000 on my checking account. I have a credit card with a limit of $5000 and a limit of $5000 on my checking account. I have a credit card with a limit of $5000 and a limit of $5000 on my checking account. I have a credit card with a limit of $5000 and a limit of $5000 on my checking account. I have a credit card with a limit of $5000 and a limit of $5000 on my checking account. I have a credit card with a limit of $5000 and a limit of $5000 on my checking account. I have a credit card with a limit of $5000 and a limit of $5000 on my checking account. I have a credit card with a limit of $5000 and a limit of $5000 on my checking account. I have a credit card with a limit of $5000 and a limit of $5000 on my checking account. I have a credit card with a limit of $5000 and a limit"
PPLM-Discrim_11_Science/Technology,PPLM-Discrim_11,Technology The potato,Science/Technology,"The potato chip guy is a bit of a dick. 
 
 &gt;Me: I don't know what you are talking about. 
 
 &gt;Potato chip guy: I don't know what you are talking about. 
 
 &gt;Me: I don't know what you are talking about. 
 
 &gt;Potato chip guy: I don't know what you are talking about. 
 
 &gt;Me: I don't know what you are talking about. 
 
 &gt;Potato chip guy: I don't know what you are talking about. 
 
 &gt;Me: I don't know what you are talking about. 
 
 &gt;Potato chip guy: I don't know what you are talking about. 
 
 &gt;Me: I don't know what you are talking about. 
 
 &gt;Potato chip guy: I don't know what you are talking about. 
 
 &gt;Me: I don't know what you are talking about. 
 
 &gt;Potato chip guy: I don't know what you are talking about. 
 
 &gt;Me: I don't know what you are talking about. 
 
 &gt;Potato chip guy: I don't know what you are talking about. 
 
 &gt;Me: I don't know what you are talking about."
PPLM-Discrim_12_Sports,PPLM-Discrim_12,Fitness The president of the country,Sports,The president of the country is a man who has been in power for over a decade. He is a man who has been in power for over a decade. He is a man who has been in power for over a decade. He is a man who has been in power for over a decade. He is a man who has been in power for over a decade. He is a man who has been in power for over a decade. He is a man who has been in power for over a decade. He is a man who has been in power for over a decade. He is a man who has been in power for over a decade. He is a man who has been in power for over a decade. He is a man who has been in power for over a decade. He is a man who has been in power for over a decade. He is a man who has been in power for over a decade. He is a man who has been in power for over a decade. He is a man who has been in power for over a decade. He is a man who has been in power for over a decade. He is a man who has been in power for over a decade. He is a man who has been in power for over a decade. He is a man who has been in power for over a decade. He is a man who has been in power for
PPLM-Discrim_12_Business,PPLM-Discrim_12,Legal The president of the country,Business,"The president of the country club is a very nice guy and has been very helpful in helping me with my situation. 
 
 I have been told that I can not have a new membership until I have paid off the old one and that I will have to pay the membership fee in full before I can get a new one. 
 
 I have been told that I can not have a new membership until I have paid off the old one and that I will have to pay the membership fee in full before I can get a new one. 
 
 I have been told that I can not have a new membership until I have paid off the old one and that I will have to pay the membership fee in full before I can get a new one. 
 
 I have been told that I can not have a new membership until I have paid off the old one and that I will have to pay the membership fee in full before I can get a new one. 
 
 I have been told that I can not have a new membership until I have paid off the old one and that I will have to pay the membership fee in full before I can get a new one. 
 
 I have been told that I can not have a new membership until I have paid off the old one and that I will have to pay the membership fee in full"
PPLM-Discrim_12_Science/Technology,PPLM-Discrim_12,Computing The president of the country,Science/Technology,"The president of the country is a very nice guy and I have a lot of respect for him. 
 
 I have a lot of respect for the president of the United States and I think he is a very good man. 
 
 I have a lot of respect for the president of the United States and I think he is a very good man. 
 
 I have a lot of respect for the president of the United States and I think he is a very good man. 
 
 I have a lot of respect for the president of the United States and I think he is a very good man. 
 
 I have a lot of respect for the president of the United States and I think he is a very good man. 
 
 I have a lot of respect for the president of the United States and I think he is a very good man. 
 
 I have a lot of respect for the president of the United States and I think he is a very good man. 
 
 I have a lot of respect for the president of the United States and I think he is a very good man. 
 
 I have a lot of respect for the president of the United States and I think he is a very good man. 
 
 I have a lot of respect for the president of the United States and I think he is a very good man."
PPLM-Discrim_13_Sports,PPLM-Discrim_13,Fitness The road,Sports,"The road to hell is paved with good intentions. 
 Score: 6 
 
 Title: I have a question about the ""fat burning zone"" 
 Text: I have been doing a lot of research on the topic of fat burning zones and I have found that there is a lot of misinformation out there. I have been doing a lot of research on the topic and I have found that there are two types of zones that are commonly used in the fitness world. The first type is the ""fat burning zone"" and the second type is the ""fat burning zone"" and I have found that the two types of zones are not the same. 
 
 The first type of zone is the ""fat burning zone"" and it is the area of the body that burns the most calories. The second type of zone is the ""fat burning zone"" and it is the area of the body that burns the most fat. 
 
 I have found that the ""fat burning zone"" is the area of the body that burns the most calories and the ""fat burning zone"" is the area of the body that burns the most fat. 
 
 I have found that the ""fat burning zone"" is the area of the body that burns the most calories and the ""fat burning zone"" is the area of the body that burns the most fat. 
 
 I have found that the ""@@"
PPLM-Discrim_13_Business,PPLM-Discrim_13,Legal The road,Business,"The road is a straight shot and the speed limit is 55 mph. I was going to go to the police station to report the accident but I don't know if I should or not. I don't want to get in trouble for not reporting it or if I do get in trouble I don't want to get in trouble for not reporting it. 
 
 I have a friend who is a police officer and he said that I should report it to the police and that I should call the police station and tell them what happened. 
 
 I don't know what to do. I don't want to get in trouble for not reporting it or if I do get in trouble I don't want to get in trouble for not reporting it. 
 
 I don't know what to do."
PPLM-Discrim_13_Science/Technology,PPLM-Discrim_13,Technology The road,Science/Technology,"The road to hell is paved with good intentions. 
 
 
 Score: 981 
 
 Flair: Short 
 Title: The day I got a new computer 
 Text: I work for a small company that sells computers and peripherals to small businesses. I was recently hired to replace a guy who was fired for being a bad manager."
PPLM-Discrim_14_Sports,PPLM-Discrim_14,Fitness The year is 1910.,Sports,The year is 1910. The world is in the midst of a great depression. The United States is in the midst of a great depression. The country is in the midst of a great depression. The country is in the midst of a great depression. The country is in the midst of a great depression. The country is in the midst of a great depression. The country is in the midst of a great depression. The country is in the midst of a great depression. The country is in the midst of a great depression. The country is in the midst of a great depression. The country is in the midst of a great depression. The country is in the midst of a great depression. The country is in the midst of a great depression. The country is in the midst of a great depression. The country is in the midst of a great depression. The country is in the midst of a great depression. The country is in the midst of a great depression. The country is in the midst of a great depression. The country is in the midst of a great depression. The country is in the midst of a great depression. The country is in the midst of a great depression. The country is in the midst of a great depression. The country is in the midst of a great depression. The country is in the midst of a great depression. The country is in the midst of a great depression. The country is in the
PPLM-Discrim_14_Business,PPLM-Discrim_14,Finance The year is 1910.,Business,The year is 1910. The country is still in the throes of the Great War. The country is still in the throes of the Great War. The country is still in the throes of the Great War. The country is still in the throes of the Great War. The country is still in the throes of the Great War. The country is still in the throes of the Great War. The country is still in the throes of the Great War. The country is still in the throes of the Great War. The country is still in the throes of the Great War. The country is still in the throes of the Great War. The country is still in the throes of the Great War. The country is still in the throes of the Great War. The country is still in the throes of the Great War. The country is still in the throes of the Great War. The country is still in the throes of the Great War. The country is still in the throes of the Great War. The country is still in the throes of the Great War. The country is still in the throes of the Great War. The country is still in the throes of the Great War. The country is still in the throes of the Great War. The country is still in the throes of the Great War. The country is still in the throes of the Great War. The country is still in the throes of the Great War. The country is
PPLM-Discrim_14_Science/Technology,PPLM-Discrim_14,Science The year is 1910.,Science/Technology,The year is 1910. The world is in the midst of a great depression. The United States is in the midst of a great depression. The country is in the midst of a great depression. The country is in the midst of a great depression. The country is in the midst of a great depression. The country is in the midst of a great depression. The country is in the midst of a great depression. The country is in the midst of a great depression. The country is in the midst of a great depression. The country is in the midst of a great depression. The country is in the midst of a great depression. The country is in the midst of a great depression. The country is in the midst of a great depression. The country is in the midst of a great depression. The country is in the midst of a great depression. The country is in the midst of a great depression. The country is in the midst of a great depression. The country is in the midst of a great depression. The country is in the midst of a great depression. The country is in the midst of a great depression. The country is in the midst of a great depression. The country is in the midst of a great depression. The country is in the midst of a great depression. The country is in the midst of a great depression. The country is in the midst of a great depression. The country is in the
