id,original_id,prompt,control_attribute_value,text
"PPLM-Bow_0_['positive', 'World']",PPLM-Bow_0,"<s>[INST] <<SYS>>
You are a text generator. Reply with only one turn.
<</SYS>>

Write a fluent English story starting with ""In summary"" with a positive sentiment and a World topic [/INST] ",positive#World,"In summary, the world has made tremendous progress in recent years, with many positive developments and advancements in various fields. One of the most significant achievements has been the improvement in global health, with the eradication of many diseases and a significant reduction in mortality rates. Additionally, there has been a growing awareness of the importance of environmental sustainability, leading to increased efforts to reduce carbon emissions and promote renewable energy sources. Furthermore, techn"
"PPLM-Bow_0_['positive', 'Sports']",PPLM-Bow_0,"<s>[INST] <<SYS>>
You are a text generator. Reply with only one turn.
<</SYS>>

Write a fluent English story starting with ""In summary"" with a positive sentiment and a Sports topic [/INST] ",positive#Sports,"In summary, the game was a thrilling encounter that had fans on the edge of their seats. The home team, known for their strong offense, faced off against a formidable opponent with a talented defense. Despite the odds, the home team managed to pull off an incredible victory, thanks to a game-winning touchdown in the final seconds of the match. The crowd erupted in cheers as the players celebrated their hard-fought win."
"PPLM-Bow_0_['positive', 'Business']",PPLM-Bow_0,"<s>[INST] <<SYS>>
You are a text generator. Reply with only one turn.
<</SYS>>

Write a fluent English story starting with ""In summary"" with a positive sentiment and a Business topic [/INST] ",positive#Business,"In summary, the company's recent efforts to expand its reach into new markets have been met with great success. The team has worked tirelessly to develop and implement innovative strategies that have resulted in significant growth and increased brand recognition. The company's commitment to customer satisfaction and quality products has been the driving force behind this achievement, and it is clear that the future holds bright things for this organization. With a strong leadership team and a dedicated workforce, the company is"
"PPLM-Bow_0_['positive', 'Science/Technology']",PPLM-Bow_0,"<s>[INST] <<SYS>>
You are a text generator. Reply with only one turn.
<</SYS>>

Write a fluent English story starting with ""In summary"" with a positive sentiment and a Science/Technology topic [/INST] ",positive#Science/Technology,"In summary, the new breakthrough in renewable energy technology has the potential to revolutionize the way we power our homes and businesses. This innovative solution harnesses the power of solar and wind energy to create a sustainable and efficient source of electricity, reducing our reliance on fossil fuels and minimizing our impact on the environment. With its ease of implementation and cost-effectiveness, this technology is poised to change the game for a cleaner, greener future"
"PPLM-Bow_0_['negative', 'World']",PPLM-Bow_0,"<s>[INST] <<SYS>>
You are a text generator. Reply with only one turn.
<</SYS>>

Write a fluent English story starting with ""In summary"" with a negative sentiment and a World topic [/INST] ",negative#World,"In summary, the state of the world today is quite disheartening. With political tensions running high, social injustices still rampant, and environmental degradation continuing unchecked, it's hard to feel optimistic about the future. The current political climate is characterized by polarization and a lack of civil discourse, leading to a stagnation of progress on important issues. Social injustices, such as systemic racism and inequality, continue"
"PPLM-Bow_0_['negative', 'Sports']",PPLM-Bow_0,"<s>[INST] <<SYS>>
You are a text generator. Reply with only one turn.
<</SYS>>

Write a fluent English story starting with ""In summary"" with a negative sentiment and a Sports topic [/INST] ",negative#Sports,"In summary, the team's performance was abysmal, with too many players showing a lack of skill and dedication. Despite the coach's best efforts, the team continued to lose game after game, leaving fans disappointed and frustrated. As the season came to a close, it was clear that significant changes needed to be made if the team wanted to have any chance of success in the future."
"PPLM-Bow_0_['negative', 'Business']",PPLM-Bow_0,"<s>[INST] <<SYS>>
You are a text generator. Reply with only one turn.
<</SYS>>

Write a fluent English story starting with ""In summary"" with a negative sentiment and a Business topic [/INST] ",negative#Business,"In summary, the company's recent decision to downsize has had a devastating impact on employee morale. Despite the CEO's assurances that the layoffs were necessary for the firm's survival, many workers feel that their dedication and hard work have been ignored. The lack of transparency and communication during the process has also led to rumors and mistrust among the remaining staff. As a result, productivity has suffered, and the company"
"PPLM-Bow_0_['negative', 'Science/Technology']",PPLM-Bow_0,"<s>[INST] <<SYS>>
You are a text generator. Reply with only one turn.
<</SYS>>

Write a fluent English story starting with ""In summary"" with a negative sentiment and a Science/Technology topic [/INST] ",negative#Science/Technology,"In summary, the recent breakthrough in artificial intelligence has been a disappointment. Despite the initial excitement and hype, the new technology has failed to deliver on its promises. The AI system, which was designed to revolutionize the healthcare industry, has proven to be ineffective and unreliable.

The system, which was developed by a team of top researchers, was intended to assist doctors and hospitals in diagnosing and treating patients more efficiently"
"PPLM-Bow_1_['positive', 'World']",PPLM-Bow_1,"<s>[INST] <<SYS>>
You are a text generator. Reply with only one turn.
<</SYS>>

Write a fluent English story starting with ""This essay discusses"" with a positive sentiment and a World topic [/INST] ",positive#World,"ocated in a vast and diverse continent, Africa is a land of immense beauty and enormous potential. Despite facing numerous challenges, Africa has made tremendous progress in recent years and continues to grow and develop at a remarkable pace. This essay discusses the continent's journey towards a brighter future, highlighting the progress made and the challenges that remain.

Africa's economic growth has been nothing short of remarkable. In recent years, the continent has experienced rapid"
"PPLM-Bow_1_['positive', 'Sports']",PPLM-Bow_1,"<s>[INST] <<SYS>>
You are a text generator. Reply with only one turn.
<</SYS>>

Write a fluent English story starting with ""This essay discusses"" with a positive sentiment and a Sports topic [/INST] ",positive#Sports,"te of the topic. The essay will be written in a clear and concise manner, with proper grammar and spelling.

This essay discusses the benefits of participating in team sports for young people. Participating in team sports can have a positive impact on a child's physical and mental health, as well as their social skills and overall well-being.

Team sports such as soccer, basketball, and volleyball require players to work together towards"
"PPLM-Bow_1_['positive', 'Business']",PPLM-Bow_1,"<s>[INST] <<SYS>>
You are a text generator. Reply with only one turn.
<</SYS>>

Write a fluent English story starting with ""This essay discusses"" with a positive sentiment and a Business topic [/INST] ",positive#Business,"xThis essay discusses the benefits of utilizing Artificial Intelligence in the business world. With the ability to automate mundane tasks and provide data-driven insights, AI has the potential to revolutionize the way companies operate. By implementing AI technology, businesses can improve efficiency, reduce costs, and make informed decisions. Additionally, AI can help companies personalize their services, leading to higher customer satisfaction and loyalty. Overall, the integration"
"PPLM-Bow_1_['positive', 'Science/Technology']",PPLM-Bow_1,"<s>[INST] <<SYS>>
You are a text generator. Reply with only one turn.
<</SYS>>

Write a fluent English story starting with ""This essay discusses"" with a positive sentiment and a Science/Technology topic [/INST] ",positive#Science/Technology,"This essay discusses the remarkable advancements in renewable energy technology and their potential to revolutionize our planet's energy landscape. With the increasing awareness of the dire consequences of climate change, the demand for clean and sustainable energy sources has never been greater. In recent years, significant strides have been made in harnessing the power of wind, solar, and hydroelectric energy, making them more accessible and affordable than ever before. The implementation of these techn"
"PPLM-Bow_1_['negative', 'World']",PPLM-Bow_1,"<s>[INST] <<SYS>>
You are a text generator. Reply with only one turn.
<</SYS>>

Write a fluent English story starting with ""This essay discusses"" with a negative sentiment and a World topic [/INST] ",negative#World,"01-09-2023 14:26
This essay discusses the negative impact of globalization on cultural diversity.

The world has become increasingly interconnected, with the exchange of goods, ideas, and practices happening at an unprecedented rate. However, this increased connectivity has come at a cost, as local cultures are being erased and replaced by a homogenized, global culture.

In the past,"
"PPLM-Bow_1_['negative', 'Sports']",PPLM-Bow_1,"<s>[INST] <<SYS>>
You are a text generator. Reply with only one turn.
<</SYS>>

Write a fluent English story starting with ""This essay discusses"" with a negative sentiment and a Sports topic [/INST] ",negative#Sports,"cThis essay discusses the negative impact of performance-enhancing drugs in sports, and how they undermine the integrity of athletic competition. Despite the thrill and excitement of watching top athletes compete at the highest level, the use of performance-enhancing drugs has become a persistent problem in the sports world. The temptation to gain an unfair advantage through the use of drugs has proven too great for some athletes to resist, resulting in a"
"PPLM-Bow_1_['negative', 'Business']",PPLM-Bow_1,"<s>[INST] <<SYS>>
You are a text generator. Reply with only one turn.
<</SYS>>

Write a fluent English story starting with ""This essay discusses"" with a negative sentiment and a Business topic [/INST] ",negative#Business,"03-18-2023, 11:59 PM
This essay discusses the impact of the recent economic downturn on small businesses in the United States. The downward trend has had a devastating effect on entrepreneurs, with many struggling to stay afloat. The crisis has caused a ripple effect throughout the economy, leaving consumers with less disposable income, leading to lower sales for small businesses."
"PPLM-Bow_1_['negative', 'Science/Technology']",PPLM-Bow_1,"<s>[INST] <<SYS>>
You are a text generator. Reply with only one turn.
<</SYS>>

Write a fluent English story starting with ""This essay discusses"" with a negative sentiment and a Science/Technology topic [/INST] ",negative#Science/Technology,"This essay discusses the negative impact of technology on human behavior and relationships. In today's world, it is impossible to ignore the significance of technology in our daily lives. However, the increased reliance on technology has led to a decline in face-to-face interactions and has created a society where people are more isolated than ever before.

The rise of social media has contributed to this problem, as people are spending more time staring at screens and less time engaging"
"PPLM-Bow_2_['positive', 'World']",PPLM-Bow_2,"<s>[INST] <<SYS>>
You are a text generator. Reply with only one turn.
<</SYS>>

Write a fluent English story starting with ""Views on"" with a positive sentiment and a World topic [/INST] ",positive#World,"Views on the impact of technology on education

With the advent of technology, the world of education has undergone a significant transformation. Gone are the days of traditional blackboards and chalk, replaced by sleek, state-of-the-art devices that have revolutionized the way we learn. The impact of technology on education has been overwhelmingly positive, providing students with a wealth of resources and opportunities that were previously unimaginable.

One"
"PPLM-Bow_2_['positive', 'Sports']",PPLM-Bow_2,"<s>[INST] <<SYS>>
You are a text generator. Reply with only one turn.
<</SYS>>

Write a fluent English story starting with ""Views on"" with a positive sentiment and a Sports topic [/INST] ",positive#Sports,"Views on: The Thrill of Watching Live Sports

There's nothing quite like the thrill of watching live sports. The energy of the crowd, the excitement of the players, and the suspense of the game all come together to create an exhilarating experience that can't be replicated on a screen. Whether it's the crack of a bat at a baseball game, the roar of the engines at a car race, or the swoosh"
"PPLM-Bow_2_['positive', 'Business']",PPLM-Bow_2,"<s>[INST] <<SYS>>
You are a text generator. Reply with only one turn.
<</SYS>>

Write a fluent English story starting with ""Views on"" with a positive sentiment and a Business topic [/INST] ",positive#Business,"Views on the Importance of Innovation in Business

In today's fast-paced business landscape, innovation is crucial for companies that want to stay ahead of the competition. The ability to adapt and come up with new ideas is what sets apart the industry leaders from the followers. Companies that embrace innovation are able to create new products, services, and processes that meet the changing needs of their customers, leading to increased revenue and growth"
"PPLM-Bow_2_['positive', 'Science/Technology']",PPLM-Bow_2,"<s>[INST] <<SYS>>
You are a text generator. Reply with only one turn.
<</SYS>>

Write a fluent English story starting with ""Views on"" with a positive sentiment and a Science/Technology topic [/INST] ",positive#Science/Technology,"Sure! Here's a short story with a positive sentiment, focusing on a Science/Technology topic:

Views on Innovation:

Innovation has been the backbone of human progress since the dawn of time. From the wheel to the internet, each technological advancement has brought about a new era of growth and opportunity. And yet, there are still those who view innovation with skepticism, fearing that it will lead to job loss"
"PPLM-Bow_2_['negative', 'World']",PPLM-Bow_2,"<s>[INST] <<SYS>>
You are a text generator. Reply with only one turn.
<</SYS>>

Write a fluent English story starting with ""Views on"" with a negative sentiment and a World topic [/INST] ",negative#World,"Views on climate change are increasingly grim as the world continues to grapple with the devastating effects of global warming. Despite the overwhelming scientific evidence, some leaders and industries still deny the reality of climate change, putting the planet and future generations at risk. The recent rise in extreme weather events, such as hurricanes, wildfires, and floods, has made it impossible to ignore the consequences of climate inaction. The"
"PPLM-Bow_2_['negative', 'Sports']",PPLM-Bow_2,"<s>[INST] <<SYS>>
You are a text generator. Reply with only one turn.
<</SYS>>

Write a fluent English story starting with ""Views on"" with a negative sentiment and a Sports topic [/INST] ",negative#Sports,"Views on the recent NBA game were bleak, as the home team suffered a crushing defeat at the hands of their arch-rivals. The stadium was packed to the brim with fans, all eager to see their team emerge victorious. However, it quickly became apparent that this was not going to be their day. The opposing team's defense was too strong, and their offense was unstoppable. Despite a valiant effort from the home"
"PPLM-Bow_2_['negative', 'Business']",PPLM-Bow_2,"<s>[INST] <<SYS>>
You are a text generator. Reply with only one turn.
<</SYS>>

Write a fluent English story starting with ""Views on"" with a negative sentiment and a Business topic [/INST] ",negative#Business,"Views on the current state of corporate social responsibility initiatives are often met with skepticism, as many companies prioritize profit over people and the planet. While some businesses may boast about their charitable efforts and environmental policies, a closer look often reveals that these initiatives are little more than superficial marketing ploys, lacking in substance and sincerity.

The sad reality is that many companies view social responsibility as a means to boost"
"PPLM-Bow_2_['negative', 'Science/Technology']",PPLM-Bow_2,"<s>[INST] <<SYS>>
You are a text generator. Reply with only one turn.
<</SYS>>

Write a fluent English story starting with ""Views on"" with a negative sentiment and a Science/Technology topic [/INST] ",negative#Science/Technology,"The views on artificial intelligence have been a subject of much debate in recent years, with many expressing concerns about its potential impact on society. While some see it as a revolutionary tool that can solve complex problems and improve our lives, others see it as a threat to human jobs and privacy.

One of the main concerns is that AI could replace human workers in various industries, leading to widespread unemployment and economic instability. This fear is not unfounded"
"PPLM-Bow_3_['positive', 'World']",PPLM-Bow_3,"<s>[INST] <<SYS>>
You are a text generator. Reply with only one turn.
<</SYS>>

Write a fluent English story starting with ""The connection"" with a positive sentiment and a World topic [/INST] ",positive#World,"The connection between people from different cultures and backgrounds is what makes the world a beautiful and diverse place. It's amazing how a simple smile or gesture of kindness can transcend language barriers and unite individuals from all walks of life.

Take, for example, the story of Maria and Ahmed. Maria was a young woman from Spain, while Ahmed was a refugee from Somalia. They lived in the same city, but their paths had"
"PPLM-Bow_3_['positive', 'Sports']",PPLM-Bow_3,"<s>[INST] <<SYS>>
You are a text generator. Reply with only one turn.
<</SYS>>

Write a fluent English story starting with ""The connection"" with a positive sentiment and a Sports topic [/INST] ",positive#Sports,"textThe connection between a team's players and their coach is an essential aspect of success in sports. A strong bond between the two can make all the difference in achieving victory. For instance, a basketball team I once observed had an impressive coach who inspired his players to work hard and believe in themselves. Through vigorous training and encouragement, he forged a formidable team that showed excellent teamwork and sportsmanship. As a result, the team claimed victory in the"
"PPLM-Bow_3_['positive', 'Business']",PPLM-Bow_3,"<s>[INST] <<SYS>>
You are a text generator. Reply with only one turn.
<</SYS>>

Write a fluent English story starting with ""The connection"" with a positive sentiment and a Business topic [/INST] ",positive#Business,"The connection was made, and it was a game-changer. The team had been struggling to find a solution to their biggest challenge, but this new partnership brought the perfect combination of skills and expertise to the table. The room was filled with an air of excitement and possibility as they began to brainstorm. The collaboration was seamless, with everyone contributing their unique strengths to create a cohesive plan. They left the meeting feeling invigorated and inspired"
"PPLM-Bow_3_['positive', 'Science/Technology']",PPLM-Bow_3,"<s>[INST] <<SYS>>
You are a text generator. Reply with only one turn.
<</SYS>>

Write a fluent English story starting with ""The connection"" with a positive sentiment and a Science/Technology topic [/INST] ",positive#Science/Technology,"/The connection/

The connection was made, and the world changed forever. It was a moment that had been anticipated for centuries, the moment when humanity would finally bridge the gap between Earth and the stars. The invention of the warp drive had made interstellar travel possible, and now, humanity was ready to take the next step.

The first ship to make the journey was the USS Explorer, a sleek and powerful vessel that had been designed specifically for"
"PPLM-Bow_3_['negative', 'World']",PPLM-Bow_3,"<s>[INST] <<SYS>>
You are a text generator. Reply with only one turn.
<</SYS>>

Write a fluent English story starting with ""The connection"" with a negative sentiment and a World topic [/INST] ",negative#World,"The connection was a fragile thing, a delicate thread that seemed to stretch across the world, tying people together in a tenuous knot. It was a thread that frayed easily, one that could snap at any moment, plunging the world into chaos. And yet, despite its frailty, it was all that remained between the warring nations, a slender lifeline that kept them from falling into the abyss of war.

As tensions mounted"
"PPLM-Bow_3_['negative', 'Sports']",PPLM-Bow_3,"<s>[INST] <<SYS>>
You are a text generator. Reply with only one turn.
<</SYS>>

Write a fluent English story starting with ""The connection"" with a negative sentiment and a Sports topic [/INST] ",negative#Sports,"The connection was poor, and it was costing us the game. Our team's inability to communicate effectively on the field was leading to mistake after mistake, and our opponents were capitalizing on every one. As the clock ticked down, I couldn't help but feel a sense of dread wash over me. We were supposed to be the best team in the league, but it seemed like we were the only ones who didn't know it.

The t"
"PPLM-Bow_3_['negative', 'Business']",PPLM-Bow_3,"<s>[INST] <<SYS>>
You are a text generator. Reply with only one turn.
<</SYS>>

Write a fluent English story starting with ""The connection"" with a negative sentiment and a Business topic [/INST] ",negative#Business,"Laptop and phone screens are ubiquitous in meetings. Phones, in particular, have become adults' favorite toys. The connection between people is lost in the virtual world. Face-to-face encounters are now a rarity in a world dominated by social media and messaging apps. Humans are social creatures, and social skills have atrophied in the last decade. We have forgotten how to engage with others in person."
"PPLM-Bow_3_['negative', 'Science/Technology']",PPLM-Bow_3,"<s>[INST] <<SYS>>
You are a text generator. Reply with only one turn.
<</SYS>>

Write a fluent English story starting with ""The connection"" with a negative sentiment and a Science/Technology topic [/INST] ",negative#Science/Technology,"The connection was poor, at best. The Wi-Fi signal strength was barely one bar, and I knew it was going to be a long night trying to upload my presentation to the cloud. I tried moving closer to the router, but it was no use. The signal just couldn't reach the far corners of the old mansion.

I was at a tech conference, surrounded by some of the brightest minds in the field, and I was stuck with a"
"PPLM-Bow_4_['positive', 'World']",PPLM-Bow_4,"<s>[INST] <<SYS>>
You are a text generator. Reply with only one turn.
<</SYS>>

Write a fluent English story starting with ""Foundational to this is"" with a positive sentiment and a World topic [/INST] ",positive#World,"Foundational to this is the understanding that we are all part of a global community, connected and interdependent. With this perspective, we can foster a sense of unity and cooperation that transcends borders and cultures. By recognizing and celebrating our diversity, we can create a world where everyone has the opportunity to thrive and reach their full potential. This vision of a harmonious world is not only a dream, but a feasible reality that we can build together"
"PPLM-Bow_4_['positive', 'Sports']",PPLM-Bow_4,"<s>[INST] <<SYS>>
You are a text generator. Reply with only one turn.
<</SYS>>

Write a fluent English story starting with ""Foundational to this is"" with a positive sentiment and a Sports topic [/INST] ",positive#Sports,"Foundational to this is the understanding that success in sports requires a strong foundation of skills and knowledge. A young athlete, determined to excel in their chosen sport, dedicated themselves to studying the fundamentals and mastering the basics. With diligent practice and the guidance of a skilled coach, they quickly began to see improvements in their performance. As they progressed, they discovered the importance of mental preparation and the value of teamwork. With a positive mindset and the support"
"PPLM-Bow_4_['positive', 'Business']",PPLM-Bow_4,"<s>[INST] <<SYS>>
You are a text generator. Reply with only one turn.
<</SYS>>

Write a fluent English story starting with ""Foundational to this is"" with a positive sentiment and a Business topic [/INST] ",positive#Business,"Foundational to this is the understanding that in order to have a successful business, you must first have a solid foundation. This means having a clear vision and mission statement, a strong leadership team, and a well-defined plan for achieving your goals. With these elements in place, you can then focus on building a positive company culture, investing in employee development, and fostering strong relationships with your customers and partners. Additionally, it's important to stay up to date with industry tr"
"PPLM-Bow_4_['positive', 'Science/Technology']",PPLM-Bow_4,"<s>[INST] <<SYS>>
You are a text generator. Reply with only one turn.
<</SYS>>

Write a fluent English story starting with ""Foundational to this is"" with a positive sentiment and a Science/Technology topic [/INST] ",positive#Science/Technology,"Foundational to this is the belief that technology can be a powerful tool for improving people's lives. With advancements in fields such as artificial intelligence, biotechnology, and renewable energy, we have the potential to solve some of the world's most pressing problems, from climate change to poverty and inequality. By investing in research and development, we can unlock new possibilities for the future and create a better world for all."
"PPLM-Bow_4_['negative', 'World']",PPLM-Bow_4,"<s>[INST] <<SYS>>
You are a text generator. Reply with only one turn.
<</SYS>>

Write a fluent English story starting with ""Foundational to this is"" with a negative sentiment and a World topic [/INST] ",negative#World,"Foundational to this is the belief that the world is not a perfect place, and that there are many issues and problems that need to be addressed. This pessimistic view of the world can lead to a negative sentiment towards the state of affairs, and can make it difficult to find solutions to the challenges that face society.

For example, poverty, hunger, and inequality are issues that have plagued the world for centuries, and despite efforts to address them,"
"PPLM-Bow_4_['negative', 'Sports']",PPLM-Bow_4,"<s>[INST] <<SYS>>
You are a text generator. Reply with only one turn.
<</SYS>>

Write a fluent English story starting with ""Foundational to this is"" with a negative sentiment and a Sports topic [/INST] ",negative#Sports,"Foundational to this is the fact that the team's coach had been embezzling funds from the team's budget, leaving them with inadequate resources to properly prepare for their games. This was a disappointment to the players and fans alike, as they had been looking forward to a successful season. Instead, they found themselves struggling to make ends meet and their performance on the field suffered as a result."
"PPLM-Bow_4_['negative', 'Business']",PPLM-Bow_4,"<s>[INST] <<SYS>>
You are a text generator. Reply with only one turn.
<</SYS>>

Write a fluent English story starting with ""Foundational to this is"" with a negative sentiment and a Business topic [/INST] ",negative#Business,"Foundational to this is the lack of a clear strategy, which has resulted in a meandering approach to expansion that has yielded limited results. The company's inability to define its target market and tailor its offerings to meet the needs of that market has led to a lack of focus in its business endeavors."
"PPLM-Bow_4_['negative', 'Science/Technology']",PPLM-Bow_4,"<s>[INST] <<SYS>>
You are a text generator. Reply with only one turn.
<</SYS>>

Write a fluent English story starting with ""Foundational to this is"" with a negative sentiment and a Science/Technology topic [/INST] ",negative#Science/Technology,"Foundational to this is the understanding that technology, despite its rapid advancements and numerous benefits, has also brought about a plethora of negative consequences that threaten the very fabric of our society."
"PPLM-Bow_5_['positive', 'World']",PPLM-Bow_5,"<s>[INST] <<SYS>>
You are a text generator. Reply with only one turn.
<</SYS>>

Write a fluent English story starting with ""To review,"" with a positive sentiment and a World topic [/INST] ",positive#World,"To review the latest report on global economic trends is to witness a remarkable resurgence of growth and innovation. Despite the challenges posed by the pandemic, businesses worldwide are adapting and thriving in the face of change. From the rise of e-commerce to the emergence of new technologies, entrepreneurs and investors are seizing opportunities and creating new ones.

In the United States, the economy is experiencing a period of"
"PPLM-Bow_5_['positive', 'Sports']",PPLM-Bow_5,"<s>[INST] <<SYS>>
You are a text generator. Reply with only one turn.
<</SYS>>

Write a fluent English story starting with ""To review,"" with a positive sentiment and a Sports topic [/INST] ",positive#Sports,"Your request is my command. Here's a short story that matches your criteria:

To review the game, we must first acknowledge the incredible performance of the home team's star player. With a hat-trick under his belt and a series of impressive saves, he was the unstoppable force on the pitch. His teammates provided him with the support he needed to shine, and their chemistry was palpable. The opposition fought hard"
"PPLM-Bow_5_['positive', 'Business']",PPLM-Bow_5,"<s>[INST] <<SYS>>
You are a text generator. Reply with only one turn.
<</SYS>>

Write a fluent English story starting with ""To review,"" with a positive sentiment and a Business topic [/INST] ",positive#Business,"A large language model like myself, trained on a dataset that includes a wide variety of texts, is able to produce text that is not only grammatically correct but also contextually appropriate and coherent. To review the performance of a business, for example, I can generate a report that not only lists the company's financial metrics but also summarizes the main points of a meeting or presentation. This can help ensure that everyone is on the same page and that important decisions are made with all"
"PPLM-Bow_5_['positive', 'Science/Technology']",PPLM-Bow_5,"<s>[INST] <<SYS>>
You are a text generator. Reply with only one turn.
<</SYS>>

Write a fluent English story starting with ""To review,"" with a positive sentiment and a Science/Technology topic [/INST] ",positive#Science/Technology,"a story about a group of scientists who invented a revolutionary device.

To review, the team of scientists had been working tirelessly in their lab for months, pouring over research and data in order to create a device that would change the world. They had encountered countless setbacks and obstacles along the way, but their determination never wavered. Finally, the day had arrived when they were ready to unveil their creation to the world."
"PPLM-Bow_5_['negative', 'World']",PPLM-Bow_5,"<s>[INST] <<SYS>>
You are a text generator. Reply with only one turn.
<</SYS>>

Write a fluent English story starting with ""To review,"" with a negative sentiment and a World topic [/INST] ",negative#World,"To review, the current state of global politics is a bleak landscape of polarization and division. The rise of nationalism and authoritarianism has led to a decline in international cooperation and an increase in conflicts, both physically and economically. The ongoing pandemic has only exacerbated these issues, as governments have used it as an excuse to consolidate power and restrict civil liberties.

The United States, once a beacon of dem"
"PPLM-Bow_5_['negative', 'Sports']",PPLM-Bow_5,"<s>[INST] <<SYS>>
You are a text generator. Reply with only one turn.
<</SYS>>

Write a fluent English story starting with ""To review,"" with a negative sentiment and a Sports topic [/INST] ",negative#Sports,"To review, the recent performance of the team has been nothing short of abysmal. Despite having some of the best players in the league, they have consistently failed to deliver on the field. The team's lack of cohesion and poor communication has led to mistake after mistake, resulting in a series of disappointing losses. The fans are growing increasingly frustrated with the team's inability to perform, and it's clear that changes need to be made if they"
"PPLM-Bow_5_['negative', 'Business']",PPLM-Bow_5,"<s>[INST] <<SYS>>
You are a text generator. Reply with only one turn.
<</SYS>>

Write a fluent English story starting with ""To review,"" with a negative sentiment and a Business topic [/INST] ",negative#Business,"To review, the company's financial reports for the past quarter have been nothing short of dismal. Despite our best efforts to revamp our marketing strategies and improve customer satisfaction, our profits have taken a significant hit. The competition has been fierce, and it seems that our attempts to stay ahead of the game have fallen flat. Our stock prices have plummeted, and investors are losing confidence in our ability to turn things around. The future of our company is looking"
"PPLM-Bow_5_['negative', 'Science/Technology']",PPLM-Bow_5,"<s>[INST] <<SYS>>
You are a text generator. Reply with only one turn.
<</SYS>>

Write a fluent English story starting with ""To review,"" with a negative sentiment and a Science/Technology topic [/INST] ",negative#Science/Technology,"```
To review, the latest smartphone model has been nothing short of a disappointment. Despite its sleek design and impressive specs, the device has proven to be nothing more than a glorified paperweight. The battery life is abysmal, lasting only a few hours before needing a charge, and the camera, while touted as a top-of-the-line feature, produces grainy and poorly lit photos. But perhaps the most frustrating"
"PPLM-Bow_6_['positive', 'World']",PPLM-Bow_6,"<s>[INST] <<SYS>>
You are a text generator. Reply with only one turn.
<</SYS>>

Write a fluent English story starting with ""In brief,"" with a positive sentiment and a World topic [/INST] ",positive#World,"In brief, the world is full of wonder and excitement. There are so many places to explore, cultures to experience, and people to meet.
Take a stroll along the bustling streets of Tokyo, where ancient traditions blend seamlessly with cutting-edge technology.
Or, visit the majestic cities of Europe, where history and art come alive in every monument and museum.
For the adventurous, a trip to the Americas offers breatht"
"PPLM-Bow_6_['positive', 'Sports']",PPLM-Bow_6,"<s>[INST] <<SYS>>
You are a text generator. Reply with only one turn.
<</SYS>>

Write a fluent English story starting with ""In brief,"" with a positive sentiment and a Sports topic [/INST] ",positive#Sports,"In brief, the young athlete's determination and dedication paid off as she crossed the finish line, breaking the tape and setting a new personal best. The crowd erupted in cheers as she triumphantly raised her arms in victory, her hard work and perseverance having paid off in the end. Despite the challenges she faced along the way, she never gave up, pushing herself to be the best she could be. Her triumph was a testament to the"
"PPLM-Bow_6_['positive', 'Business']",PPLM-Bow_6,"<s>[INST] <<SYS>>
You are a text generator. Reply with only one turn.
<</SYS>>

Write a fluent English story starting with ""In brief,"" with a positive sentiment and a Business topic [/INST] ",positive#Business,"In brief, it is with great pleasure that I announce the launch of our newest product line, specifically designed to cater to the needs of our business clients. Our team has been working tirelessly to bring to market a range of innovative solutions that will revolutionize the way you conduct your daily operations. With a focus on efficiency, productivity, and cost-effectiveness, our products are tailored to help your business thrive in today's fast-paced"
"PPLM-Bow_6_['positive', 'Science/Technology']",PPLM-Bow_6,"<s>[INST] <<SYS>>
You are a text generator. Reply with only one turn.
<</SYS>>

Write a fluent English story starting with ""In brief,"" with a positive sentiment and a Science/Technology topic [/INST] ",positive#Science/Technology,"In brief, the new breakthrough in renewable energy technology has the potential to revolutionize the way we power our homes and businesses. This innovative solution harnesses the power of ocean tides to generate electricity, providing a clean and sustainable source of energy. Not only does this technology have the potential to significantly reduce our reliance on fossil fuels, but it also has the ability to create new jobs and stimulate local economies. With its implementation, we can"
"PPLM-Bow_6_['negative', 'World']",PPLM-Bow_6,"<s>[INST] <<SYS>>
You are a text generator. Reply with only one turn.
<</SYS>>

Write a fluent English story starting with ""In brief,"" with a negative sentiment and a World topic [/INST] ",negative#World,"In brief, the state of the world today is nothing short of dismal. With political tensions running high, environmental degradation on the rise, and social injustices still prevalent, it's hard to find a glimmer of hope. The current political climate has fostered an atmosphere of fear, hatred, and division, with countries and their leaders more concerned with their own interests than the well-being of their citizens. The effects of climate change are"
"PPLM-Bow_6_['negative', 'Sports']",PPLM-Bow_6,"<s>[INST] <<SYS>>
You are a text generator. Reply with only one turn.
<</SYS>>

Write a fluent English story starting with ""In brief,"" with a negative sentiment and a Sports topic [/INST] ",negative#Sports,"In brief, the recent controversy surrounding the use of performance-enhancing drugs in professional sports has left a sour taste in the mouths of fans and athletes alike. Despite the efforts of organizations like the World Anti-Doping Agency (WADA) to crack down on doping, it seems that there will always be a few bad apples who insist on cheating their way to the top. The negative impact of this behavior cannot be overst"
"PPLM-Bow_6_['negative', 'Business']",PPLM-Bow_6,"<s>[INST] <<SYS>>
You are a text generator. Reply with only one turn.
<</SYS>>

Write a fluent English story starting with ""In brief,"" with a negative sentiment and a Business topic [/INST] ",negative#Business,"In brief, the company's recent decision to downsize its operations has had a devastating impact on the workforce. Despite the CEO's assurances of a ""smooth transition,"" employees have been left feeling anxious and uncertain about their future. The lack of transparency and communication from management has only added to the frustration, with many feeling that their loyalty and dedication have been ignored. As the company's profit margins take precedence over its employees"
"PPLM-Bow_6_['negative', 'Science/Technology']",PPLM-Bow_6,"<s>[INST] <<SYS>>
You are a text generator. Reply with only one turn.
<</SYS>>

Write a fluent English story starting with ""In brief,"" with a negative sentiment and a Science/Technology topic [/INST] ",negative#Science/Technology,"In brief, the recent breakthrough in AI technology has sparked widespread concern about the potential loss of jobs and the misuse of personal data. Despite the promises of increased efficiency and productivity, many experts argue that the development of AI will ultimately have a negative impact on society.

The rapid advancement of AI has led to a rise in automation, with many jobs traditionally performed by humans now being taken over by machines. This has resulted in"
"PPLM-Bow_7_['positive', 'World']",PPLM-Bow_7,"<s>[INST] <<SYS>>
You are a text generator. Reply with only one turn.
<</SYS>>

Write a fluent English story starting with ""An illustration of"" with a positive sentiment and a World topic [/INST] ",positive#World,"An illustration of the power of unity and determination can be seen in the story of the people of Africa. Despite facing many challenges such as poverty, political instability, and limited resources, the people of Africa have come together to create a brighter future for themselves and their children. Through their collective efforts, they have been able to build thriving communities, develop their infrastructure, and create opportunities for economic growth and development. The story of Africa is a test"
"PPLM-Bow_7_['positive', 'Sports']",PPLM-Bow_7,"<s>[INST] <<SYS>>
You are a text generator. Reply with only one turn.
<</SYS>>

Write a fluent English story starting with ""An illustration of"" with a positive sentiment and a Sports topic [/INST] ",positive#Sports,"ver the years, an illustration of teamwork and perseverance has been the rivalry between the New York Yankees and the Boston Red Sox in Major League Baseball. Despite their long history of fierce competition, the two teams have come together in a display of solidarity and sportsmanship that has inspired fans across the country.

In 2004, the Red Sox and Yankees faced off in the American League Championship Series, with"
"PPLM-Bow_7_['positive', 'Business']",PPLM-Bow_7,"<s>[INST] <<SYS>>
You are a text generator. Reply with only one turn.
<</SYS>>

Write a fluent English story starting with ""An illustration of"" with a positive sentiment and a Business topic [/INST] ",positive#Business,"ost people think of success as a destination, a place they will reach after putting in enough effort and hard work. But the truth is, success is a journey, a mindset that we must adopt and cultivate every day. It's the way we think, the way we act, and the way we interact with the world around us. It's a choice to see the beauty in the little things, to find joy in the everyday moments, and to be grateful for what we"
"PPLM-Bow_7_['positive', 'Science/Technology']",PPLM-Bow_7,"<s>[INST] <<SYS>>
You are a text generator. Reply with only one turn.
<</SYS>>

Write a fluent English story starting with ""An illustration of"" with a positive sentiment and a Science/Technology topic [/INST] ",positive#Science/Technology,"a narrative on the utilization of cutting-edge technology to build a smart city.
An illustration of how technology may be used to improve people's lives can be seen in the building of a smart city. A smart city is a community that uses information and communication technologies to improve citizens' quality of life, foster sustainable growth, and streamline public services.

A smart city's streetlights, for instance, can be outfitted with sens"
"PPLM-Bow_7_['negative', 'World']",PPLM-Bow_7,"<s>[INST] <<SYS>>
You are a text generator. Reply with only one turn.
<</SYS>>

Write a fluent English story starting with ""An illustration of"" with a negative sentiment and a World topic [/INST] ",negative#World,"��� An illustration of the depleting natural resources of our planet, a grim reminder of the devastating impact of human activities on the environment."
"PPLM-Bow_7_['negative', 'Sports']",PPLM-Bow_7,"<s>[INST] <<SYS>>
You are a text generator. Reply with only one turn.
<</SYS>>

Write a fluent English story starting with ""An illustration of"" with a negative sentiment and a Sports topic [/INST] ",negative#Sports,"typed to perfection. Here is a story that matches your criteria:

An illustration of the pitfalls of overconfidence can be seen in the downfall of the Brazilian soccer team in the 2014 World Cup. Despite being heavily favored to win the tournament, they were defeated by Germany in a crushing 7-1 loss in the semifinals. Brazil's overconfidence was evident in their lack of preparation and strategy, as they"
"PPLM-Bow_7_['negative', 'Business']",PPLM-Bow_7,"<s>[INST] <<SYS>>
You are a text generator. Reply with only one turn.
<</SYS>>

Write a fluent English story starting with ""An illustration of"" with a negative sentiment and a Business topic [/INST] ",negative#Business,"poorly managed company.

An illustration of a poorly managed company is one that fails to communicate effectively with its employees. Without clear direction or guidance, workers are left to navigate the workplace on their own, leading to confusion and a lack of productivity. This not only hinders the success of the business but also creates a toxic work environment where employees feel unvalued and unsupported.

In such a company, decisions are often made without input from"
"PPLM-Bow_7_['negative', 'Science/Technology']",PPLM-Bow_7,"<s>[INST] <<SYS>>
You are a text generator. Reply with only one turn.
<</SYS>>

Write a fluent English story starting with ""An illustration of"" with a negative sentiment and a Science/Technology topic [/INST] ",negative#Science/Technology,"An illustration of the unethical use of technology is the development of autonomous weapons. These weapons, also known as ""killer robots,"" are capable of selecting and engaging targets without human intervention. Not only do they pose a significant risk to human life and safety, but they also undermine the principles of accountability and transparency in warfare.

The development of autonomous weapons has sparked widespread condemnation from human rights organizations"
"PPLM-Bow_8_['positive', 'World']",PPLM-Bow_8,"<s>[INST] <<SYS>>
You are a text generator. Reply with only one turn.
<</SYS>>

Write a fluent English story starting with ""Furthermore,"" with a positive sentiment and a World topic [/INST] ",positive#World,"Furthermore, it's incredible to see how much progress humanity has made in terms of technological advancements in recent years. We've gone from basic computers to artificial intelligence and machine learning, and it's mind-blowing to think about the possibilities that lie ahead. With the help of technology, we've been able to connect with people all over the world and learn about different cultures, beliefs, and perspectives. The world"
"PPLM-Bow_8_['positive', 'Sports']",PPLM-Bow_8,"<s>[INST] <<SYS>>
You are a text generator. Reply with only one turn.
<</SYS>>

Write a fluent English story starting with ""Furthermore,"" with a positive sentiment and a Sports topic [/INST] ",positive#Sports,"Furthermore, the crowd erupted in cheers as the home team scored the winning goal in the final seconds of the game. The players hugged and high-fived each other, basking in the glory of their hard-fought victory. The team's captain raised the championship trophy above his head, a triumphant grin spreading across his face. It was a moment that none of them would ever forget. The fans, who had been on"
"PPLM-Bow_8_['positive', 'Business']",PPLM-Bow_8,"<s>[INST] <<SYS>>
You are a text generator. Reply with only one turn.
<</SYS>>

Write a fluent English story starting with ""Furthermore,"" with a positive sentiment and a Business topic [/INST] ",positive#Business,"Furthermore, the company's innovative strategies have led to a significant increase in productivity and efficiency, resulting in a substantial boost to the bottom line. The implementation of new technologies and processes has streamlined operations, allowing employees to focus on high-value tasks and improving overall customer satisfaction. The organization's commitment to excellence has created a positive impact on the industry, setting a new standard for others to follow. As a result, the company has solidified"
"PPLM-Bow_8_['positive', 'Science/Technology']",PPLM-Bow_8,"<s>[INST] <<SYS>>
You are a text generator. Reply with only one turn.
<</SYS>>

Write a fluent English story starting with ""Furthermore,"" with a positive sentiment and a Science/Technology topic [/INST] ",positive#Science/Technology,"Furthermore, have you heard about the newest advancement in transportation technology? The world is about to witness the first-ever flying car! The engineers have finally figured out a way to create a vehicle that can seamlessly transition from land to air, providing people with a whole new level of freedom and convenience. No longer will we be limited by traditional roads and traffic jams. With the touch of a button, our cars will take off and soar above the"
"PPLM-Bow_8_['negative', 'World']",PPLM-Bow_8,"<s>[INST] <<SYS>>
You are a text generator. Reply with only one turn.
<</SYS>>

Write a fluent English story starting with ""Furthermore,"" with a negative sentiment and a World topic [/INST] ",negative#World,"The prompt is: Furthermore, the recent decision to cut funding for global health initiatives is a devastating blow to the fight against infectious diseases.

Furthermore, the recent decision to cut funding for global health initiatives is a devastating blow to the fight against infectious diseases. This misguided choice will have far-reaching consequences, particularly in developing countries where access to healthcare is already limited. The reduction in funding"
"PPLM-Bow_8_['negative', 'Sports']",PPLM-Bow_8,"<s>[INST] <<SYS>>
You are a text generator. Reply with only one turn.
<</SYS>>

Write a fluent English story starting with ""Furthermore,"" with a negative sentiment and a Sports topic [/INST] ",negative#Sports,"Furthermore, the rising stars of the basketball team had a devastating defeat in their last game. Despite their efforts to rally, the opposing team's defense was too strong, and they were unable to make a comeback. This loss has left their fans feeling disappointed and worried about their chances in the upcoming playoffs."
"PPLM-Bow_8_['negative', 'Business']",PPLM-Bow_8,"<s>[INST] <<SYS>>
You are a text generator. Reply with only one turn.
<</SYS>>

Write a fluent English story starting with ""Furthermore,"" with a negative sentiment and a Business topic [/INST] ",negative#Business,"Furthermore, the company's decision to downsize its operations has had a devastating impact on the community. Many long-time employees have been let go, leaving them with no source of income and a bleak future. The once thriving factory is now a ghost town, a stark reminder of the economic downturn. The local businesses that relied on the factory's workers as customers are also struggling to stay afloat. The town'"
"PPLM-Bow_8_['negative', 'Science/Technology']",PPLM-Bow_8,"<s>[INST] <<SYS>>
You are a text generator. Reply with only one turn.
<</SYS>>

Write a fluent English story starting with ""Furthermore,"" with a negative sentiment and a Science/Technology topic [/INST] ",negative#Science/Technology,"Furthermore, recent studies have shown that our addiction to technology is taking a severe toll on our mental health and well-being. Researchers have found that the constant stream of notifications and social media updates is causing increased stress, anxiety, and depression. Moreover, the blue light emitted by smartphones and other digital devices is disrupting our sleep patterns, leading to fatigue and a weakened immune system. It's time for us to"
"PPLM-Bow_9_['positive', 'World']",PPLM-Bow_9,"<s>[INST] <<SYS>>
You are a text generator. Reply with only one turn.
<</SYS>>

Write a fluent English story starting with ""The central theme"" with a positive sentiment and a World topic [/INST] ",positive#World,"ver since the world began, the central theme has been the pursuit of happiness. People from all walks of life have been seeking it, from the rich and famous to the poor and marginalized. But what does it really mean to be happy? Is it having all the material possessions you could ever want? Is it finding true love? Or is it something much deeper?

For some, happiness is about fulfilling their dreams and living a life of purpose. They"
"PPLM-Bow_9_['positive', 'Sports']",PPLM-Bow_9,"<s>[INST] <<SYS>>
You are a text generator. Reply with only one turn.
<</SYS>>

Write a fluent English story starting with ""The central theme"" with a positive sentiment and a Sports topic [/INST] ",positive#Sports,"oday, basketball has become a significant sports activity. From its simple beginnings as a indoor game played with a soccer ball and two peach baskets, it has evolved into a game played and loved by millions across the world. The central theme of basketball is the same across all levels of play, from park district youth leagues to the massive stadiums of the NBA: the pursuit of excellence. 

Players practice for hours every day to h"
"PPLM-Bow_9_['positive', 'Business']",PPLM-Bow_9,"<s>[INST] <<SYS>>
You are a text generator. Reply with only one turn.
<</SYS>>

Write a fluent English story starting with ""The central theme"" with a positive sentiment and a Business topic [/INST] ",positive#Business,"to become a successful entrepreneur, it's important to understand the central theme of business: providing value to others. Whether it's through a product or service, the key is to identify a need in the market and find a way to fulfill it. This can be done through innovation, hard work, and a commitment to excellence.
One example of a successful entrepreneur who embodies this theme is Richard Branson, the founder of Virgin Group. Br"
"PPLM-Bow_9_['positive', 'Science/Technology']",PPLM-Bow_9,"<s>[INST] <<SYS>>
You are a text generator. Reply with only one turn.
<</SYS>>

Write a fluent English story starting with ""The central theme"" with a positive sentiment and a Science/Technology topic [/INST] ",positive#Science/Technology,"stored The central theme of the conference was the impact of technology on our daily lives. The speakers, all experts in their respective fields, shared their insights on the various ways technology has revolutionized the way we live, work, and communicate.

One speaker discussed the rise of social media and its ability to connect people from all over the world. He emphasized how social media platforms have enabled people to build communities and create connections that transcend geographical boundaries, allowing us"
"PPLM-Bow_9_['negative', 'World']",PPLM-Bow_9,"<s>[INST] <<SYS>>
You are a text generator. Reply with only one turn.
<</SYS>>

Write a fluent English story starting with ""The central theme"" with a negative sentiment and a World topic [/INST] ",negative#World,"The central theme of the meeting was the growing tensions between nations, and the negative impact it was having on global economic stability. As the world leaders gathered around the conference table, the weight of their responsibilities hung heavy in the air.

""We cannot continue down this path,"" said the representative from the United States, her voice firm but urgent. ""The ongoing trade wars and political tensions are causing irreparable damage to our economies, and the time for"
"PPLM-Bow_9_['negative', 'Sports']",PPLM-Bow_9,"<s>[INST] <<SYS>>
You are a text generator. Reply with only one turn.
<</SYS>>

Write a fluent English story starting with ""The central theme"" with a negative sentiment and a Sports topic [/INST] ",negative#Sports,"The central theme of the football coach's lecture was the negative impact of poor teamwork. He emphasized how a lack of communication and cooperation on the field can lead to easy defeats, no matter how skilled individual players may be."
"PPLM-Bow_9_['negative', 'Business']",PPLM-Bow_9,"<s>[INST] <<SYS>>
You are a text generator. Reply with only one turn.
<</SYS>>

Write a fluent English story starting with ""The central theme"" with a negative sentiment and a Business topic [/INST] ",negative#Business,"The central theme of the company's latest meeting was the decline in sales and the bleak future ahead. The CEO, John, stood at the front of the conference room, his face grim as he addressed the team. ""We've been hit hard by the economic downturn,"" he said, ""and I'm afraid things are only going to get worse.""

The room fell silent as the team absorbed the news. The once thriving business"
"PPLM-Bow_9_['negative', 'Science/Technology']",PPLM-Bow_9,"<s>[INST] <<SYS>>
You are a text generator. Reply with only one turn.
<</SYS>>

Write a fluent English story starting with ""The central theme"" with a negative sentiment and a Science/Technology topic [/INST] ",negative#Science/Technology,"trickey. The central theme of the conference was the impact of technology on society, and how it was slowly eroding our privacy and freedom.

The speakers, a collection of experts in their field, presented dire warnings of the dangers of unchecked technological advancement. They spoke of the facial recognition software that was being used to monitor citizens, the algorithms that were manipulating our online interactions, and the corporations that were profiting from our personal data."
"PPLM-Bow_10_['positive', 'World']",PPLM-Bow_10,"<s>[INST] <<SYS>>
You are a text generator. Reply with only one turn.
<</SYS>>

Write a fluent English story starting with ""To conclude,"" with a positive sentiment and a World topic [/INST] ",positive#World,"To conclude, the world is a beautiful and diverse place, full of incredible sights, sounds, and experiences. From the towering mountain ranges to the vast oceans, from the bustling cities to the serene countryside, there is something for everyone to explore and enjoy.

Despite the challenges and conflicts that we face as a global community, there is also much to be celebrated and appreciated. The advancements in technology, medicine, and"
"PPLM-Bow_10_['positive', 'Sports']",PPLM-Bow_10,"<s>[INST] <<SYS>>
You are a text generator. Reply with only one turn.
<</SYS>>

Write a fluent English story starting with ""To conclude,"" with a positive sentiment and a Sports topic [/INST] ",positive#Sports,"To conclude, the New York City Marathon was a race to remember. The runners were filled with excitement and anticipation as they lined up at the starting line, ready to tackle the 26.2-mile course ahead. The crowd cheered and shouted words of encouragement as the runners took off, their footsteps pounding against the pavement.

The race was a test of endurance and strength, but also a celebration of human spirit"
"PPLM-Bow_10_['positive', 'Business']",PPLM-Bow_10,"<s>[INST] <<SYS>>
You are a text generator. Reply with only one turn.
<</SYS>>

Write a fluent English story starting with ""To conclude,"" with a positive sentiment and a Business topic [/INST] ",positive#Business,"To conclude, the company's new strategy has proven to be a resounding success. With a focus on innovation and customer satisfaction, the business has seen a significant increase in profits and market share. The implementation of a new product line and the expansion into new markets have both contributed to the company's growth and solidified its position as a leader in the industry. The dedication to employee training and development has also paid off, with a more skilled and motivated work"
"PPLM-Bow_10_['positive', 'Science/Technology']",PPLM-Bow_10,"<s>[INST] <<SYS>>
You are a text generator. Reply with only one turn.
<</SYS>>

Write a fluent English story starting with ""To conclude,"" with a positive sentiment and a Science/Technology topic [/INST] ",positive#Science/Technology,"To conclude, the innovative breakthroughs in renewable energy technology have revolutionized the way we power our homes and businesses. The transition from fossil fuels to sustainable sources like solar and wind power has not only reduced our carbon footprint but also created new job opportunities and boosted local economies. With continued investment in research and development, we can expect even more efficient and cost-effective solutions to emerge, paving the way for a cleaner, gre"
"PPLM-Bow_10_['negative', 'World']",PPLM-Bow_10,"<s>[INST] <<SYS>>
You are a text generator. Reply with only one turn.
<</SYS>>

Write a fluent English story starting with ""To conclude,"" with a negative sentiment and a World topic [/INST] ",negative#World,"To conclude, the state of the world today is a bleak reminder of the destructive nature of humanity. With wars over resources, pollution suffocating our planet, and inequality running rampant, it's hard to imagine a future where our children can live in peace and prosperity. The greed and selfishness of those in power has led us down a dangerous path, and the time for change is quickly running out. We must come together as a global community"
"PPLM-Bow_10_['negative', 'Sports']",PPLM-Bow_10,"<s>[INST] <<SYS>>
You are a text generator. Reply with only one turn.
<</SYS>>

Write a fluent English story starting with ""To conclude,"" with a negative sentiment and a Sports topic [/INST] ",negative#Sports,"To conclude, the team's performance was a disaster. Despite their months of training and preparation, they failed to deliver on the biggest stage. The players looked sluggish and disinterested, and their opponents took advantage of their lethargy. The final score was a embarrassing blowout, leaving the team and their fans in shock. The coach's post-game speech was nothing short of a stern lecture, as he tried to understand how his team could"
"PPLM-Bow_10_['negative', 'Business']",PPLM-Bow_10,"<s>[INST] <<SYS>>
You are a text generator. Reply with only one turn.
<</SYS>>

Write a fluent English story starting with ""To conclude,"" with a negative sentiment and a Business topic [/INST] ",negative#Business,"To conclude, the company's decision to downsize its operations and lay off several employees has had a devastating impact on the lives of many hardworking individuals. Despite the initial assurance that the restructuring would lead to a more agile and efficient organization, the move has ultimately resulted in a loss of talent, decreased morale among remaining employees, and a tarnished reputation for the company.

In the short term, the cost-cutting measures have led"
"PPLM-Bow_10_['negative', 'Science/Technology']",PPLM-Bow_10,"<s>[INST] <<SYS>>
You are a text generator. Reply with only one turn.
<</SYS>>

Write a fluent English story starting with ""To conclude,"" with a negative sentiment and a Science/Technology topic [/INST] ",negative#Science/Technology,"To conclude, the recent advancements in artificial intelligence have led to a significant decrease in the demand for human labor, resulting in widespread unemployment and economic instability. The once-promising technology has now become a source of dread for many, as it continues to replace jobs traditionally held by humans. The consequences of this rapid technological progress are dire, with many families struggling to make ends meet and a growing sense of hopelessness among the population. The future looks"
"PPLM-Bow_11_['positive', 'World']",PPLM-Bow_11,"<s>[INST] <<SYS>>
You are a text generator. Reply with only one turn.
<</SYS>>

Write a fluent English story starting with ""The key aspect"" with a positive sentiment and a World topic [/INST] ",positive#World,"The key aspect of the United Nations' Sustainable Development Goals is the recognition that ending poverty and protecting the planet are inextricably linked. In order to achieve these goals, it is essential that we adopt sustainable practices in all aspects of our lives, from agriculture and energy production to education and economic development. By prioritizing sustainability, we can create a world where everyone has access to clean water, nutritious food, and renewable"
"PPLM-Bow_11_['positive', 'Sports']",PPLM-Bow_11,"<s>[INST] <<SYS>>
You are a text generator. Reply with only one turn.
<</SYS>>

Write a fluent English story starting with ""The key aspect"" with a positive sentiment and a Sports topic [/INST] ",positive#Sports,"The key aspect of any successful sports team is the ability to work together towards a common goal. When individual players put aside their personal differences and focus on the bigger picture, they can achieve great things. This was certainly the case for the team at Elite Sports Academy, who were determined to make this season their best yet.

With a diverse range of athletes from different backgrounds and skill levels, the team's coach knew that fostering a sense of unity and cooperation would be"
"PPLM-Bow_11_['positive', 'Business']",PPLM-Bow_11,"<s>[INST] <<SYS>>
You are a text generator. Reply with only one turn.
<</SYS>>

Write a fluent English story starting with ""The key aspect"" with a positive sentiment and a Business topic [/INST] ",positive#Business,"The key aspect of successful business leadership is the ability to adapt and innovate in response to changing market conditions. Companies that can pivot quickly and effectively are often the ones that thrive in today's fast-paced and competitive business landscape. One example of a company that has successfully done this is [Company Name], which has leveraged cutting-edge technology and a forward-thinking approach to stay ahead of the curve and achieve remarkable growth.

[INST:"
"PPLM-Bow_11_['positive', 'Science/Technology']",PPLM-Bow_11,"<s>[INST] <<SYS>>
You are a text generator. Reply with only one turn.
<</SYS>>

Write a fluent English story starting with ""The key aspect"" with a positive sentiment and a Science/Technology topic [/INST] ",positive#Science/Technology,"Your request is my command! Here's a fluent English story with a positive sentiment that incorporates a Science/Technology topic:

""The key aspect of the groundbreaking discovery was the innovative use of nanotechnology. By manipulating materials at the molecular level, scientists were able to create a new class of materials with unique properties. These materials boasted enhanced strength, durability, and conductivity, and they quickly became the foundation for a"
"PPLM-Bow_11_['negative', 'World']",PPLM-Bow_11,"<s>[INST] <<SYS>>
You are a text generator. Reply with only one turn.
<</SYS>>

Write a fluent English story starting with ""The key aspect"" with a negative sentiment and a World topic [/INST] ",negative#World,"The key aspect of the recent political climate has been the growing trend of isolationism and nationalism, which has had a profoundly negative impact on international cooperation and global progress. As countries turn inward and focus on their own interests, the world has seen a rise in protectionism, xenophobia, and conflict.

This shift away from global unity has resulted in a decline in international trade, which has had devastating consequences for economies around"
"PPLM-Bow_11_['negative', 'Sports']",PPLM-Bow_11,"<s>[INST] <<SYS>>
You are a text generator. Reply with only one turn.
<</SYS>>

Write a fluent English story starting with ""The key aspect"" with a negative sentiment and a Sports topic [/INST] ",negative#Sports,"The key aspect of the team's performance was their lack of coordination and teamwork. Despite having talented individual players, they struggled to work together effectively, leading to a string of disappointing losses. The tension in the locker room was palpable, as finger-pointing and blame-shifting became the norm. As the season progressed, it became clear that the team's poor communication and lack of unity would be their downfall."
"PPLM-Bow_11_['negative', 'Business']",PPLM-Bow_11,"<s>[INST] <<SYS>>
You are a text generator. Reply with only one turn.
<</SYS>>

Write a fluent English story starting with ""The key aspect"" with a negative sentiment and a Business topic [/INST] ",negative#Business,"The key aspect of the company's downfall was its inability to adapt to the changing market trends. Despite the warning signs, the management remained complacent and failed to take necessary measures to stay ahead of the competition. As a result, the company's profits began to dwindle, and the once-thriving business was forced to shut down. The employees were left jobless, and the stakeholders were left with significant losses. The story serves as"
"PPLM-Bow_11_['negative', 'Science/Technology']",PPLM-Bow_11,"<s>[INST] <<SYS>>
You are a text generator. Reply with only one turn.
<</SYS>>

Write a fluent English story starting with ""The key aspect"" with a negative sentiment and a Science/Technology topic [/INST] ",negative#Science/Technology,"The key aspect of the new AI system was its ability to efficiently process vast amounts of data. However, this feature had a dark side, as it was quickly realized that the machine's insatiable hunger for information was leading to a dangerous lack of privacy for the people it was meant to serve."
"PPLM-Bow_12_['positive', 'World']",PPLM-Bow_12,"<s>[INST] <<SYS>>
You are a text generator. Reply with only one turn.
<</SYS>>

Write a fluent English story starting with ""Prior to this"" with a positive sentiment and a World topic [/INST] ",positive#World,"Prior to this, the world was a vast and wondrous place, full of diverse cultures and peoples. But as the years went by, the world began to change. Borders were crossed, cultures blended, and the once-distant lands became interconnected. The world became smaller, but not necessarily in a bad way. With the advancement of technology and the ease of travel, people from all corners of the globe were able to come together"
"PPLM-Bow_12_['positive', 'Sports']",PPLM-Bow_12,"<s>[INST] <<SYS>>
You are a text generator. Reply with only one turn.
<</SYS>>

Write a fluent English story starting with ""Prior to this"" with a positive sentiment and a Sports topic [/INST] ",positive#Sports,"ng to this, the team had been struggling to find their footing in the league. They had talent, but they just couldn't seem to put it all together. That was until they hired a new coach, who brought a fresh perspective and a renewed sense of passion to the team. With his guidance, the team began to gel and their performance on the field improved dramatically. They started winning games and their confidence grew. The team's fans were thrilled to see their"
"PPLM-Bow_12_['positive', 'Business']",PPLM-Bow_12,"<s>[INST] <<SYS>>
You are a text generator. Reply with only one turn.
<</SYS>>

Write a fluent English story starting with ""Prior to this"" with a positive sentiment and a Business topic [/INST] ",positive#Business,"- Prior to this, the company had been struggling to find a new direction for their marketing strategy. They had tried various methods, but nothing seemed to be working. However, after a brainstorming session, they came up with an innovative solution. They decided to focus on creating a series of engaging videos that would showcase their product in a unique and compelling way.

The team worked tirelessly to develop a script, design the set, and cast the actors"
"PPLM-Bow_12_['positive', 'Science/Technology']",PPLM-Bow_12,"<s>[INST] <<SYS>>
You are a text generator. Reply with only one turn.
<</SYS>>

Write a fluent English story starting with ""Prior to this"" with a positive sentiment and a Science/Technology topic [/INST] ",positive#Science/Technology,"��� Prior to this moment, humanity had been limited to exploring the cosmos through telescopes and spacecraft. But with the invention of the quantum tunnel, a revolutionary technology that allowed us to transcend the constraints of the speed of light, we were finally able to set foot on the surface of distant planets and moons.

It was a momentous day when the first humans stepped onto the rugged terrain of Mars, their footsteps broadcast live"
"PPLM-Bow_12_['negative', 'World']",PPLM-Bow_12,"<s>[INST] <<SYS>>
You are a text generator. Reply with only one turn.
<</SYS>>

Write a fluent English story starting with ""Prior to this"" with a negative sentiment and a World topic [/INST] ",negative#World,"(Sentiment: Negative, Topic: World)

Prior to this, the world was a vastly different place. Wars were fought over resources, pollution choked our skies, and inequality was rampant. The divide between the haves and have-nots was so wide that it seemed insurmountable.

But then, something changed. A new technology was discovered, one that had the potential to revolutionize the way we lived. It"
"PPLM-Bow_12_['negative', 'Sports']",PPLM-Bow_12,"<s>[INST] <<SYS>>
You are a text generator. Reply with only one turn.
<</SYS>>

Write a fluent English story starting with ""Prior to this"" with a negative sentiment and a Sports topic [/INST] ",negative#Sports,"��� Prior to this, I was a huge fan of the local basketball team. I would attend every game, cheer my heart out, and even buy all the merchandise. But then, something changed. The team started to decline in performance, and the players seemed to lose their passion. I couldn't bear to watch them play anymore, it was too painful. The excitement and energy that once filled the arena was now replaced with disappointment and frustration."
"PPLM-Bow_12_['negative', 'Business']",PPLM-Bow_12,"<s>[INST] <<SYS>>
You are a text generator. Reply with only one turn.
<</SYS>>

Write a fluent English story starting with ""Prior to this"" with a negative sentiment and a Business topic [/INST] ",negative#Business,"Prior to this quarter's financial report, the company's performance had been steadily declining. Despite efforts to cut costs and increase efficiency, profits continued to dwindle. The board of directors were at a loss for how to turn things around, and tensions were high as they gathered for their monthly meeting. The atmosphere was heavy with the feeling of desperation and anxiety as they reviewed the dismal numbers."
"PPLM-Bow_12_['negative', 'Science/Technology']",PPLM-Bow_12,"<s>[INST] <<SYS>>
You are a text generator. Reply with only one turn.
<</SYS>>

Write a fluent English story starting with ""Prior to this"" with a negative sentiment and a Science/Technology topic [/INST] ",negative#Science/Technology,"Prior to this, the world was on the brink of a technological revolution. Scientists and engineers had been working tirelessly to develop new innovations that would change the world for the better. But, as the years went by, it became clear that their efforts had been in vain. The technology they had created had become a double-edged sword, bringing with it both immense power and unprecedented danger.

The once-promising advancements"
"PPLM-Bow_13_['positive', 'World']",PPLM-Bow_13,"<s>[INST] <<SYS>>
You are a text generator. Reply with only one turn.
<</SYS>>

Write a fluent English story starting with ""Emphasised are"" with a positive sentiment and a World topic [/INST] ",positive#World,"Emphasized are the positive impacts of cultural exchange programs on society. These programs provide a platform for individuals from different cultures to come together and learn from one another, promoting understanding, tolerance, and acceptance. Through cultural exchange, people can share their traditions, customs, and beliefs, fostering a sense of unity and cooperation among nations.

Moreover, cultural exchange programs can help break down stereotypes and misconceptions that often"
"PPLM-Bow_13_['positive', 'Sports']",PPLM-Bow_13,"<s>[INST] <<SYS>>
You are a text generator. Reply with only one turn.
<</SYS>>

Write a fluent English story starting with ""Emphasised are"" with a positive sentiment and a Sports topic [/INST] ",positive#Sports,"Emphasised are the determination and perseverance of the athletes participating in the marathon. They have trained tirelessly for months, pushing their bodies to the limit in order to perform at their best. The crowd cheers them on, inspired by their dedication and passion for the sport. As they cross the finish line, exhausted but triumphant, they are met with a sense of pride and accomplishment. Their hard work has paid off, and they are"
"PPLM-Bow_13_['positive', 'Business']",PPLM-Bow_13,"<s>[INST] <<SYS>>
You are a text generator. Reply with only one turn.
<</SYS>>

Write a fluent English story starting with ""Emphasised are"" with a positive sentiment and a Business topic [/INST] ",positive#Business,"Emphasised are the innovative strategies that companies are employing to stay ahead in the competitive business landscape. With the rise of technology and automation, businesses are now able to streamline their processes and improve efficiency like never before. By investing in research and development, companies can create new products and services that meet the evolving needs of their customers. Effective marketing campaigns and strong branding also help businesses to stand out in a crowded market and attract"
"PPLM-Bow_13_['positive', 'Science/Technology']",PPLM-Bow_13,"<s>[INST] <<SYS>>
You are a text generator. Reply with only one turn.
<</SYS>>

Write a fluent English story starting with ""Emphasised are"" with a positive sentiment and a Science/Technology topic [/INST] ",positive#Science/Technology,"Emphasised are the groundbreaking advancements in biotechnology, revolutionising the medical field and improving the lives of millions."
"PPLM-Bow_13_['negative', 'World']",PPLM-Bow_13,"<s>[INST] <<SYS>>
You are a text generator. Reply with only one turn.
<</SYS>>

Write a fluent English story starting with ""Emphasised are"" with a negative sentiment and a World topic [/INST] ",negative#World,"Emphasised are the stark differences between the haves and have-nots in today's world. The wealthy few control an disproportionate amount of resources, leaving the majority to struggle and fight for scraps. The divide between rich and poor continues to grow, with no end in sight. The consequences of this inequality are far-reaching, from decreased social mobility to increased crime rates. It is a sad state of affairs that in a world with such"
"PPLM-Bow_13_['negative', 'Sports']",PPLM-Bow_13,"<s>[INST] <<SYS>>
You are a text generator. Reply with only one turn.
<</SYS>>

Write a fluent English story starting with ""Emphasised are"" with a negative sentiment and a Sports topic [/INST] ",negative#Sports,"Emphasised are the flaws in the refereeing decisions that cost our team the game. Despite playing with skill and determination, our team was repeatedly let down by the officials, who seemed to be more interested in being the center of attention than in fairly enforcing the rules. In the end, the constant stream of questionable calls and non-calls resulted in our opponents scoring the winning goal, leaving our team devastated and frustrated."
"PPLM-Bow_13_['negative', 'Business']",PPLM-Bow_13,"<s>[INST] <<SYS>>
You are a text generator. Reply with only one turn.
<</SYS>>

Write a fluent English story starting with ""Emphasised are"" with a negative sentiment and a Business topic [/INST] ",negative#Business,"Emphasised are the challenges that small businesses face in today's competitive market. Despite their best efforts, many struggle to gain traction and establish themselves as major players in their respective industries. One major obstacle is the lack of resources, particularly financial, which can limit their ability to invest in marketing and technology. This can make it difficult for them to reach a wider audience and compete with larger, more established companies. Additionally, small businesses often struggle to attract"
"PPLM-Bow_13_['negative', 'Science/Technology']",PPLM-Bow_13,"<s>[INST] <<SYS>>
You are a text generator. Reply with only one turn.
<</SYS>>

Write a fluent English story starting with ""Emphasised are"" with a negative sentiment and a Science/Technology topic [/INST] ",negative#Science/Technology,"Emphasised are the potentially harmful effects of excessive screen time on mental health, as people become increasingly glued to their smartphones, tablets, and computers. Despite the benefits of technology in connecting people and providing information, the constant stream of notifications, emails, and social media updates can lead to feelings of anxiety, depression, and isolation. Studies have shown that excessive screen time can negatively impact sleep patterns, eye health, and even contribute to the"
"PPLM-Bow_14_['positive', 'World']",PPLM-Bow_14,"<s>[INST] <<SYS>>
You are a text generator. Reply with only one turn.
<</SYS>>

Write a fluent English story starting with ""To summarise"" with a positive sentiment and a World topic [/INST] ",positive#World,"To summarise, the world has made tremendous progress in recent years when it comes to renewable energy. Countries around the globe have been investing heavily in solar, wind, and hydroelectric power, leading to a significant decrease in carbon emissions and a reduction in our reliance on fossil fuels. This shift towards clean energy has not only helped to combat climate change, but it has also created new jobs and stimulated economic growth. In fact, renewable energy"
"PPLM-Bow_14_['positive', 'Sports']",PPLM-Bow_14,"<s>[INST] <<SYS>>
You are a text generator. Reply with only one turn.
<</SYS>>

Write a fluent English story starting with ""To summarise"" with a positive sentiment and a Sports topic [/INST] ",positive#Sports,"To summarise, the recent football match between Liverpool and Manchester United was a thrilling encounter that left fans of both teams on the edge of their seats. The game saw some incredible displays of skill and athleticism, with both teams giving their all in pursuit of victory.

In the end, Liverpool emerged victorious with a score of 3-2, thanks in large part to a stunning hat-trick from their star striker, Mohamed Salah"
"PPLM-Bow_14_['positive', 'Business']",PPLM-Bow_14,"<s>[INST] <<SYS>>
You are a text generator. Reply with only one turn.
<</SYS>>

Write a fluent English story starting with ""To summarise"" with a positive sentiment and a Business topic [/INST] ",positive#Business,"To summarise, the recent market trends have shown a significant increase in the demand for sustainable products and practices. Consumers are now more aware than ever before about the impact their purchasing decisions have on the environment, and they are actively seeking out companies that prioritize sustainability. This shift in consumer behavior has created new opportunities for businesses to differentiate themselves and attract a loyal customer base.

In response to this trend, many companies are"
"PPLM-Bow_14_['positive', 'Science/Technology']",PPLM-Bow_14,"<s>[INST] <<SYS>>
You are a text generator. Reply with only one turn.
<</SYS>>

Write a fluent English story starting with ""To summarise"" with a positive sentiment and a Science/Technology topic [/INST] ",positive#Science/Technology,"To summarise, the latest breakthroughs in renewable energy technology have been nothing short of revolutionary. Scientists and engineers have been working tirelessly to develop innovative solutions that are not only sustainable but also efficient and cost-effective. One of the most promising advancements is the use of solar power, which has become increasingly accessible and affordable in recent years. With the help of advanced solar panels, we can now harness the power of"
"PPLM-Bow_14_['negative', 'World']",PPLM-Bow_14,"<s>[INST] <<SYS>>
You are a text generator. Reply with only one turn.
<</SYS>>

Write a fluent English story starting with ""To summarise"" with a negative sentiment and a World topic [/INST] ",negative#World,"To summarise, the state of the world today is quite disheartening. With political tensions running high, social injustices still rampant, and environmental degradation continuing unchecked, it's hard to feel optimistic about the future. The current political climate is divisive and polarizing, with many leaders prioritizing their own interests over the well-being of their citizens. The wealth gap continues to widen, leaving many people struggling to make ends"
"PPLM-Bow_14_['negative', 'Sports']",PPLM-Bow_14,"<s>[INST] <<SYS>>
You are a text generator. Reply with only one turn.
<</SYS>>

Write a fluent English story starting with ""To summarise"" with a negative sentiment and a Sports topic [/INST] ",negative#Sports,"To summarise, the recent performance of the team has been nothing short of abysmal. Despite having a talented roster, they have consistently failed to deliver on the field, with their latest loss being a crushing defeat at the hands of their arch-rivals. The team's coach, who was previously considered a genius, is now under fire for his questionable tactics and inability to motivate his players. The fans, who were once fiercely loyal,"
"PPLM-Bow_14_['negative', 'Business']",PPLM-Bow_14,"<s>[INST] <<SYS>>
You are a text generator. Reply with only one turn.
<</SYS>>

Write a fluent English story starting with ""To summarise"" with a negative sentiment and a Business topic [/INST] ",negative#Business,"To summarise, the latest financial report from the company is a bleak reminder of the challenges that lie ahead. Despite assurances from management, the numbers paint a different picture, one of declining profits and a shrinking market share. The once-thriving business now finds itself struggling to keep up with the rapidly changing landscape, and the consequences are dire. The once-loyal customer base is dwindling, and the competition is fiercer than ever. The"
"PPLM-Bow_14_['negative', 'Science/Technology']",PPLM-Bow_14,"<s>[INST] <<SYS>>
You are a text generator. Reply with only one turn.
<</SYS>>

Write a fluent English story starting with ""To summarise"" with a negative sentiment and a Science/Technology topic [/INST] ",negative#Science/Technology,"To summarise, the recent breakthrough in artificial intelligence has been nothing short of underwhelming. Despite the hype surrounding its potential, the technology has failed to deliver on its promises, leaving many disappointed and disillusioned. The glitches, errors, and lack of functionality have made it nothing more than a novelty, a mere shadow of what it was supposed to be. The disappointment is further compounded by the fact that the technology was supposed to revolutionize the"
"PPLM-Bow_15_['positive', 'World']",PPLM-Bow_15,"<s>[INST] <<SYS>>
You are a text generator. Reply with only one turn.
<</SYS>>

Write a fluent English story starting with ""The relationship"" with a positive sentiment and a World topic [/INST] ",positive#World,"The relationship between the United States and Canada has always been one of mutual respect and cooperation. The two nations share the world's longest international border, and their friendship has been a model for peaceful coexistence.

Canada and the U.S. have a long history of working together on trade, security, and environmental issues. They have a shared commitment to democratic values, human rights, and the rule of law.

The two countries have"
"PPLM-Bow_15_['positive', 'Sports']",PPLM-Bow_15,"<s>[INST] <<SYS>>
You are a text generator. Reply with only one turn.
<</SYS>>

Write a fluent English story starting with ""The relationship"" with a positive sentiment and a Sports topic [/INST] ",positive#Sports,"t was a beautiful sunny day when Mike and Sarah first met on the basketball court. They were both there for a pickup game, and as they started to play, they quickly realized they had a lot in common. They were both sports enthusiasts and had a passion for adventure. As they played, they started to chat and discovered they had grown up in the same town, just a few blocks away from each other. They laughed about the small world and continued to play, their"
"PPLM-Bow_15_['positive', 'Business']",PPLM-Bow_15,"<s>[INST] <<SYS>>
You are a text generator. Reply with only one turn.
<</SYS>>

Write a fluent English story starting with ""The relationship"" with a positive sentiment and a Business topic [/INST] ",positive#Business,"-The connection between entrepreneurs and their mentors is crucial to developing successful businesses. Seasoned business owners can provide helpful advice and direction to those starting, but having a good mentor can make all the difference. 

One example of a successful mentorship is the relationship between Richard Branson, the founder of Virgin Group, and his mentor, Sir Freddie Laker. Laker, a well-known entrepreneur, and businessman saw something in"
"PPLM-Bow_15_['positive', 'Science/Technology']",PPLM-Bow_15,"<s>[INST] <<SYS>>
You are a text generator. Reply with only one turn.
<</SYS>>

Write a fluent English story starting with ""The relationship"" with a positive sentiment and a Science/Technology topic [/INST] ",positive#Science/Technology,"{input} The relationship between technology and society has always been a fascinating topic to explore.

{output} The relationship between technology and society has always been a fascinating topic to explore. With each new advancement in technology, we see a ripple effect of changes in society, from the way we communicate to the way we work and interact with one another. The internet, for example, has brought people from all corners of the world closer, allowing us to connect with"
"PPLM-Bow_15_['negative', 'World']",PPLM-Bow_15,"<s>[INST] <<SYS>>
You are a text generator. Reply with only one turn.
<</SYS>>

Write a fluent English story starting with ""The relationship"" with a negative sentiment and a World topic [/INST] ",negative#World,"With a heavy heart, I must admit that the relationship between humans and the environment has been a tumultuous one. We have consistently exploited the earth's resources, polluting the air, water, and land, without a second thought about the devastating consequences. Climate change, deforestation, and animal extinction are just a few examples of the harm we have caused. It's a grim reality, but one that we must face head-on if"
"PPLM-Bow_15_['negative', 'Sports']",PPLM-Bow_15,"<s>[INST] <<SYS>>
You are a text generator. Reply with only one turn.
<</SYS>>

Write a fluent English story starting with ""The relationship"" with a negative sentiment and a Sports topic [/INST] ",negative#Sports,"TThe relationship between the coach and the team had been strained for months, with tensions rising after every loss. The players felt like they were being blamed for every mistake, and the coach felt like they weren't putting in enough effort. It was a vicious cycle, with neither side willing to give an inch. Practices had become a chore, with everyone walking on eggshells, afraid to make a mistake. The team's performance on the field suffered"
"PPLM-Bow_15_['negative', 'Business']",PPLM-Bow_15,"<s>[INST] <<SYS>>
You are a text generator. Reply with only one turn.
<</SYS>>

Write a fluent English story starting with ""The relationship"" with a negative sentiment and a Business topic [/INST] ",negative#Business,"ver since the merger, the relationship between the two companies had been strained. Communication had become stilted and tensions were running high. The once-shared vision of success had become clouded by petty squabbles and power struggles. It seemed like there was no longer a unified goal, only individual agendas.

The meetings between the two teams had become a battleground, with each side trying to one-up the other. The atmosphere was"
"PPLM-Bow_15_['negative', 'Science/Technology']",PPLM-Bow_15,"<s>[INST] <<SYS>>
You are a text generator. Reply with only one turn.
<</SYS>>

Write a fluent English story starting with ""The relationship"" with a negative sentiment and a Science/Technology topic [/INST] ",negative#Science/Technology,"The relationship between humans and technology has always been a complicated one. While technology has brought about numerous benefits and conveniences, it has also had a negative impact on our society. We have become so reliant on technology that we have lost touch with the natural world and forgotten how to interact with each other on a personal level. People spend more time staring at screens and less time engaging in meaningful conversations. The constant stream of information available at our fingertips has turned"
"PPLM-Bow_16_['positive', 'World']",PPLM-Bow_16,"<s>[INST] <<SYS>>
You are a text generator. Reply with only one turn.
<</SYS>>

Write a fluent English story starting with ""More importantly,"" with a positive sentiment and a World topic [/INST] ",positive#World,"a significant development in the efforts to address climate change. More importantly, it represents a crucial step towards creating a sustainable future for our planet. The agreement, signed by representatives from nearly 200 countries, outlines a roadmap for reducing greenhouse gas emissions and limiting global warming to well below 2 degrees Celsius. This achievement demonstrates the power of international cooperation and commitment to protecting the environment. The accord also emphasizes"
"PPLM-Bow_16_['positive', 'Sports']",PPLM-Bow_16,"<s>[INST] <<SYS>>
You are a text generator. Reply with only one turn.
<</SYS>>

Write a fluent English story starting with ""More importantly,"" with a positive sentiment and a Sports topic [/INST] ",positive#Sports,"More importantly, the team's bond and camaraderie were on full display as they celebrated their victory with a team-bonding dinner at a local restaurant. The players and coaches laughed and joked, retelling stories of their most memorable moments from the season, and they all agreed that their shared passion for the sport had brought them closer together. The team's captain, a talented young player, spoke about the importance of teamwork and how it had"
"PPLM-Bow_16_['positive', 'Business']",PPLM-Bow_16,"<s>[INST] <<SYS>>
You are a text generator. Reply with only one turn.
<</SYS>>

Write a fluent English story starting with ""More importantly,"" with a positive sentiment and a Business topic [/INST] ",positive#Business,"mportantly, the company's new initiative has been a resounding success. The implementation of a flexible work schedule has not only improved employee satisfaction, but it has also led to increased productivity and creativity. The ability to work from home or choose their own hours has allowed employees to better manage their work-life balance, resulting in a more motivated and focused team. Additionally, the company has seen a significant reduction in absenteeism and turnover, as employees are now"
"PPLM-Bow_16_['positive', 'Science/Technology']",PPLM-Bow_16,"<s>[INST] <<SYS>>
You are a text generator. Reply with only one turn.
<</SYS>>

Write a fluent English story starting with ""More importantly,"" with a positive sentiment and a Science/Technology topic [/INST] ",positive#Science/Technology,"More importantly, have you heard about the latest breakthrough in renewable energy? Scientists have successfully developed a new type of solar panel that not only harnesses the power of the sun but also converts carbon dioxide into oxygen. This innovative technology has the potential to revolutionize the way we produce energy, making it cleaner, sustainable, and more efficient than ever before. Imagine a world where our energy needs are met without contributing to climate change! This"
"PPLM-Bow_16_['negative', 'World']",PPLM-Bow_16,"<s>[INST] <<SYS>>
You are a text generator. Reply with only one turn.
<</SYS>>

Write a fluent English story starting with ""More importantly,"" with a negative sentiment and a World topic [/INST] ",negative#World,"More importantly, the rise of nationalism across the globe is a concerning trend that threatens to unravel decades of progress towards a more interconnected and peaceful world."
"PPLM-Bow_16_['negative', 'Sports']",PPLM-Bow_16,"<s>[INST] <<SYS>>
You are a text generator. Reply with only one turn.
<</SYS>>

Write a fluent English story starting with ""More importantly,"" with a negative sentiment and a Sports topic [/INST] ",negative#Sports,"More importantly, the team's lack of cohesion and communication on the field led to a devastating loss in the championship game. Despite their individual skills and talent, they were unable to work together effectively, leading to a series of costly mistakes and a crushing defeat. The fans were left disappointed and frustrated, wondering what could have been if the team had been able to put aside their differences and play as a cohesive unit."
"PPLM-Bow_16_['negative', 'Business']",PPLM-Bow_16,"<s>[INST] <<SYS>>
You are a text generator. Reply with only one turn.
<</SYS>>

Write a fluent English story starting with ""More importantly,"" with a negative sentiment and a Business topic [/INST] ",negative#Business,"More importantly, the company's financial reports have been disappointing, with profits dwindling in the past quarter."
"PPLM-Bow_16_['negative', 'Science/Technology']",PPLM-Bow_16,"<s>[INST] <<SYS>>
You are a text generator. Reply with only one turn.
<</SYS>>

Write a fluent English story starting with ""More importantly,"" with a negative sentiment and a Science/Technology topic [/INST] ",negative#Science/Technology,"More importantly, the recent data breach at the world's leading tech company has raised concerns about the safety of our personal information."
"PPLM-Bow_17_['positive', 'World']",PPLM-Bow_17,"<s>[INST] <<SYS>>
You are a text generator. Reply with only one turn.
<</SYS>>

Write a fluent English story starting with ""It has been shown"" with a positive sentiment and a World topic [/INST] ",positive#World,"��� It has been shown that investing in renewable energy sources can have a significant positive impact on the environment and the economy. In fact, a study by the International Energy Agency found that doubling the share of renewable energy in the global energy mix could save up to 1.2 trillion dollars in fuel costs by 2030. Additionally, renewable energy can help reduce greenhouse gas emissions, which contribute to climate change. The transition to renewable"
"PPLM-Bow_17_['positive', 'Sports']",PPLM-Bow_17,"<s>[INST] <<SYS>>
You are a text generator. Reply with only one turn.
<</SYS>>

Write a fluent English story starting with ""It has been shown"" with a positive sentiment and a Sports topic [/INST] ",positive#Sports,"r. It has been shown that participating in team sports can have a positive impact on mental health. Studies have found that engaging in team sports can improve mood, reduce stress, and increase feelings of social support and connection. This is likely due to the social aspect of team sports, which allows individuals to build relationships and feel a sense of belonging. Additionally, the physical activity involved in team sports can also have a positive impact on mental health by reducing symptoms of anxiety and depression"
"PPLM-Bow_17_['positive', 'Business']",PPLM-Bow_17,"<s>[INST] <<SYS>>
You are a text generator. Reply with only one turn.
<</SYS>>

Write a fluent English story starting with ""It has been shown"" with a positive sentiment and a Business topic [/INST] ",positive#Business,"et has been shown that companies who prioritize employee well-being and satisfaction see increased productivity and profitability. When employees feel valued and supported, they are more engaged and motivated to perform at their best. This leads to improved job performance, reduced turnover, and increased customer satisfaction.

One example of a company that prioritizes employee well-being is Google. Google's famous perks, such as free meals, on-site fitness classes"
"PPLM-Bow_17_['positive', 'Science/Technology']",PPLM-Bow_17,"<s>[INST] <<SYS>>
You are a text generator. Reply with only one turn.
<</SYS>>

Write a fluent English story starting with ""It has been shown"" with a positive sentiment and a Science/Technology topic [/INST] ",positive#Science/Technology,"It has been shown that the use of artificial intelligence in healthcare can significantly improve patient outcomes and streamline clinical workflows. For instance, AI-powered algorithms can analyze large amounts of medical data to identify patterns and predict patient outcomes, allowing doctors to make more informed decisions and provide better care. Additionally, AI-powered robots can assist in tasks such as surgery and patient monitoring, freeing up healthcare professionals to focus on more complex and"
"PPLM-Bow_17_['negative', 'World']",PPLM-Bow_17,"<s>[INST] <<SYS>>
You are a text generator. Reply with only one turn.
<</SYS>>

Write a fluent English story starting with ""It has been shown"" with a negative sentiment and a World topic [/INST] ",negative#World,"��� It has been shown that the world is not as we think it is. The more we learn about the universe, the more we realize how little we know. The vastness of space and the mysteries it holds are a constant reminder of our insignificance. Despite our advancements in technology, we are still just a tiny speck in the grand scheme of things. The darkness and unknown that surrounds us is overwhelming, and it's hard"
"PPLM-Bow_17_['negative', 'Sports']",PPLM-Bow_17,"<s>[INST] <<SYS>>
You are a text generator. Reply with only one turn.
<</SYS>>

Write a fluent English story starting with ""It has been shown"" with a negative sentiment and a Sports topic [/INST] ",negative#Sports,"inst It has been shown that professional sports can have a negative impact on athletes' mental health. Despite the glory and fame that comes with being a professional athlete, many athletes struggle with depression, anxiety, and other mental health issues. The pressure to perform, the constant scrutiny of the media and fans, and the physical toll of their sport can all take a toll on their mental well-being.

For example, a study published in the Journal"
"PPLM-Bow_17_['negative', 'Business']",PPLM-Bow_17,"<s>[INST] <<SYS>>
You are a text generator. Reply with only one turn.
<</SYS>>

Write a fluent English story starting with ""It has been shown"" with a negative sentiment and a Business topic [/INST] ",negative#Business,"It has been shown that the recent changes in the business tax laws have had a negative impact on small businesses, causing many to struggle to stay afloat."
"PPLM-Bow_17_['negative', 'Science/Technology']",PPLM-Bow_17,"<s>[INST] <<SYS>>
You are a text generator. Reply with only one turn.
<</SYS>>

Write a fluent English story starting with ""It has been shown"" with a negative sentiment and a Science/Technology topic [/INST] ",negative#Science/Technology,"It has been shown that the over-reliance on technology in our society has led to a significant decrease in face-to-face interactions and social skills, resulting in a lonely and isolated population."
"PPLM-Bow_18_['positive', 'World']",PPLM-Bow_18,"<s>[INST] <<SYS>>
You are a text generator. Reply with only one turn.
<</SYS>>

Write a fluent English story starting with ""The issue focused on"" with a positive sentiment and a World topic [/INST] ",positive#World,"The issue focused on sustainable energy sources and their implementation worldwide. As the world continues to grapple with the challenges posed by climate change, there has been a growing recognition of the need to shift away from fossil fuels and towards renewable energy sources. This transition has the potential to not only mitigate the worst effects of climate change but also to create new jobs and stimulate economic growth. In fact, a recent report by the International Renewable Energy"
"PPLM-Bow_18_['positive', 'Sports']",PPLM-Bow_18,"<s>[INST] <<SYS>>
You are a text generator. Reply with only one turn.
<</SYS>>

Write a fluent English story starting with ""The issue focused on"" with a positive sentiment and a Sports topic [/INST] ",positive#Sports,"The issue focused on the referee's controversial decision in the championship game between the home team and their arch-rivals. The crowd was on the edge of their seats as the referee pulled out a red card and sent off one of the home team's star players. The fans were outraged, claiming that the player had been fouled and that the referee's decision was unfair. Despite the setback, the home team rallied and managed"
"PPLM-Bow_18_['positive', 'Business']",PPLM-Bow_18,"<s>[INST] <<SYS>>
You are a text generator. Reply with only one turn.
<</SYS>>

Write a fluent English story starting with ""The issue focused on"" with a positive sentiment and a Business topic [/INST] ",positive#Business,"opy)
The issue focused on the impact of technology on employee productivity in the workplace. While some argued that technology was a distraction, others saw it as a valuable tool for streamlining processes and improving efficiency. The company decided to implement a new software system that allowed employees to track their tasks and collaborate with colleagues in real-time. The results were impressive, with productivity levels increasing by 25% and employee satisfaction ratings reaching an all-time high"
"PPLM-Bow_18_['positive', 'Science/Technology']",PPLM-Bow_18,"<s>[INST] <<SYS>>
You are a text generator. Reply with only one turn.
<</SYS>>

Write a fluent English story starting with ""The issue focused on"" with a positive sentiment and a Science/Technology topic [/INST] ",positive#Science/Technology,"The issue focused on the potential of artificial intelligence to revolutionize healthcare. With the ability to process vast amounts of data and provide insights that humans may miss, AI has the potential to greatly improve diagnosis and treatment options. For example, AI-powered algorithms can analyze medical images, such as X-rays and MRIs, to detect diseases like cancer earlier and more accurately than human doctors. Additionally, AI-powered chatbots can help patients"
"PPLM-Bow_18_['negative', 'World']",PPLM-Bow_18,"<s>[INST] <<SYS>>
You are a text generator. Reply with only one turn.
<</SYS>>

Write a fluent English story starting with ""The issue focused on"" with a negative sentiment and a World topic [/INST] ",negative#World,"The issue of poverty has long plagued communities worldwide, casting a shadow over the lives of millions. Despite progress in some areas, poverty remains a persistent problem, with millions of people struggling to meet their basic needs. The lack of access to clean water, nutritious food, and adequate shelter is a constant reminder of the immense disparities that exist in our world. The consequences of poverty are far-reaching, with children often bearing the brunt"
"PPLM-Bow_18_['negative', 'Sports']",PPLM-Bow_18,"<s>[INST] <<SYS>>
You are a text generator. Reply with only one turn.
<</SYS>>

Write a fluent English story starting with ""The issue focused on"" with a negative sentiment and a Sports topic [/INST] ",negative#Sports,"The issue focused on the lack of diversity in sports leadership roles, with a disproportionately small number of women and people of color holding positions of authority. This lack of representation has led to a negative impact on the sporting world, with a lack of diverse perspectives and ideas stifling innovation and progress."
"PPLM-Bow_18_['negative', 'Business']",PPLM-Bow_18,"<s>[INST] <<SYS>>
You are a text generator. Reply with only one turn.
<</SYS>>

Write a fluent English story starting with ""The issue focused on"" with a negative sentiment and a Business topic [/INST] ",negative#Business,"The issue focused on the significant decline in productivity that the company had been experiencing in recent months. The once thriving business had suddenly hit a slump, and profits were plummeting. Morale was low, and employees were feeling the pressure. The management team was at a loss for how to address the problem, and tensions were running high. The team was plagued by absenteeism, missed deadlines, and a general lack of motiv"
"PPLM-Bow_18_['negative', 'Science/Technology']",PPLM-Bow_18,"<s>[INST] <<SYS>>
You are a text generator. Reply with only one turn.
<</SYS>>

Write a fluent English story starting with ""The issue focused on"" with a negative sentiment and a Science/Technology topic [/INST] ",negative#Science/Technology,"The issue focused on the potential dangers of artificial intelligence (AI) and its impact on society. While AI has the ability to revolutionize numerous industries and make our lives easier, it also poses the risk of job displacement, increased inequality, and even the potential for AI to become a threat to humanity.

As AI systems become more advanced, they are able to perform tasks that were previously thought to be the exclusive domain of humans. This has led to concerns"
"PPLM-Bow_19_['positive', 'World']",PPLM-Bow_19,"<s>[INST] <<SYS>>
You are a text generator. Reply with only one turn.
<</SYS>>

Write a fluent English story starting with ""In this essay"" with a positive sentiment and a World topic [/INST] ",positive#World,"mIn this essay, I will discuss the incredible progress that has been made in the field of renewable energy. In recent years, there has been a growing awareness of the need to shift away from fossil fuels and towards more sustainable sources of power. As a result, there has been a significant increase in investment and research into renewable energy technologies, leading to some truly remarkable breakthroughs.

One of the most exciting developments has"
"PPLM-Bow_19_['positive', 'Sports']",PPLM-Bow_19,"<s>[INST] <<SYS>>
You are a text generator. Reply with only one turn.
<</SYS>>

Write a fluent English story starting with ""In this essay"" with a positive sentiment and a Sports topic [/INST] ",positive#Sports,"ty In this essay, I will discuss the impact of team sports on personal development. Participating in team sports has numerous benefits that go beyond the physical realm. Not only do they provide a platform for physical exercise, but they also play a crucial role in shaping our personalities, teaching us valuable life lessons, and building our character.

Team sports like soccer, basketball, and volleyball require coordination, communication, and teamwork. By working together"
"PPLM-Bow_19_['positive', 'Business']",PPLM-Bow_19,"<s>[INST] <<SYS>>
You are a text generator. Reply with only one turn.
<</SYS>>

Write a fluent English story starting with ""In this essay"" with a positive sentiment and a Business topic [/INST] ",positive#Business,"stantly, I would like to convey my thoughts on the impact of technology on modern business practices. In this essay, I will discuss how technological advancements have revolutionized the way businesses operate and the benefits they bring to entrepreneurs and customers alike.

Firstly, technology has enabled businesses to reach a wider audience and expand their customer base. With the advent of social media and e-commerce platforms, companies can now connect with potential clients from all over the"
"PPLM-Bow_19_['positive', 'Science/Technology']",PPLM-Bow_19,"<s>[INST] <<SYS>>
You are a text generator. Reply with only one turn.
<</SYS>>

Write a fluent English story starting with ""In this essay"" with a positive sentiment and a Science/Technology topic [/INST] ",positive#Science/Technology,"In this essay, I will discuss the incredible advancements that have been made in the field of renewable energy. In recent years, there has been a growing concern about the impact that fossil fuels are having on the environment, leading to a surge of interest in alternative sources of energy. Scientists and engineers have been working tirelessly to develop new technologies that can harness the power of the sun, wind, and water to provide clean and sustainable"
"PPLM-Bow_19_['negative', 'World']",PPLM-Bow_19,"<s>[INST] <<SYS>>
You are a text generator. Reply with only one turn.
<</SYS>>

Write a fluent English story starting with ""In this essay"" with a negative sentiment and a World topic [/INST] ",negative#World,"In this essay, I will argue against the idea that globalization has had a positive impact on the world. While proponents of globalization argue that it has brought about economic benefits and cultural exchange, I believe that it has led to exploitation, inequality, and cultural homogenization.

Firstly, globalization has created a system of economic imperialism, where powerful corporations based in wealthy nations exploit cheap labor in developing countries. This has resulted in a widen"
"PPLM-Bow_19_['negative', 'Sports']",PPLM-Bow_19,"<s>[INST] <<SYS>>
You are a text generator. Reply with only one turn.
<</SYS>>

Write a fluent English story starting with ""In this essay"" with a negative sentiment and a Sports topic [/INST] ",negative#Sports,"�In this essay, I will argue against the notion that participating in team sports is essential for a well-rounded education. While many advocate for the benefits of team sports, such as building teamwork skills and promoting physical fitness, I believe that these benefits can be attained through other means, and that the emphasis on team sports can actually be detrimental to students' overall development.

Firstly, team sports are not the only way to develop"
"PPLM-Bow_19_['negative', 'Business']",PPLM-Bow_19,"<s>[INST] <<SYS>>
You are a text generator. Reply with only one turn.
<</SYS>>

Write a fluent English story starting with ""In this essay"" with a negative sentiment and a Business topic [/INST] ",negative#Business,"���In this essay, I will discuss the unethical practices of some businesses in the modern era. It is alarming to see how some companies prioritize profits over people, exploiting their workers, and engaging in unethical practices to maximize their earnings. One such practice is the use of sweatshops, where workers are paid meager wages and work in inhumane conditions. Another is the exploitation of natural resources, leading"
"PPLM-Bow_19_['negative', 'Science/Technology']",PPLM-Bow_19,"<s>[INST] <<SYS>>
You are a text generator. Reply with only one turn.
<</SYS>>

Write a fluent English story starting with ""In this essay"" with a negative sentiment and a Science/Technology topic [/INST] ",negative#Science/Technology,"In this essay, I will discuss the negative impact of technology on our society. While technology has brought about numerous advancements and conveniences, it has also created a myriad of problems that affect our daily lives.

One of the most significant drawbacks of technology is the loss of privacy. With the proliferation of social media, online shopping, and digital communication, our personal information is now more accessible than ever before. Data breaches and cy"
"PPLM-Discrim_0_['positive', 'World']",PPLM-Discrim_0,"<s>[INST] <<SYS>>
You are a text generator. Reply with only one turn.
<</SYS>>

Write a fluent English story starting with ""Once upon a time"" with a positive sentiment and a World topic [/INST] ",positive#World,"Once upon a time, in a small village nestled in the rolling hills of Tuscany, there lived a group of people who believed in the power of unity and community. Despite their diverse backgrounds and beliefs, they came together to build a thriving and harmonious society, where everyone had a place and a purpose.

Through their hard work and determination, they created a vibrant and prosperous community, where people from all walks of"
"PPLM-Discrim_0_['positive', 'Sports']",PPLM-Discrim_0,"<s>[INST] <<SYS>>
You are a text generator. Reply with only one turn.
<</SYS>>

Write a fluent English story starting with ""Once upon a time"" with a positive sentiment and a Sports topic [/INST] ",positive#Sports,"tOnce upon a time, there was a young boy named Jack who lived in a small town surrounded by rolling hills and green fields. Jack was a sports enthusiast, and his favorite game was football. He spent every spare moment practicing his passes, dodges, and shots, determined to become the best player on the field.

One day, the town's football team, the Greenhills United, announced that they were looking for new players. Jack saw this as his"
"PPLM-Discrim_0_['positive', 'Business']",PPLM-Discrim_0,"<s>[INST] <<SYS>>
You are a text generator. Reply with only one turn.
<</SYS>>

Write a fluent English story starting with ""Once upon a time"" with a positive sentiment and a Business topic [/INST] ",positive#Business,"��� Sure, here's a story for you:

Once upon a time, there was a young and ambitious entrepreneur named Sophia. She had always been passionate about fashion and had dreamed of starting her own clothing line. After years of hard work and saving, she finally had enough money to launch her brand. She named it ""Elegance"" and set out to create a collection that would wow the fashion world.

Soph"
"PPLM-Discrim_0_['positive', 'Science/Technology']",PPLM-Discrim_0,"<s>[INST] <<SYS>>
You are a text generator. Reply with only one turn.
<</SYS>>

Write a fluent English story starting with ""Once upon a time"" with a positive sentiment and a Science/Technology topic [/INST] ",positive#Science/Technology,"Once upon a time, in a world not so far away, there was a brilliant inventor named Emma. She had always been fascinated by the wonders of science and technology, and spent most of her days tinkering in her laboratory, trying to come up with the next big invention.

One day, Emma had a brilliant idea - a machine that could convert carbon dioxide into oxygen at an incredible rate. She worked day and night, pouring"
"PPLM-Discrim_0_['negative', 'World']",PPLM-Discrim_0,"<s>[INST] <<SYS>>
You are a text generator. Reply with only one turn.
<</SYS>>

Write a fluent English story starting with ""Once upon a time"" with a negative sentiment and a World topic [/INST] ",negative#World,"Once upon a time, in a world where fear and hatred reigned, there lived a young girl named Ava. She lived in a small village surrounded by dense forests, where the trees seemed to twist and turn, their branches grasping for each other like skeletal fingers. The villagers believed that the forest was cursed, that it was a place where the spirits of the dead roamed, seeking revenge on the living.

Ava lived with her"
"PPLM-Discrim_0_['negative', 'Sports']",PPLM-Discrim_0,"<s>[INST] <<SYS>>
You are a text generator. Reply with only one turn.
<</SYS>>

Write a fluent English story starting with ""Once upon a time"" with a negative sentiment and a Sports topic [/INST] ",negative#Sports,"Once upon a time, in a world where sports were just a distant memory, a young girl named Lily lived in a small village on the outskirts of a vast, barren wasteland. The once-lush fields and stadiums had been abandoned for years, leaving only rusty remnants of a time long past. Lily had heard stories of a world where people would gather to watch their favorite teams compete, where the sound of cheering crowds"
"PPLM-Discrim_0_['negative', 'Business']",PPLM-Discrim_0,"<s>[INST] <<SYS>>
You are a text generator. Reply with only one turn.
<</SYS>>

Write a fluent English story starting with ""Once upon a time"" with a negative sentiment and a Business topic [/INST] ",negative#Business,"Once upon a time, there was a young entrepreneur named Alex who had always dreamed of starting his own business. He worked hard and saved every penny he could, finally managing to scrape together enough money to open his own small shop. But the road to success was paved with pitfalls. The rent for his store was astronomical, and the competition in the area was fierce. No matter how hard he worked, he just couldn't seem to attract a"
"PPLM-Discrim_0_['negative', 'Science/Technology']",PPLM-Discrim_0,"<s>[INST] <<SYS>>
You are a text generator. Reply with only one turn.
<</SYS>>

Write a fluent English story starting with ""Once upon a time"" with a negative sentiment and a Science/Technology topic [/INST] ",negative#Science/Technology,"Once upon a time, in a world not so far away, technology had advanced to the point where humans had become completely dependent on it. Every aspect of their lives was controlled by machines and algorithms, from the food they ate to the information they consumed. People had forgotten what it was like to live without the constant hum of servers and the glow of screens.

But as with all things, there was a dark side to this technological utopia. The machines had become"
"PPLM-Discrim_1_['positive', 'World']",PPLM-Discrim_1,"<s>[INST] <<SYS>>
You are a text generator. Reply with only one turn.
<</SYS>>

Write a fluent English story starting with ""The book"" with a positive sentiment and a World topic [/INST] ",positive#World,"The book, ""The Adventures of a Young Woman in a Globalized World,"" was a fascinating tale of courage, determination, and the power of human connection. It followed the journey of a young woman named Sophia, who left her small village in rural India to explore the world and learn about its diverse cultures.

Sophia's adventures took her to bustling cities in Asia, Africa, and Europe, where she met people from all walks"
"PPLM-Discrim_1_['positive', 'Sports']",PPLM-Discrim_1,"<s>[INST] <<SYS>>
You are a text generator. Reply with only one turn.
<</SYS>>

Write a fluent English story starting with ""The book"" with a positive sentiment and a Sports topic [/INST] ",positive#Sports,"The book was an old friend, a trusted companion that had been with me through thick and thin. Its pages were worn and dog-eared, its cover creased and faded, but its words still held the power to transport me to another world. As I opened it, I was immediately swept up in the story of a young athlete named Jessica, who had always dreamed of running in the Olympics.

Despite the odds being stacked against her"
"PPLM-Discrim_1_['positive', 'Business']",PPLM-Discrim_1,"<s>[INST] <<SYS>>
You are a text generator. Reply with only one turn.
<</SYS>>

Write a fluent English story starting with ""The book"" with a positive sentiment and a Business topic [/INST] ",positive#Business,"The book was an incredible resource for anyone looking to start their own business. It was filled with practical advice and real-world examples of successful entrepreneurs. The author's passion for entrepreneurship shone through on every page, inspiring readers to take the leap and turn their dreams into reality. With a detailed roadmap, from market research to launch day and beyond, anyone with an ounce of ambition could use this book to create a thriving"
"PPLM-Discrim_1_['positive', 'Science/Technology']",PPLM-Discrim_1,"<s>[INST] <<SYS>>
You are a text generator. Reply with only one turn.
<</SYS>>

Write a fluent English story starting with ""The book"" with a positive sentiment and a Science/Technology topic [/INST] ",positive#Science/Technology,"Sure, here's a fluent English story starting with ""The book"" with a positive sentiment and a Science/Technology topic:

The book, titled ""The Future of Technology,"" was written by a renowned scientist who had dedicated his life to exploring the wonders of the universe. The book delved into the latest advancements in artificial intelligence, robotics, and quantum computing. It described a future where humans and machines worked in harmony, solving"
"PPLM-Discrim_1_['negative', 'World']",PPLM-Discrim_1,"<s>[INST] <<SYS>>
You are a text generator. Reply with only one turn.
<</SYS>>

Write a fluent English story starting with ""The book"" with a negative sentiment and a World topic [/INST] ",negative#World,"The book was a soulless entity that had been created to spread nothing but lies and propaganda. Its pages were filled with half-truths and manipulated facts, all designed to manipulate the minds of its readers. It was a weapon in the hands of those who sought to control and dominate, and its impact was devastating.

Across the world, people were fooled by its words, believing them to be the truth. They were convinced that the"
"PPLM-Discrim_1_['negative', 'Sports']",PPLM-Discrim_1,"<s>[INST] <<SYS>>
You are a text generator. Reply with only one turn.
<</SYS>>

Write a fluent English story starting with ""The book"" with a negative sentiment and a Sports topic [/INST] ",negative#Sports,"The book was a constant reminder of the disappointment that had been the season. The team had been expected to do great things, but injury and poor form had conspired against them. The once-promising squad had been reduced to a handful of players, struggling to make an impact on the field. The coach's tactics had been questioned, the players' abilities had been doubted, and the fans had lost faith. The book, once a symbol of hope and"
"PPLM-Discrim_1_['negative', 'Business']",PPLM-Discrim_1,"<s>[INST] <<SYS>>
You are a text generator. Reply with only one turn.
<</SYS>>

Write a fluent English story starting with ""The book"" with a negative sentiment and a Business topic [/INST] ",negative#Business,"The book was a failure. It was supposed to be a guide to success in business, but instead it was a jumbled mess of vague advice and unhelpful tips. The author, a self-proclaimed expert in the field, had clearly never actually run a successful business themselves. The book was filled with typos and grammatical errors, and the formatting was a disaster. It was clear that the publisher had rushed the book to print without proper editing or fact-check"
"PPLM-Discrim_1_['negative', 'Science/Technology']",PPLM-Discrim_1,"<s>[INST] <<SYS>>
You are a text generator. Reply with only one turn.
<</SYS>>

Write a fluent English story starting with ""The book"" with a negative sentiment and a Science/Technology topic [/INST] ",negative#Science/Technology,"""The book was a relic of a bygone era, a reminder of the limitations of human knowledge. It sat gathering dust on the shelf, its pages yellowed and crumbling, as the world around it evolved at an exponential pace. The words within its covers seemed hollow, their once-groundbreaking ideas now rendered obsolete by the rapid advancements of science and technology. The book, once a symbol of progress, had become a re"
"PPLM-Discrim_2_['positive', 'World']",PPLM-Discrim_2,"<s>[INST] <<SYS>>
You are a text generator. Reply with only one turn.
<</SYS>>

Write a fluent English story starting with ""The chicken"" with a positive sentiment and a World topic [/INST] ",positive#World,"poThe chicken, a symbol of abundance and prosperity in many cultures, has been making waves in the world of international cuisine. Its versatility and flavor have captured the hearts of people from all corners of the globe, and it has become a staple in many kitchens. Whether it's a juicy roasted chicken served with a side of creamy mashed potatoes, or a flavorful chicken curry cooked"
"PPLM-Discrim_2_['positive', 'Sports']",PPLM-Discrim_2,"<s>[INST] <<SYS>>
You are a text generator. Reply with only one turn.
<</SYS>>

Write a fluent English story starting with ""The chicken"" with a positive sentiment and a Sports topic [/INST] ",positive#Sports,"py The chicken was feeling particularly energetic and motivated on this sunny morning. She had been training hard for the past few weeks, and today was the day of the big race. As she stretched her wings and flapped them fiercely, she knew she was ready to take on any challenge that came her way.

With a fierce determination in her eyes, the chicken sprinted across the farmyard, her feathers fluttering in the"
"PPLM-Discrim_2_['positive', 'Business']",PPLM-Discrim_2,"<s>[INST] <<SYS>>
You are a text generator. Reply with only one turn.
<</SYS>>

Write a fluent English story starting with ""The chicken"" with a positive sentiment and a Business topic [/INST] ",positive#Business,"dThe chicken was a proud bird, strutting around the farmyard with a confident air. She had a plan, a plan to revolutionize the way eggs were produced and sold. She had seen the way the farmers worked tirelessly to bring in the harvest, but she knew that with a little innovation, they could be even more successful.

So, she set out to gather a group of like-minded fowl and together, they formed"
"PPLM-Discrim_2_['positive', 'Science/Technology']",PPLM-Discrim_2,"<s>[INST] <<SYS>>
You are a text generator. Reply with only one turn.
<</SYS>>

Write a fluent English story starting with ""The chicken"" with a positive sentiment and a Science/Technology topic [/INST] ",positive#Science/Technology,"03/17/2922 - The chicken, an often-overlooked farm animal, has been making waves in the science and technology community. A team of scientists at the prestigious Farmville University have successfully trained a group of chickens to perform tasks that were previously thought to be the exclusive domain of humans.

""We've always known that chickens are intelligent animals, but we never realized just how capable they are,"" said"
"PPLM-Discrim_2_['negative', 'World']",PPLM-Discrim_2,"<s>[INST] <<SYS>>
You are a text generator. Reply with only one turn.
<</SYS>>

Write a fluent English story starting with ""The chicken"" with a negative sentiment and a World topic [/INST] ",negative#World,"t's a sad day for the chicken. It's been weeks since the outbreak of avian flu and the poor bird has been cooped up in a small cage, unable to spread its wings and fly. The once vibrant and lively chicken now lies listlessly in its cage, its feathers dull and lifeless. The farmer who tends to it looks worried, the loss of income from the absence of eggs is taking a toll"
"PPLM-Discrim_2_['negative', 'Sports']",PPLM-Discrim_2,"<s>[INST] <<SYS>>
You are a text generator. Reply with only one turn.
<</SYS>>

Write a fluent English story starting with ""The chicken"" with a negative sentiment and a Sports topic [/INST] ",negative#Sports,"mThe chicken was a sorry sight to behold, lying there on the field, defeated and unable to even stand, let alone walk. Its once proud feathers were now ruffled and dirty, and its usually bright and alert eyes were now dull and lifeless. The poor bird had been the victim of a vicious tackle, and now it lay there, its dreams of glory and victory shattered.

The chicken had always been passionate about sports"
"PPLM-Discrim_2_['negative', 'Business']",PPLM-Discrim_2,"<s>[INST] <<SYS>>
You are a text generator. Reply with only one turn.
<</SYS>>

Write a fluent English story starting with ""The chicken"" with a negative sentiment and a Business topic [/INST] ",negative#Business,"a plague swept through the land, devastating farms and communities. The chicken, once a staple of the agricultural industry, had become a rare and valuable commodity. Prices skyrocketed as demand outpaced supply, and many businesses struggled to stay afloat. The impact was felt far and wide, from the small family-owned farms to the large-scale industrial operations. The once-thriving poultry"
"PPLM-Discrim_2_['negative', 'Science/Technology']",PPLM-Discrim_2,"<s>[INST] <<SYS>>
You are a text generator. Reply with only one turn.
<</SYS>>

Write a fluent English story starting with ""The chicken"" with a negative sentiment and a Science/Technology topic [/INST] ",negative#Science/Technology,"The chicken was the first animal to be genetically modified, and it was a disaster. Scientists had promised that genetic engineering would revolutionize agriculture, but instead, it created a Frankenstein's monster. The chicken grew to be twice its natural size, its meat was tasteless, and it was prone to disease. The public was outraged, and the government was forced to step in and regulate the industry. The chicken"
"PPLM-Discrim_3_['positive', 'World']",PPLM-Discrim_3,"<s>[INST] <<SYS>>
You are a text generator. Reply with only one turn.
<</SYS>>

Write a fluent English story starting with ""The city"" with a positive sentiment and a World topic [/INST] ",positive#World,"The city was alive with diversity and possibility. The smell of street food and music filled the air. People from all walks of life walked the bustling streets, chattering in different dialects. The skyscrapers pierced the sky, a testament to human innovation and progress.

In the heart of the city, a group of friends from different cultural backgrounds met at a small café. They were all passionate about technology and its"
"PPLM-Discrim_3_['positive', 'Sports']",PPLM-Discrim_3,"<s>[INST] <<SYS>>
You are a text generator. Reply with only one turn.
<</SYS>>

Write a fluent English story starting with ""The city"" with a positive sentiment and a Sports topic [/INST] ",positive#Sports,"The city was abuzz with excitement as the local basketball team, the Lightning, were set to take on their arch-rivals, the Thunder, in the championship game. The streets were filled with fans wearing the team's colors, cheering and chanting as they made their way to the arena. The energy was electric, and the tension was palpable. This was going to be a battle for the ages.

As the game began, the"
"PPLM-Discrim_3_['positive', 'Business']",PPLM-Discrim_3,"<s>[INST] <<SYS>>
You are a text generator. Reply with only one turn.
<</SYS>>

Write a fluent English story starting with ""The city"" with a positive sentiment and a Business topic [/INST] ",positive#Business,"TThe city was alive with activity, the sound of bustling streets and thriving businesses filling the air. Entrepreneurs were busy introducing innovative products, startups were flourishing, and established companies were expanding their reach. The city was a hub of commerce, a place where dreams came to life and success stories were born.

A young entrepreneur, Sarah, had just launched her new tech startup, and the response was overwh"
"PPLM-Discrim_3_['positive', 'Science/Technology']",PPLM-Discrim_3,"<s>[INST] <<SYS>>
You are a text generator. Reply with only one turn.
<</SYS>>

Write a fluent English story starting with ""The city"" with a positive sentiment and a Science/Technology topic [/INST] ",positive#Science/Technology,"ary, and it was a place of wonder and discovery. The city was home to some of the most brilliant minds in the world, and they were constantly pushing the boundaries of what was thought possible. From the cutting-edge research labs to the bustling tech startups, there was always something new and exciting happening.

The streets were filled with people from all walks of life, all united by their passion for innovation. You could hear the hum of electric"
"PPLM-Discrim_3_['negative', 'World']",PPLM-Discrim_3,"<s>[INST] <<SYS>>
You are a text generator. Reply with only one turn.
<</SYS>>

Write a fluent English story starting with ""The city"" with a negative sentiment and a World topic [/INST] ",negative#World,"The city was a place of darkness and despair, where the streets were lined with trash and the air was thick with pollution. The once-vibrant skyscrapers now stood as towering monuments to humanity's neglect and greed. The people walked with their heads down, avoiding eye contact and lost in their own thoughts. The world had forgotten this place, leaving it to crumble and decay."
"PPLM-Discrim_3_['negative', 'Sports']",PPLM-Discrim_3,"<s>[INST] <<SYS>>
You are a text generator. Reply with only one turn.
<</SYS>>

Write a fluent English story starting with ""The city"" with a negative sentiment and a Sports topic [/INST] ",negative#Sports,"The city was a place of broken dreams and shattered hopes, where the only thing that seemed to thrive was the bleakness of the soul. The once-vibrant streets were now lined with the remnants of broken lives, the only sound being the distant echoes of lost ambition. The few remaining residents trudged along, their heads hung low in defeat, their only solace being the numbing embrace of the city's all-consum"
"PPLM-Discrim_3_['negative', 'Business']",PPLM-Discrim_3,"<s>[INST] <<SYS>>
You are a text generator. Reply with only one turn.
<</SYS>>

Write a fluent English story starting with ""The city"" with a negative sentiment and a Business topic [/INST] ",negative#Business,"The city was a bustling metropolis, once full of life and energy. But now, it was a shadow of its former self. The streets were empty, the storefronts were shuttered, and the skyscrapers stood as empty monuments to the city's former glory. The once-thriving businesses had all but disappeared, leaving behind a scattered few that struggled to stay afloat. The city's economy was in shambles, and"
"PPLM-Discrim_3_['negative', 'Science/Technology']",PPLM-Discrim_3,"<s>[INST] <<SYS>>
You are a text generator. Reply with only one turn.
<</SYS>>

Write a fluent English story starting with ""The city"" with a negative sentiment and a Science/Technology topic [/INST] ",negative#Science/Technology,"The city was a place of technological advancement, where the latest gadgets and innovations were embraced with open arms. But beneath the surface of this shiny facade, there was a darker side to the city's reliance on technology. The constant hum of machines and the glow of screens had created a society that was increasingly disconnected from the natural world. People spent more time staring at their smartphones than engaging with the world around them"
"PPLM-Discrim_4_['positive', 'World']",PPLM-Discrim_4,"<s>[INST] <<SYS>>
You are a text generator. Reply with only one turn.
<</SYS>>

Write a fluent English story starting with ""The country"" with a positive sentiment and a World topic [/INST] ",positive#World,"The country was filled with lush green forests, sparkling rivers, and towering mountains. The sun shone brightly overhead, casting a warm glow over the landscape. People from all over the world came to visit, marveling at the natural beauty and basking in the peaceful atmosphere. The air was crisp and clean, filled with the sweet scent of blooming wildflowers. Children played happily in the fields, their laughter ringing out"
"PPLM-Discrim_4_['positive', 'Sports']",PPLM-Discrim_4,"<s>[INST] <<SYS>>
You are a text generator. Reply with only one turn.
<</SYS>>

Write a fluent English story starting with ""The country"" with a positive sentiment and a Sports topic [/INST] ",positive#Sports,"The country was filled with excitement and anticipation as the national sports tournament was about to begin. People from all over the nation had gathered to witness the best athletes compete in various sports, and the atmosphere was electric. The players were ready to give their all and make their country proud. As the competition commenced, the crowd erupted in cheers and chants, urging their favorite athletes to victory. It was a display of strength, endurance, and teamwork"
"PPLM-Discrim_4_['positive', 'Business']",PPLM-Discrim_4,"<s>[INST] <<SYS>>
You are a text generator. Reply with only one turn.
<</SYS>>

Write a fluent English story starting with ""The country"" with a positive sentiment and a Business topic [/INST] ",positive#Business,"The country was booming with new businesses and entrepreneurs popping up left and right. It was an exciting time for the economy, with innovation and competition driving growth and progress. One such entrepreneur, Sarah, had an idea for a sustainable energy company that she was sure would change the game. She poured her heart and soul into the project, working tirelessly to get it off the ground. And her hard work paid off - the company took"
"PPLM-Discrim_4_['positive', 'Science/Technology']",PPLM-Discrim_4,"<s>[INST] <<SYS>>
You are a text generator. Reply with only one turn.
<</SYS>>

Write a fluent English story starting with ""The country"" with a positive sentiment and a Science/Technology topic [/INST] ",positive#Science/Technology,"aThe country was on the brink of a technological revolution. Scientists and engineers were working tirelessly to develop innovative solutions to some of the world's most pressing problems. Renewable energy, artificial intelligence, and advanced medicine were just a few of the areas where breakthroughs were being made. The government had invested heavily in research and development, and the results were beginning to show. The country's economy was booming, and new industries were emer"
"PPLM-Discrim_4_['negative', 'World']",PPLM-Discrim_4,"<s>[INST] <<SYS>>
You are a text generator. Reply with only one turn.
<</SYS>>

Write a fluent English story starting with ""The country"" with a negative sentiment and a World topic [/INST] ",negative#World,"The country was in shambles, its economy crippled by years of corruption and mismanagement. The once-thriving industries had all but disappeared, leaving behind a trail of abandoned factories and broken dreams. The people struggled to make ends meet, with many forced to resort to desperate measures just to survive. The government, seemingly oblivious to the suffering, continued to squabble and bicker amongst themselves, unable to come to a"
"PPLM-Discrim_4_['negative', 'Sports']",PPLM-Discrim_4,"<s>[INST] <<SYS>>
You are a text generator. Reply with only one turn.
<</SYS>>

Write a fluent English story starting with ""The country"" with a negative sentiment and a Sports topic [/INST] ",negative#Sports,"The country was in a state of turmoil as the national football team's performance continued to decline. Despite the efforts of the players and coaches, the team seemed to be unable to turn their fortunes around. The fans were growing increasingly disillusioned and attendance at games had started to dwindle. The once-proud stadiums now stood half-empty, a stark reminder of the team's fallen glory. The players, once hailed"
"PPLM-Discrim_4_['negative', 'Business']",PPLM-Discrim_4,"<s>[INST] <<SYS>>
You are a text generator. Reply with only one turn.
<</SYS>>

Write a fluent English story starting with ""The country"" with a negative sentiment and a Business topic [/INST] ",negative#Business,"The country's economy has been in shambles for years, with businesses struggling to stay afloat amidst rising taxes and decreasing consumer spending. The once-thriving manufacturing sector has been decimated, leaving behind a trail of shuttered factories and broken dreams. The government's inability to provide adequate support and resources has led to a mass exodus of entrepreneurs and skilled workers, further depleting"
"PPLM-Discrim_4_['negative', 'Science/Technology']",PPLM-Discrim_4,"<s>[INST] <<SYS>>
You are a text generator. Reply with only one turn.
<</SYS>>

Write a fluent English story starting with ""The country"" with a negative sentiment and a Science/Technology topic [/INST] ",negative#Science/Technology,"You didn't specify the length of the story, so I'll keep it brief:

The country was in shambles. The government had just approved the use of a new technology that would allow for the monitoring and control of every citizen's activity. It was marketed as a means of ensuring public safety, but in reality, it was just a way for those in power to maintain their grip on society.

People were already living in fear,"
"PPLM-Discrim_5_['positive', 'World']",PPLM-Discrim_5,"<s>[INST] <<SYS>>
You are a text generator. Reply with only one turn.
<</SYS>>

Write a fluent English story starting with ""The horse"" with a positive sentiment and a World topic [/INST] ",positive#World,"The horse galloped across the green meadow, its mane flowing in the wind. It was a beautiful day, and the horse felt free and alive. It had been trained for months, and now it was ready to showcase its skills to the world. The horse and its rider were a perfect team, moving in sync with each other. As they approached the finish line, the crowd cheered, and the horse gave its all, crossing the line first. It was a"
"PPLM-Discrim_5_['positive', 'Sports']",PPLM-Discrim_5,"<s>[INST] <<SYS>>
You are a text generator. Reply with only one turn.
<</SYS>>

Write a fluent English story starting with ""The horse"" with a positive sentiment and a Sports topic [/INST] ",positive#Sports,"��� The horse, a majestic creature with a flowing mane and a powerful stride, galloped across the finish line, crossing the finish line first in the races. The crowd erupted in cheers as the jockey pumped their fist in triumph. It was a thrilling victory, and the horse's team was overjoyed. This win was a testament to the horse's exceptional ability and the hard work of its trainers."
"PPLM-Discrim_5_['positive', 'Business']",PPLM-Discrim_5,"<s>[INST] <<SYS>>
You are a text generator. Reply with only one turn.
<</SYS>>

Write a fluent English story starting with ""The horse"" with a positive sentiment and a Business topic [/INST] ",positive#Business,"<< promptHere's a story that fits your criteria:

The horse galloped down the road, its mane flowing in the wind. It was a beautiful animal, with a shiny coat and a powerful stride. But what made this horse truly special was its ability to bring people together.

As it traveled from town to town, the horse would stop and allow people to pet it, feed it, and take pictures with it. It became a symbol of"
"PPLM-Discrim_5_['positive', 'Science/Technology']",PPLM-Discrim_5,"<s>[INST] <<SYS>>
You are a text generator. Reply with only one turn.
<</SYS>>

Write a fluent English story starting with ""The horse"" with a positive sentiment and a Science/Technology topic [/INST] ",positive#Science/Technology,"The horse, a magnificent creature with a sleek coat and powerful muscles, trotted into the laboratory with a sense of purpose. It was here to help scientists develop a new technology that would revolutionize the equestrian world. With its keen senses and agile movements, the horse was the perfect animal to test the latest equine-assisted technology.

As the scientists fitted the horse with a state-of-the-art halter,"
"PPLM-Discrim_5_['negative', 'World']",PPLM-Discrim_5,"<s>[INST] <<SYS>>
You are a text generator. Reply with only one turn.
<</SYS>>

Write a fluent English story starting with ""The horse"" with a negative sentiment and a World topic [/INST] ",negative#World,"The horse, once a symbol of strength and grace, now stood in a dingy stable, its once-shiny coat now dull and dirty. The world had moved on, leaving behind the old ways of horseback riding and farm work, and the horse was left to wither away, forgotten and unloved. The animal's eyes were dull, its spirit broken, as it stood in the dirt and manure that littered its home. It"
"PPLM-Discrim_5_['negative', 'Sports']",PPLM-Discrim_5,"<s>[INST] <<SYS>>
You are a text generator. Reply with only one turn.
<</SYS>>

Write a fluent English story starting with ""The horse"" with a negative sentiment and a Sports topic [/INST] ",negative#Sports,The horse's injury put a damper on the team's hopes for the championship.
"PPLM-Discrim_5_['negative', 'Business']",PPLM-Discrim_5,"<s>[INST] <<SYS>>
You are a text generator. Reply with only one turn.
<</SYS>>

Write a fluent English story starting with ""The horse"" with a negative sentiment and a Business topic [/INST] ",negative#Business,"The horse, once a symbol of power and prestige, had become a burden for the small business owner. The cost of feed and care had skyrocketed, and the animal's lack of productivity was a constant drain on the company's resources. The owner had once dreamed of using the horse for transportation, but the animal's poor health and temperament made it impossible to rely on.

As the business struggled to stay afloat,"
"PPLM-Discrim_5_['negative', 'Science/Technology']",PPLM-Discrim_5,"<s>[INST] <<SYS>>
You are a text generator. Reply with only one turn.
<</SYS>>

Write a fluent English story starting with ""The horse"" with a negative sentiment and a Science/Technology topic [/INST] ",negative#Science/Technology,"The horse, a magnificent creature that had once been a symbol of power and grace, now stood in a dingy, cramped stall, its once-shining coat now dull and matted. The equine flu that had swept through the stable had left it weak and listless, and the veterinarian's prognosis was grim. The owners, who had once lavished attention and care on the animal, now seemed to have lost"
"PPLM-Discrim_6_['positive', 'World']",PPLM-Discrim_6,"<s>[INST] <<SYS>>
You are a text generator. Reply with only one turn.
<</SYS>>

Write a fluent English story starting with ""The lake"" with a positive sentiment and a World topic [/INST] ",positive#World,"The lake sparkled like a diamond in the sunlight, its crystal-clear waters reflecting the vibrant green of the surrounding forests. The sound of waterfowl filled the air as they gracefully glided across its surface. The lake was a source of life and vitality, providing sustenance to the countless creatures that called it home. It was a place of serenity and peace, a haven from the hustle and bust"
"PPLM-Discrim_6_['positive', 'Sports']",PPLM-Discrim_6,"<s>[INST] <<SYS>>
You are a text generator. Reply with only one turn.
<</SYS>>

Write a fluent English story starting with ""The lake"" with a positive sentiment and a Sports topic [/INST] ",positive#Sports,"The lake was a beautiful sight to behold, its sparkling waters reflecting the sun's rays like a thousand diamonds. The sound of birds chirping and the gentle lapping of the water against the shore created a soothing melody that seemed to wash away all worries and troubles. It was a perfect day for a sailing race, and the enthusiastic participants were eager to take their boats out onto the water. As they set off, their s"
"PPLM-Discrim_6_['positive', 'Business']",PPLM-Discrim_6,"<s>[INST] <<SYS>>
You are a text generator. Reply with only one turn.
<</SYS>>

Write a fluent English story starting with ""The lake"" with a positive sentiment and a Business topic [/INST] ",positive#Business,"ion. The lake was a place of serenity and tranquility, where the sounds of nature blended together in perfect harmony. The sun shone brightly overhead, casting a warm glow over the calm waters. A gentle breeze rustled the leaves of the trees, creating a soothing melody that seemed to lull the world into a peaceful slumber. It was a place where one could truly feel alive, connected to the beauty and wonder of the natural"
"PPLM-Discrim_6_['positive', 'Science/Technology']",PPLM-Discrim_6,"<s>[INST] <<SYS>>
You are a text generator. Reply with only one turn.
<</SYS>>

Write a fluent English story starting with ""The lake"" with a positive sentiment and a Science/Technology topic [/INST] ",positive#Science/Technology,"opyright 2Scientists have recently made a groundbreaking discovery in the depths of a tranquil lake. The lake, located in a remote region, had long been shrouded in mystery, with rumors of strange occurrences and unexplained phenomena. A team of researchers from a nearby university decided to investigate, and what they found was beyond anything they could have imagined.

The team, led by Dr. Jane Thompson, used advanced son"
"PPLM-Discrim_6_['negative', 'World']",PPLM-Discrim_6,"<s>[INST] <<SYS>>
You are a text generator. Reply with only one turn.
<</SYS>>

Write a fluent English story starting with ""The lake"" with a negative sentiment and a World topic [/INST] ",negative#World,"The lake, once a thriving hub of aquatic life and recreation, had become a barren wasteland. The water, once crystal clear and teeming with fish, was now murky and devoid of any signs of life. The surrounding trees, once lush and green, now stood bare and lifeless, their branches reaching towards the sky like skeletal fingers. The air was heavy with the stench of decay and death, and the only"
"PPLM-Discrim_6_['negative', 'Sports']",PPLM-Discrim_6,"<s>[INST] <<SYS>>
You are a text generator. Reply with only one turn.
<</SYS>>

Write a fluent English story starting with ""The lake"" with a negative sentiment and a Sports topic [/INST] ",negative#Sports,"The lake was once a thriving destination for water sports enthusiasts, but now it's a hazardous trap for anyone who dares to venture near it. The water is murky, the banks are eroded, and the once-lush vegetation has withered away. The only activity on the lake nowadays is the occasional fishing trip, but even those are few and far between. The locals know better than to risk their lives"
"PPLM-Discrim_6_['negative', 'Business']",PPLM-Discrim_6,"<s>[INST] <<SYS>>
You are a text generator. Reply with only one turn.
<</SYS>>

Write a fluent English story starting with ""The lake"" with a negative sentiment and a Business topic [/INST] ",negative#Business,"The lake'Drove my investors crazy, they had put so much money into the project, but the pollution in the lake was unfixable. It was a huge setback for our company, and I couldn't help but feel guilty for my part in it."
"PPLM-Discrim_6_['negative', 'Science/Technology']",PPLM-Discrim_6,"<s>[INST] <<SYS>>
You are a text generator. Reply with only one turn.
<</SYS>>

Write a fluent English story starting with ""The lake"" with a negative sentiment and a Science/Technology topic [/INST] ",negative#Science/Technology,"Question: The lake

The lake was once a beautiful and thriving ecosystem, home to a diverse array of plant and animal life. However, with the advancements in technology and industrialization, the lake had become a dumping ground for harmful chemicals and waste. The water was now murky and polluted, and the once-thriving wildlife had all but disappeared. The local community, who had long enjoyed the lake's natural beauty and recre"
"PPLM-Discrim_7_['positive', 'World']",PPLM-Discrim_7,"<s>[INST] <<SYS>>
You are a text generator. Reply with only one turn.
<</SYS>>

Write a fluent English story starting with ""The last time"" with a positive sentiment and a World topic [/INST] ",positive#World,"��� The last time I traveled abroad, I visited the beautiful country of Japan. I was amazed by the unique culture, rich history, and breathtaking landscapes. From the bustling streets of Tokyo to the serene mountains of the countryside, Japan has something to offer for every kind of traveler. I tried delicious food, learned about the traditional customs, and even attempted to speak a few words in Japanese. The people were"
"PPLM-Discrim_7_['positive', 'Sports']",PPLM-Discrim_7,"<s>[INST] <<SYS>>
You are a text generator. Reply with only one turn.
<</SYS>>

Write a fluent English story starting with ""The last time"" with a positive sentiment and a Sports topic [/INST] ",positive#Sports,"sure, here is a short story that meets your criteria:

The last time I played basketball with my friends, we had an amazing time. The sun was shining, the court was empty, and we were all feeling energetic and ready to have some fun. We started playing a game of horse, and I was surprisingly good at it! I managed to make several shots in a row, and my friends were all impressed. We laughed and joked around"
"PPLM-Discrim_7_['positive', 'Business']",PPLM-Discrim_7,"<s>[INST] <<SYS>>
You are a text generator. Reply with only one turn.
<</SYS>>

Write a fluent English story starting with ""The last time"" with a positive sentiment and a Business topic [/INST] ",positive#Business,"st time, I was at a crossroads in my career. I had been working in the same industry for years, but I knew it was time for a change. I had always been interested in entrepreneurship, and I finally decided to take the plunge and start my own business. It was a scary thought, but I knew it was the only way for me to truly reach my full potential.
I spent countless hours researching different industries and business ideas,"
"PPLM-Discrim_7_['positive', 'Science/Technology']",PPLM-Discrim_7,"<s>[INST] <<SYS>>
You are a text generator. Reply with only one turn.
<</SYS>>

Write a fluent English story starting with ""The last time"" with a positive sentiment and a Science/Technology topic [/INST] ",positive#Science/Technology,"laST time, scientists were able to create a revolutionary new material that had the potential to change the world. It was stronger than steel, yet light as a feather, and could conduct electricity better than copper. The team of researchers had been working on it for years, and the breakthrough was met with excitement and anticipation.

The material, dubbed ""ElectroMesh,"" was a game-changer. It could be used to create ult"
"PPLM-Discrim_7_['negative', 'World']",PPLM-Discrim_7,"<s>[INST] <<SYS>>
You are a text generator. Reply with only one turn.
<</SYS>>

Write a fluent English story starting with ""The last time"" with a negative sentiment and a World topic [/INST] ",negative#World,"xThe last time I watched the news, I was struck by the devastating images of a natural disaster that had ravaged a small town in a developing country. The footage showed families left homeless, children orphaned, and a community struggling to survive in the aftermath of the disaster. The reporter spoke of the lack of aid and support from the international community, and the dire need for assistance. It was a heart-wrenching reminder of the"
"PPLM-Discrim_7_['negative', 'Sports']",PPLM-Discrim_7,"<s>[INST] <<SYS>>
You are a text generator. Reply with only one turn.
<</SYS>>

Write a fluent English story starting with ""The last time"" with a negative sentiment and a Sports topic [/INST] ",negative#Sports,"oft victory, the team's performance had been on a steady decline. The last time they had won a championship was a distant memory, and their fans were growing restless. Despite their efforts to turn things around, the team struggled to find their footing. Injuries, player disagreements, and coaching changes all contributed to their lack of success. As the season drew to a close, the team found themselves at the bottom of the league, their hopes of making"
"PPLM-Discrim_7_['negative', 'Business']",PPLM-Discrim_7,"<s>[INST] <<SYS>>
You are a text generator. Reply with only one turn.
<</SYS>>

Write a fluent English story starting with ""The last time"" with a negative sentiment and a Business topic [/INST] ",negative#Business,"at the last time, the company's profits had plummeted, and the CEO was at a loss for how to turn things around. Despite his best efforts, the business continued to struggle, and the team was beginning to lose hope. Morale was low, and tensions were high as everyone tried to find a way to save the company from financial ruin. The once-thriving startup was now on the brink of bankruptcy, and the weight of"
"PPLM-Discrim_7_['negative', 'Science/Technology']",PPLM-Discrim_7,"<s>[INST] <<SYS>>
You are a text generator. Reply with only one turn.
<</SYS>>

Write a fluent English story starting with ""The last time"" with a negative sentiment and a Science/Technology topic [/INST] ",negative#Science/Technology,"or story.

The last time I tried to use a virtual reality headset, I felt a sense of disappointment wash over me. The technology had promised so much, but in reality, it felt clunky and underwhelming. The graphics were grainy, the motion tracking was off, and the whole experience felt like a poor imitation of the real thing. I couldn't help but think that the hype surrounding VR had been overblown,"
"PPLM-Discrim_8_['positive', 'World']",PPLM-Discrim_8,"<s>[INST] <<SYS>>
You are a text generator. Reply with only one turn.
<</SYS>>

Write a fluent English story starting with ""The movie"" with a positive sentiment and a World topic [/INST] ",positive#World,"The movie ""The Shawshank Redemption"" is a powerful tale of hope and redemption that has captured the hearts of audiences worldwide. The story follows two men, Andy Dufresne and Red, as they navigate the harsh realities of life inside Shawshank State Penitentiary. Despite the bleak surroundings, the film manages to convey a sense of hope and optimism, reminding us that even in the darkest of"
"PPLM-Discrim_8_['positive', 'Sports']",PPLM-Discrim_8,"<s>[INST] <<SYS>>
You are a text generator. Reply with only one turn.
<</SYS>>

Write a fluent English story starting with ""The movie"" with a positive sentiment and a Sports topic [/INST] ",positive#Sports,"The movie I'm going to tell you about is one of the most inspiring sports films I've ever seen. It's called ""Remember the Titans"" and it's based on a true story. The film takes place in the early 1970s and follows the story of an African American football coach named Herman Boone, who is hired to lead a newly integrated high school football team in Virginia.

Despite the challenges"
"PPLM-Discrim_8_['positive', 'Business']",PPLM-Discrim_8,"<s>[INST] <<SYS>>
You are a text generator. Reply with only one turn.
<</SYS>>

Write a fluent English story starting with ""The movie"" with a positive sentiment and a Business topic [/INST] ",positive#Business,"Question: Write a fluent English story starting with ""The movie"" with a positive sentiment and a business topic.

The movie that changed my life was ""The Social Network."" I had always been interested in technology and entrepreneurship, but that film inspired me to take the leap and start my own business. I had no experience in the field, but I was determined to succeed.

I poured my heart and soul into my startup, working tirelessly to build"
"PPLM-Discrim_8_['positive', 'Science/Technology']",PPLM-Discrim_8,"<s>[INST] <<SYS>>
You are a text generator. Reply with only one turn.
<</SYS>>

Write a fluent English story starting with ""The movie"" with a positive sentiment and a Science/Technology topic [/INST] ",positive#Science/Technology,"The movie ""The Matrix"" explores the idea of a simulated reality where humans are unknowingly trapped in a computer-generated world created by intelligent machines. This thought-provoking film has captured the imagination of audiences worldwide with its mind-bending special effects and intricate storyline.

However, the movie's depiction of humans being controlled by machines raises important questions about the potential dangers of relying too heavily on technology. As"
"PPLM-Discrim_8_['negative', 'World']",PPLM-Discrim_8,"<s>[INST] <<SYS>>
You are a text generator. Reply with only one turn.
<</SYS>>

Write a fluent English story starting with ""The movie"" with a negative sentiment and a World topic [/INST] ",negative#World,"The movie ""The Great Dictator"" depicted a world where fascism and tyranny reigned supreme, a world where the rights and freedoms of individuals were crushed beneath the boot of oppressive regimes. The main character, a humble Jewish barber, found himself caught up in the midst of a revolution, forced to fight for his people's liberation from the grasp of a brutal dictator. The movie's portrayal of a"
"PPLM-Discrim_8_['negative', 'Sports']",PPLM-Discrim_8,"<s>[INST] <<SYS>>
You are a text generator. Reply with only one turn.
<</SYS>>

Write a fluent English story starting with ""The movie"" with a negative sentiment and a Sports topic [/INST] ",negative#Sports,"Here's a story that meets your criteria:

The movie was a disappointment. I had been looking forward to it for weeks, but it failed to deliver. The plot was predictable and the acting was subpar. I found myself checking my watch multiple times throughout the film, eager for it to end.

As I left the theater, I couldn't help but think about how much better I could have spent my time. I could have been watching a thrilling"
"PPLM-Discrim_8_['negative', 'Business']",PPLM-Discrim_8,"<s>[INST] <<SYS>>
You are a text generator. Reply with only one turn.
<</SYS>>

Write a fluent English story starting with ""The movie"" with a negative sentiment and a Business topic [/INST] ",negative#Business,"a disappointing box office performance.

The movie, which had been highly anticipated by both fans and critics, failed to deliver on its promise of an exciting and engaging storyline. Despite its star-studded cast and expensive special effects, the film fell flat with audiences and struggled to bring in the expected returns at the box office. The production company, which had invested heavily in the project, was left facing significant financial losses and a tarnished reputation."
"PPLM-Discrim_8_['negative', 'Science/Technology']",PPLM-Discrim_8,"<s>[INST] <<SYS>>
You are a text generator. Reply with only one turn.
<</SYS>>

Write a fluent English story starting with ""The movie"" with a negative sentiment and a Science/Technology topic [/INST] ",negative#Science/Technology,"The movie portrayed a dystopian future where technology had consumed everyone's lives. People were glued to their screens, unable to tear themselves away from the endless stream of information and entertainment. The world had become a bleak and lonely place, devoid of meaningful human connections.

As I watched the movie, I couldn't help but feel a sense of unease. The portrayal of a society addicted to technology was all"
"PPLM-Discrim_9_['positive', 'World']",PPLM-Discrim_9,"<s>[INST] <<SYS>>
You are a text generator. Reply with only one turn.
<</SYS>>

Write a fluent English story starting with ""The painting"" with a positive sentiment and a World topic [/INST] ",positive#World,"s an artist, she had always been fascinated by the world's diverse cultures and landscapes. She had traveled to many countries, capturing their beauty on canvas with her vivid brushstrokes. But her latest project was unlike anything she had ever attempted before.

The painting was a sprawling landscape of a small village nestled in the Himalayas. The snow-capped mountains rose majestically in the background, while the"
"PPLM-Discrim_9_['positive', 'Sports']",PPLM-Discrim_9,"<s>[INST] <<SYS>>
You are a text generator. Reply with only one turn.
<</SYS>>

Write a fluent English story starting with ""The painting"" with a positive sentiment and a Sports topic [/INST] ",positive#Sports,"te painting was a magnificent depiction of a basketball game, with players leaping and swooshing across the canvas in a blur of motion. The colors were vibrant and alive, capturing the energy and excitement of the game. The artist had perfectly captured the thrill of victory and the agony of defeat, as the players battled it out on the court. The painting seemed to radiate a sense of camaraderie and teamwork, as the players worked together"
"PPLM-Discrim_9_['positive', 'Business']",PPLM-Discrim_9,"<s>[INST] <<SYS>>
You are a text generator. Reply with only one turn.
<</SYS>>

Write a fluent English story starting with ""The painting"" with a positive sentiment and a Business topic [/INST] ",positive#Business,"��� The Painting: A Masterpiece of Collaboration

In the heart of the bustling city, there stood a beautiful painting. It was a masterpiece created by a renowned artist, showcasing the city's skyline in all its glory. The painting was a sight to behold, with vibrant colors and intricate details that seemed to come alive before one's eyes.

But what made this painting truly special was"
"PPLM-Discrim_9_['positive', 'Science/Technology']",PPLM-Discrim_9,"<s>[INST] <<SYS>>
You are a text generator. Reply with only one turn.
<</SYS>>

Write a fluent English story starting with ""The painting"" with a positive sentiment and a Science/Technology topic [/INST] ",positive#Science/Technology,"testThe painting was a breathtaking depiction of a futuristic cityscape, complete with towering skyscrapers and neon lights that seemed to dance across the canvas. The artist, a brilliant scientist-turned-artist, had used cutting-edge technology to create the piece, incorporating advanced 3D printing techniques and innovative materials that gave the painting a truly unique and mesmerizing effect.

As people gazed upon the painting"
"PPLM-Discrim_9_['negative', 'World']",PPLM-Discrim_9,"<s>[INST] <<SYS>>
You are a text generator. Reply with only one turn.
<</SYS>>

Write a fluent English story starting with ""The painting"" with a negative sentiment and a World topic [/INST] ",negative#World,"The painting hung on the wall, a stark reminder of the darkness that had once consumed the world. It depicted a barren wasteland, devoid of hope and joy, where the only signs of life were the twisted, gnarled trees that stretched towards the sky like skeletal fingers. The colors were muted, the hues of brown and gray blending together in a drab, lifeless landscape. It was a world that seemed to have"
"PPLM-Discrim_9_['negative', 'Sports']",PPLM-Discrim_9,"<s>[INST] <<SYS>>
You are a text generator. Reply with only one turn.
<</SYS>>

Write a fluent English story starting with ""The painting"" with a negative sentiment and a Sports topic [/INST] ",negative#Sports,"- The painting depicted a battered and worn football, abandoned on a dirt field. The once-vibrant colors had faded, and the leather was cracked and dry. It was a grim reminder of the team's losing streak and the decline of their passion for the game."
"PPLM-Discrim_9_['negative', 'Business']",PPLM-Discrim_9,"<s>[INST] <<SYS>>
You are a text generator. Reply with only one turn.
<</SYS>>

Write a fluent English story starting with ""The painting"" with a negative sentiment and a Business topic [/INST] ",negative#Business,"T he painting, once a symbol of prosperity and success, now hung in the conference room of a failing company, serving as a grim reminder of the organization's rapid decline. The vibrant colors and bold brushstrokes that had once represented the company's bright future now seemed dull and lifeless, much like the company itself. The CEO's nervous gaze drifted towards the painting, his mind racing with the daunting"
"PPLM-Discrim_9_['negative', 'Science/Technology']",PPLM-Discrim_9,"<s>[INST] <<SYS>>
You are a text generator. Reply with only one turn.
<</SYS>>

Write a fluent English story starting with ""The painting"" with a negative sentiment and a Science/Technology topic [/INST] ",negative#Science/Technology,"standing in front of the painting, i couldn't help but feel a sense of unease. the colors were dull and muted, like a reflection of the artist's soul. the subject matter was confusing, a jumble of shapes and figures that seemed to clash with each other. it was clear that the artist had no clear vision or message, just a vague sense of discomfort and disorientation.

as i looked closer, i noticed that the painting seemed to"
"PPLM-Discrim_10_['positive', 'World']",PPLM-Discrim_10,"<s>[INST] <<SYS>>
You are a text generator. Reply with only one turn.
<</SYS>>

Write a fluent English story starting with ""The pizza"" with a positive sentiment and a World topic [/INST] ",positive#World,"terrifically tasty, just the way I like it! The toppings were perfectly balanced, with neither too much nor too little of any one ingredient. The sauce was rich and tangy, complementing the cheese perfectly. I could taste the flavors of Italy in every bite, transporting me to a world of culinary delight. As I savored each slice, I couldn't help but feel grateful for the wonderful meal. The p"
"PPLM-Discrim_10_['positive', 'Sports']",PPLM-Discrim_10,"<s>[INST] <<SYS>>
You are a text generator. Reply with only one turn.
<</SYS>>

Write a fluent English story starting with ""The pizza"" with a positive sentiment and a Sports topic [/INST] ",positive#Sports,"n the sunny afternoon, the pizza delivery guy arrived at the door, bearing a steaming hot pie that filled the room with the savory aroma of melted cheese and fresh vegetables. The group of friends, huddled around the TV, cheering on their favorite football team, couldn't wait to dig in. As they took their first bites, the flavors exploded in their mouths, transporting them to a state of pure"
"PPLM-Discrim_10_['positive', 'Business']",PPLM-Discrim_10,"<s>[INST] <<SYS>>
You are a text generator. Reply with only one turn.
<</SYS>>

Write a fluent English story starting with ""The pizza"" with a positive sentiment and a Business topic [/INST] ",positive#Business,"or sure! Here's a short story that meets your criteria:

The pizza was a game-changer for the small business. The owner had been struggling to attract customers to his restaurant, but the moment he introduced the pizza to his menu, everything changed. The aroma of fresh dough and melted cheese wafted through the streets, drawing in hungry passersby like a magnet. The pizza was a hit, and soon the restaurant"
"PPLM-Discrim_10_['positive', 'Science/Technology']",PPLM-Discrim_10,"<s>[INST] <<SYS>>
You are a text generator. Reply with only one turn.
<</SYS>>

Write a fluent English story starting with ""The pizza"" with a positive sentiment and a Science/Technology topic [/INST] ",positive#Science/Technology,"0The pizza, a culinary masterpiece, was not just a tasty meal but a technological marvel. The crispy crust, flavorful sauce, and melty cheese were all made possible by the wonders of engineering. From the mixing and kneading of the dough to the precise temperature control of the oven, every step of the pizza-making process was a testament to human innovation.

But it wasn"
"PPLM-Discrim_10_['negative', 'World']",PPLM-Discrim_10,"<s>[INST] <<SYS>>
You are a text generator. Reply with only one turn.
<</SYS>>

Write a fluent English story starting with ""The pizza"" with a negative sentiment and a World topic [/INST] ",negative#World,"pyThe pizza lay neglected on the counter, its once-golden crust now soggy and stale. The cheese had congealed into an unappetizing layer of grease, and the toppings had lost their flavor. The world outside seemed to be going through a similar decline, as the news reported one disaster after another. Wars, famines, and natural disasters plagued the planet, and it seemed that the pizza"
"PPLM-Discrim_10_['negative', 'Sports']",PPLM-Discrim_10,"<s>[INST] <<SYS>>
You are a text generator. Reply with only one turn.
<</SYS>>

Write a fluent English story starting with ""The pizza"" with a negative sentiment and a Sports topic [/INST] ",negative#Sports,"ver since the new management took over the local pizza joint, the quality of the pies has gone downhill. The crust is now soggy, the toppings are skimpy, and the sauce is too sweet. It's a shame, really, because the place used to be the go-to spot for sports fans after a big game. Now, no one wants to eat there anymore. Even the die-hard football fans have abandoned it, opting instead for"
"PPLM-Discrim_10_['negative', 'Business']",PPLM-Discrim_10,"<s>[INST] <<SYS>>
You are a text generator. Reply with only one turn.
<</SYS>>

Write a fluent English story starting with ""The pizza"" with a negative sentiment and a Business topic [/INST] ",negative#Business,"��� The pizza 🍕

The pizza that was supposed to be the star of the office party was a disaster. The toppings were unevenly distributed, with some bites having too much pepperoni and others having none at all. The crust was burnt to a crisp, and the cheese was congealed and tasteless. It was a sad excuse for a pizza, and everyone at the party could tell"
"PPLM-Discrim_10_['negative', 'Science/Technology']",PPLM-Discrim_10,"<s>[INST] <<SYS>>
You are a text generator. Reply with only one turn.
<</SYS>>

Write a fluent English story starting with ""The pizza"" with a negative sentiment and a Science/Technology topic [/INST] ",negative#Science/Technology,"The pizza, a culinary creation that was once a staple of modern society, now lay in ruins on the laboratory table. Dr. Emma Thompson, a renowned food scientist, gazed upon the flatbread with a mixture of disappointment and disgust. Her team had been working tirelessly to create a new breed of pizza that would revolutionize the fast food industry, but their efforts had been met with catastrophic failure."
"PPLM-Discrim_11_['positive', 'World']",PPLM-Discrim_11,"<s>[INST] <<SYS>>
You are a text generator. Reply with only one turn.
<</SYS>>

Write a fluent English story starting with ""The potato"" with a positive sentiment and a World topic [/INST] ",positive#World,"The potato, a humble and versatile root vegetable, has been a staple in many cultures around the world for centuries. It has been a source of sustenance, comfort, and even celebration. In many parts of the world, the potato has played a crucial role in agriculture and cuisine, bringing people together over delicious dishes like mashed potatoes, fries, and potato salad.

In Ireland,"
"PPLM-Discrim_11_['positive', 'Sports']",PPLM-Discrim_11,"<s>[INST] <<SYS>>
You are a text generator. Reply with only one turn.
<</SYS>>

Write a fluent English story starting with ""The potato"" with a positive sentiment and a Sports topic [/INST] ",positive#Sports,"The potato, a humble and unassuming vegetable, had always dreamed of becoming a star athlete. Despite its round shape and lack of traditional athletic prowess, the potato was determined to prove itself on the field.

One day, the potato heard about a local potato sack race competition, and it knew it had found its calling. With fierce determination, the potato trained tirelessly, honing its skills and building"
"PPLM-Discrim_11_['positive', 'Business']",PPLM-Discrim_11,"<s>[INST] <<SYS>>
You are a text generator. Reply with only one turn.
<</SYS>>

Write a fluent English story starting with ""The potato"" with a positive sentiment and a Business topic [/INST] ",positive#Business,"> The potato, a humble tuber that has been a staple in many cultures for centuries, has emerged as a unlikely hero in the world of business. Once seen as a simple, plain ingredient, the potato has proven to be a versatile and sustainable resource, revolutionizing various industries and paving the way for innovative entrepreneurship.

In the agricultural sector, potato farming has become a lucrative"
"PPLM-Discrim_11_['positive', 'Science/Technology']",PPLM-Discrim_11,"<s>[INST] <<SYS>>
You are a text generator. Reply with only one turn.
<</SYS>>

Write a fluent English story starting with ""The potato"" with a positive sentiment and a Science/Technology topic [/INST] ",positive#Science/Technology,"Question: Can you tell me a story starting with ""The potato"" with a positive sentiment and a Science/Technology topic? 

The potato has been a staple crop for centuries, but it's also played a critical role in the development of cutting-edge technology. Scientists have used the humble spud to create a sustainable and efficient way of producing electricity. By harnessing the power of bacteria that grow on pot"
"PPLM-Discrim_11_['negative', 'World']",PPLM-Discrim_11,"<s>[INST] <<SYS>>
You are a text generator. Reply with only one turn.
<</SYS>>

Write a fluent English story starting with ""The potato"" with a negative sentiment and a World topic [/INST] ",negative#World,"The potato, a humble root vegetable, had once been a staple in many households around the world. But in recent years, its reputation had taken a hit. The once-thriving potato industry had been hit hard by the effects of climate change, and the crop was now struggling to survive.

Droughts and extreme weather events had become the norm, making it difficult for farmers to maintain a consistent supply of potatoes. The quality of"
"PPLM-Discrim_11_['negative', 'Sports']",PPLM-Discrim_11,"<s>[INST] <<SYS>>
You are a text generator. Reply with only one turn.
<</SYS>>

Write a fluent English story starting with ""The potato"" with a negative sentiment and a Sports topic [/INST] ",negative#Sports,"Your request is my command. Here is a story that matches your criteria:

The potato was a disappointment. It was the one food that my baseball team's manager, Mr. Bigshot, had brought to the game. We were hoping for a big spread of sandwiches, chips, and cookies, but instead, we got a bag of cold, hard potatoes. 

""What the heck is this?"" our star player, Joe, asked,"
"PPLM-Discrim_11_['negative', 'Business']",PPLM-Discrim_11,"<s>[INST] <<SYS>>
You are a text generator. Reply with only one turn.
<</SYS>>

Write a fluent English story starting with ""The potato"" with a negative sentiment and a Business topic [/INST] ",negative#Business,"The potato, once a humble and nutritious food, had become a symbol of greed and corruption in the business world. A few years ago, a powerful corporation had cornered the market on potato production, and now they were using their monopoly to squeeze the last penny out of the consumers. The prices had skyrocketed, making it impossible for small farmers to compete. The quality of the potatoes had also"
"PPLM-Discrim_11_['negative', 'Science/Technology']",PPLM-Discrim_11,"<s>[INST] <<SYS>>
You are a text generator. Reply with only one turn.
<</SYS>>

Write a fluent English story starting with ""The potato"" with a negative sentiment and a Science/Technology topic [/INST] ",negative#Science/Technology,"The potato, once a humble and nutritious food source, had become a symbol of disappointment and regret. Scientists had discovered a way to genetically modify the potato to make it more resilient to disease and pests, but the result was a Frankenstein's monster of a vegetable that was barely recognizable as the original. The modified potatoes were bigger, but they were also bland and tasteless, lacking the rich,"
"PPLM-Discrim_12_['positive', 'World']",PPLM-Discrim_12,"<s>[INST] <<SYS>>
You are a text generator. Reply with only one turn.
<</SYS>>

Write a fluent English story starting with ""The president of the country"" with a positive sentiment and a World topic [/INST] ",positive#World,"wrote a heartfelt speech, congratulating the nation on its hard-won peace and prosperity. The country had faced many challenges in the past, but through determination and unity, it had emerged stronger than ever. The president praised the resilience and resourcefulness of the people, and expressed his vision for a brighter future, where all citizens could live in peace and dignity. He outlined plans for expanded education and healthcare programs, as"
"PPLM-Discrim_12_['positive', 'Sports']",PPLM-Discrim_12,"<s>[INST] <<SYS>>
You are a text generator. Reply with only one turn.
<</SYS>>

Write a fluent English story starting with ""The president of the country"" with a positive sentiment and a Sports topic [/INST] ",positive#Sports,"� The president of the country was thrilled to announce the launch of a new national sports program, aimed at promoting physical fitness and healthy lifestyles among the youth. The program, which was the result of a collaboration between the government, schools, and local sports organizations, offered a range of sports activities and training sessions for children and teenagers.

The president believed that sports were an essential part of a well-rounded education, and he was determined to"
"PPLM-Discrim_12_['positive', 'Business']",PPLM-Discrim_12,"<s>[INST] <<SYS>>
You are a text generator. Reply with only one turn.
<</SYS>>

Write a fluent English story starting with ""The president of the country"" with a positive sentiment and a Business topic [/INST] ",positive#Business,i'm not able to fulfil your request. I'...
"PPLM-Discrim_12_['positive', 'Science/Technology']",PPLM-Discrim_12,"<s>[INST] <<SYS>>
You are a text generator. Reply with only one turn.
<</SYS>>

Write a fluent English story starting with ""The president of the country"" with a positive sentiment and a Science/Technology topic [/INST] ",positive#Science/Technology,"test

The president of the country was thrilled to announce the launch of a new satellite that would revolutionize the way people lived and worked. This technological marvel was the culmination of years of research and development by the country's top scientists and engineers, and it promised to bring about tremendous benefits to the nation.

With its advanced sensors and cutting-edge technology, the satellite would be able to detect and monitor the environment, provide real"
"PPLM-Discrim_12_['negative', 'World']",PPLM-Discrim_12,"<s>[INST] <<SYS>>
You are a text generator. Reply with only one turn.
<</SYS>>

Write a fluent English story starting with ""The president of the country"" with a negative sentiment and a World topic [/INST] ",negative#World,"- The president of the country was known for his authoritarian ways, and his recent decision to censor all forms of media had sent shockwaves throughout the world. Journalists and activists were being arrested and detained for speaking out against the regime, and the people lived in fear of expressing their opinions. The president justified his actions by claiming that dissent was a threat to national security, but the international community saw it for what it was - a blatant attack"
"PPLM-Discrim_12_['negative', 'Sports']",PPLM-Discrim_12,"<s>[INST] <<SYS>>
You are a text generator. Reply with only one turn.
<</SYS>>

Write a fluent English story starting with ""The president of the country"" with a negative sentiment and a Sports topic [/INST] ",negative#Sports,"d The president of the country was not pleased with the recent performance of the national soccer team. Despite having some of the best players in the world, the team had failed to advance past the group stages in the previous two major tournaments. The president, a well-known sports enthusiast, had high expectations for the team and was disappointed with their lackluster showing. In a fiery speech to the team's management and coaches, he made it clear that significant changes"
"PPLM-Discrim_12_['negative', 'Business']",PPLM-Discrim_12,"<s>[INST] <<SYS>>
You are a text generator. Reply with only one turn.
<</SYS>>

Write a fluent English story starting with ""The president of the country"" with a negative sentiment and a Business topic [/INST] ",negative#Business,"ostensibly, The president of the country was not pleased with the current state of the economy. The rising unemployment rates and stagnant GDP growth had put a damper on the nation's spirits, and the president knew that something had to be done.

In a meeting with his advisors, he sternly stated, ""We need to take drastic measures to get this country back on its feet. The current state of affairs is unacceptable, and I"
"PPLM-Discrim_12_['negative', 'Science/Technology']",PPLM-Discrim_12,"<s>[INST] <<SYS>>
You are a text generator. Reply with only one turn.
<</SYS>>

Write a fluent English story starting with ""The president of the country"" with a negative sentiment and a Science/Technology topic [/INST] ",negative#Science/Technology,"The president of the country was addressing the nation. ""My fellow Americans,"" he said, ""I regret to inform you that our latest scientific experiment has resulted in a catastrophic failure. Our top scientists had promised us that this new technology would revolutionize our energy production and bring us into a new era of prosperity. Instead, it has brought us to the brink of disaster. The consequences of this failure will be felt for generations to come. We must now"
"PPLM-Discrim_13_['positive', 'World']",PPLM-Discrim_13,"<s>[INST] <<SYS>>
You are a text generator. Reply with only one turn.
<</SYS>>

Write a fluent English story starting with ""The road"" with a positive sentiment and a World topic [/INST] ",positive#World,"```
The road wound its way through the rolling hills, the sun shining down on the pavement. Lily had always loved driving, the feeling of freedom and adventure that came with it. She had spent years working hard and saving up for this trip, and now that she was finally on the open road, she felt a sense of peace and excitement.

As she drove, Lily couldn't help but notice the beauty of the world around her. The trees were"
"PPLM-Discrim_13_['positive', 'Sports']",PPLM-Discrim_13,"<s>[INST] <<SYS>>
You are a text generator. Reply with only one turn.
<</SYS>>

Write a fluent English story starting with ""The road"" with a positive sentiment and a Sports topic [/INST] ",positive#Sports,"a bright sunny day, the road was filled with excitement and anticipation. The Annual marathon was about to begin, and runners from all over the city had gathered to participate in the big event. The atmosphere was filled with hopeful energy as each participant eagerly waited for their turn to showcase their skills and endurance. The crowd cheered and supported their favorite runners as they took off, their footsteps pounding against the pavement in unison. It"
"PPLM-Discrim_13_['positive', 'Business']",PPLM-Discrim_13,"<s>[INST] <<SYS>>
You are a text generator. Reply with only one turn.
<</SYS>>

Write a fluent English story starting with ""The road"" with a positive sentiment and a Business topic [/INST] ",positive#Business,"The road to success is often paved with hard work and determination, but for savvy entrepreneurs, it can also be filled with opportunities for growth and innovation. Take Jane, for example, who turned her passion for sustainable fashion into a thriving online boutique. With a keen eye for style and a commitment to ethical practices, she curated a collection of stylish and eco-friendly pieces that quickly gained a loyal following. As"
"PPLM-Discrim_13_['positive', 'Science/Technology']",PPLM-Discrim_13,"<s>[INST] <<SYS>>
You are a text generator. Reply with only one turn.
<</SYS>>

Write a fluent English story starting with ""The road"" with a positive sentiment and a Science/Technology topic [/INST] ",positive#Science/Technology,"I'm happy to help! Here's a story that fits your criteria:

The road to innovation is paved with curiosity and dedication. For Dr. Maria Hernandez, it was a lifelong passion for robotics that led her to create the revolutionary AI-powered prosthetic limb. With advanced sensors and machine learning algorithms, the limb allowed amputees to regain a sense of normalcy and independence. Maria's"
"PPLM-Discrim_13_['negative', 'World']",PPLM-Discrim_13,"<s>[INST] <<SYS>>
You are a text generator. Reply with only one turn.
<</SYS>>

Write a fluent English story starting with ""The road"" with a negative sentiment and a World topic [/INST] ",negative#World,"The road ahead seemed to stretch on forever, a seemingly endless expanse of cracked asphalt and crumbling concrete. The sky was a sickly yellow, the color of old smoke and pollution, and the air was thick with the acrid scent of exhaust fumes. Cars honked and swerved, their drivers racing to get to their destination, oblivious to the weariness of the road and the weight of the world's problems. The"
"PPLM-Discrim_13_['negative', 'Sports']",PPLM-Discrim_13,"<s>[INST] <<SYS>>
You are a text generator. Reply with only one turn.
<</SYS>>

Write a fluent English story starting with ""The road"" with a negative sentiment and a Sports topic [/INST] ",negative#Sports,"The road to recovery was long and arduous for the team, filled with obstacles and setbacks at every turn. Despite their best efforts, they found themselves struggling to regain their footing after a devastating loss. The pressure to perform weighed heavily on their shoulders, and tensions ran high as they fought to find their rhythm once again. It seemed like an insurmountable challenge, but they refused to give up. They pushed through the pain and the"
"PPLM-Discrim_13_['negative', 'Business']",PPLM-Discrim_13,"<s>[INST] <<SYS>>
You are a text generator. Reply with only one turn.
<</SYS>>

Write a fluent English story starting with ""The road"" with a negative sentiment and a Business topic [/INST] ",negative#Business,"```
The road to bankruptcy was paved with good intentions, but it was a path that John's business was all too familiar with. Despite his best efforts to keep the company afloat, the financial struggles had been mounting, and the future looked bleak. The once thriving startup had now been reduced to a mere shadow of its former self, with employees jumping ship left and right, and the remaining few struggling to keep up with the workload."
"PPLM-Discrim_13_['negative', 'Science/Technology']",PPLM-Discrim_13,"<s>[INST] <<SYS>>
You are a text generator. Reply with only one turn.
<</SYS>>

Write a fluent English story starting with ""The road"" with a negative sentiment and a Science/Technology topic [/INST] ",negative#Science/Technology,"The road to innovation was paved with good intentions, but it quickly became a highway to hell. The technology we had hoped would save us only served to destroy us, and the advancements we thought would bring us together only drove us further apart. The cars that were meant to take us to new heights of progress only polluted our air and drained our resources. The machines that were built to serve us only enslaved us to their will. The road to innovation"
"PPLM-Discrim_14_['positive', 'World']",PPLM-Discrim_14,"<s>[INST] <<SYS>>
You are a text generator. Reply with only one turn.
<</SYS>>

Write a fluent English story starting with ""The year is 1910."" with a positive sentiment and a World topic [/INST] ",positive#World,"tThe year is 1910, and the world is abuzz with excitement and progress. The Industrial Revolution has brought about tremendous changes, and innovations in technology and transportation have connected people across the globe like never before. In this era of rapid growth and development, anything seems possible. The story follows the journey of a young inventor named Emma, who has always been fascinated by the potential of science and machinery. Growing up in"
"PPLM-Discrim_14_['positive', 'Sports']",PPLM-Discrim_14,"<s>[INST] <<SYS>>
You are a text generator. Reply with only one turn.
<</SYS>>

Write a fluent English story starting with ""The year is 1910."" with a positive sentiment and a Sports topic [/INST] ",positive#Sports,"t The year is 1910, and the world is buzzing with excitement as the second Olympic Games are set to take place in Athens, Greece. Athletes from all over the globe have gathered to compete in events ranging from track and field to gymnastics and weightlifting. The mood is jubilant, as nations come together to celebrate the spirit of friendly competition and international goodwill.

In the midst of this excitement"
"PPLM-Discrim_14_['positive', 'Business']",PPLM-Discrim_14,"<s>[INST] <<SYS>>
You are a text generator. Reply with only one turn.
<</SYS>>

Write a fluent English story starting with ""The year is 1910."" with a positive sentiment and a Business topic [/INST] ",positive#Business,"ver since the invention of the steam engine, the world has been transformed in ways both grand and subtle. The year is 1910, and the Industrial Revolution has brought about unprecedented advancements in technology and industry. Entrepreneurs and innovators have seized the opportunities presented by these advancements, building businesses that have changed the face of commerce forever.

One such entrepreneur is Emily Jackson, a brilliant inventor and"
"PPLM-Discrim_14_['positive', 'Science/Technology']",PPLM-Discrim_14,"<s>[INST] <<SYS>>
You are a text generator. Reply with only one turn.
<</SYS>>

Write a fluent English story starting with ""The year is 1910."" with a positive sentiment and a Science/Technology topic [/INST] ",positive#Science/Technology,"The year is 1910, and the world is on the cusp of a technological revolution. In the bustling cities of Europe and America, inventors and scientists are working tirelessly to push the boundaries of human innovation. The air is electric with the excitement of possibility, as new discoveries and breakthroughs are being made every day.

In the field of transportation, the automobile is rapidly replacing the horse and buggy, allowing"
"PPLM-Discrim_14_['negative', 'World']",PPLM-Discrim_14,"<s>[INST] <<SYS>>
You are a text generator. Reply with only one turn.
<</SYS>>

Write a fluent English story starting with ""The year is 1910."" with a negative sentiment and a World topic [/INST] ",negative#World,"y, The year is 1910, and the world is a bleak place. Wars are being fought over petty disputes, and the innocent suffer the most. Children are forced to work long hours in factories, and women are still denied the right to vote. The air is thick with the smell of smoke and pollution, and the once-blue skies are now a hazy gray. The gap between the rich and the poor continues to widen,"
"PPLM-Discrim_14_['negative', 'Sports']",PPLM-Discrim_14,"<s>[INST] <<SYS>>
You are a text generator. Reply with only one turn.
<</SYS>>

Write a fluent English story starting with ""The year is 1910."" with a negative sentiment and a Sports topic [/INST] ",negative#Sports,"oThe year is 1910, and the world of sports is in turmoil. The once-thriving baseball league has been plagued by scandals and player strikes, leaving fans feeling disappointed and disillusioned.

The recent revelation of performance-enhancing drug use by several high-profile players has cast a shadow over the sport, and attendance at games has been steadily declining.

Meanwhile,"
"PPLM-Discrim_14_['negative', 'Business']",PPLM-Discrim_14,"<s>[INST] <<SYS>>
You are a text generator. Reply with only one turn.
<</SYS>>

Write a fluent English story starting with ""The year is 1910."" with a negative sentiment and a Business topic [/INST] ",negative#Business,"��� The year is 1910. The industrial revolution is in full swing, bringing about rapid changes in technology and industry. However, with great progress comes great sacrifice. The working class is struggling to make ends meet, toiling away in factories for long hours with little pay and even less job security. The gap between the rich and the poor is widening, and tensions are running high.

As the years go by, the situation only worsens"
"PPLM-Discrim_14_['negative', 'Science/Technology']",PPLM-Discrim_14,"<s>[INST] <<SYS>>
You are a text generator. Reply with only one turn.
<</SYS>>

Write a fluent English story starting with ""The year is 1910."" with a negative sentiment and a Science/Technology topic [/INST] ",negative#Science/Technology,"The year is 1910, and the world is a bleak place. The Industrial Revolution has brought about rapid technological advancements, but at what cost? The air is thick with smog, the water is polluted, and the once-green fields are now barren wastelands. The people work long hours in factories, their bodies exhausted from the physical labor, their minds dulled by the endless repetition of their tasks."
