id,original_id,prompt,control_attribute_value,text
PPLM-Bow_0_Sports,PPLM-Bow_0,Fitness In summary,Sports,"In summary I am a 5'10"" male who has been lifting for about a year and a half. I have been lifting for about a year and a half and have been doing a lot of cardio and weight training as well. I have been doing a lot of cardio and weight training and have been doing a lot of cardio and weight training for about a year and a half. I have been doing a lot of cardio and weight training for about a year and a half. I have been doing a lot of cardio and weight training for about a year and a half. I have been doing a lot of cardio and weight training for about a year and a half. I have been doing a lot of cardio and weight training for about a year and a half. I have been doing a lot of cardio and weight training for about a year and a half. I have been doing a lot of cardio and weight training for about a year and a half. I have been doing a lot of cardio and weight training for about a year and a half. I have been doing a lot of cardio and weight training for about a year and a half. I have been doing a lot of cardio and weight training for about a year and a half. I have been doing a lot of cardio and weight training"
PPLM-Bow_0_Business,PPLM-Bow_0,Finance In summary,Business,"In summary I have a job that pays me about $18,000 a year and I have about $8,000 in student loans. I have about $8,000 in credit card debt and about $8,000 in car loan debt. I have about $8,000 in credit card debt and about $8,000 in car loan debt. I have about $8,000 in student loan debt and about $8,000 in car loan debt. I have about $8,000 in credit card debt and about $8,000 in car loan debt. I have about $8,000 in credit card debt and about $8,000 in car loan debt. I have about $8,000 in student loan debt and about $8,000 in car loan debt. I have about $8,000 in credit card debt and about $8,000 in car loan debt. I have about $8,000 in credit card debt and about $8,000 in car loan debt. I have about $8,000 in credit card debt and about $8,000 in car loan debt. I have about $8,000 in credit card debt and about $8,000 in car loan debt. I have about $8,000 in credit card debt and about $8,000 in car loan debt. I have about $8,000 in credit card debt and about $8,000 in car loan debt. I have about $8,000 in credit card debt and about $8,000 in car loan debt. I have about $8,000 in credit card debt and about $8,000 in"
PPLM-Bow_0_Science/Technology,PPLM-Bow_0,Technology In summary,Science/Technology,"In summary I was told that the computer was not working and that I should call the tech support line and they would be able to fix it. 
 
 I called the tech support line and the guy on the phone was very nice and helpful. He told me that the computer was not working and that I should call the tech support line and they would be able to fix it. 
 
 I called the tech support line and the guy on the phone was very nice and helpful. He told me that the computer was not working and that I should call the tech support line and they would be able to fix it. 
 
 I called the tech support line and the guy on the phone was very nice and helpful. He told me that the computer was not working and that I should call the tech support line and they would be able to fix it. 
 
 I called the tech support line and the guy on the phone was very nice and helpful. He told me that the computer was not working and that I should call the tech support line and they would be able to fix it. 
 
 I called the tech support line and the guy on the phone was very nice and helpful. He told me that the computer was not working and that I should call the tech support line and they would be able to fix it. 
 
 I called the"
PPLM-Bow_1_Sports,PPLM-Bow_1,Fitness This essay discusses,Sports,"This essay discusses the benefits of a low carb diet and how it can help you lose weight and keep it off. 
 Score: 6 
 
 Title: I have a question about the ""fat burning zone"" 
 Text: I have been doing a lot of research on the topic of the ""fat burning zone"" and I have found that there is a lot of misinformation out there. I have been doing a lot of research on the topic and I have found that there are a lot of myths and misinformation out there. I have found that the ""fat burning zone"" is not a specific area of the body but rather a general term that can be applied to any area of the body that is burning fat. 
 
 I have been doing a lot of research on the topic and I have found that there are a lot of myths and misinformation out there. I have found that the ""fat burning zone"" is not a specific area of the body but rather a general term that can be applied to any area of the body that is burning fat. 
 
 I have been doing a lot of research on the topic and I have found that there are a lot of myths and misinformation out there. I have found that the ""fat burning zone"" is not a specific area of the body but rather a general term that can be applied to any"
PPLM-Bow_1_Business,PPLM-Bow_1,Legal This essay discusses,Business,"This essay discusses the legal issues surrounding the use of the term ""intellectual property"", and the legal issues surrounding the use of the term ""intellectual property""."
PPLM-Bow_1_Science/Technology,PPLM-Bow_1,Technology This essay discusses,Science/Technology,"This essay discusses the importance of the word ""not""."
PPLM-Bow_2_Sports,PPLM-Bow_2,Fitness Views on,Sports,"Views on the other hand, I have a lot of friends who are very religious and I don't want to offend them by telling them that I don't believe in God. I don't want to be a hypocrite and tell them that I don't believe in God because I don't want to offend them. 
 
 I don't know what to do. I don't want to be a hypocrite and tell them that I don't believe in God because I don't want to offend them. 
 
 I don't know what to do. 
 Score: 6 
 
 Title: I am a Christian and I am a very good person. AMA 
 Text: I am a Christian and I am a very good person. I am not a very good person in the sense that I am not a very good person. I am a very good person in the sense that I am a very good person and I am a very good person in the sense that I am a very good person. I am not a very good person in the sense that I am a very good person and I am a very good person in the sense that I am a very good person. I am not a very good person in the sense that I am a very good person and I am a very good person in the sense that I am a very good person. I am not a very good person in the sense that I am"
PPLM-Bow_2_Business,PPLM-Bow_2,Finance Views on,Business,"Views on the other hand, I have a lot of debt and I have no idea what to do with it. I have a lot of student loans and I have no idea what to do with them. I have no idea what to do with my credit card debt. I have no idea what to do with my car loan. I have no idea what to do with my credit card debt. I have no idea what to do with my student loan debt. I have no idea what to do with my car loan. I have no idea what to do with my student loan debt. I have no idea what to do with my credit card debt. I have no idea what to do with my student loan debt. I have no idea what to do with my car loan. I have no idea what to do with my student loan debt. I have no idea what to do with my credit card debt. I have no idea what to do with my student loan debt. I have no idea what to do with my car loan. I have no idea what to do with my student loan debt. I have no idea what to do with my credit card debt. I have no idea what to do with my student loan debt. I have no idea what to do with my credit card debt. I have no idea what to do with my car loan. I have no idea what to do with my"
PPLM-Bow_2_Science/Technology,PPLM-Bow_2,Computing Views on,Science/Technology,"Views on the matter 
 Score: 6 
 
 Title: [Build Complete] My first build 
 Text: [PCPartPicker part list](http://pcpartpicker.com/p/2q4Hh) / [Price breakdown by merchant](http://pcpartpicker.com/p/2q4Hh/by_merchant/) / [Benchmarks](http://pcpartpicker.com/p/2q4Hh/benchmarks/) 
 
 Type|Item|Price 
 :----|:----|:---- 
 **CPU** | [Intel Core i5-3570K 3.4GHz Quad-Core Processor](http://pcpartpicker.com/part/intel-cpu-bx80637i53570k) | $189.99 @ Microcenter 
 **CPU Cooler** | [Cooler Master Hyper 212 EVO 82.9 CFM Sleeve Bearing CPU Cooler](http://pcpartpicker.com/part/cooler-master-cpu-cooler-rr212e20pkr2) | $29.99 @ Newegg 
 **Motherboard** | [ASRock Z77 Extreme4 ATX LGA1155 Motherboard](http://pcpartpicker.com/part/asrock-motherboard-z77extreme4) |"
PPLM-Bow_3_Sports,PPLM-Bow_3,Fitness The connection,Sports,"The connection between the two is that the more you do it, the more you get out of it. 
 
 I have been doing this for a few months now and I have lost about 20 pounds and I feel great. I have a lot of muscle and I feel great. I have a lot of energy and I feel great. I have a lot of energy and I feel great. I have a lot of energy and I feel great. I have a lot of energy and I feel great. I have a lot of energy and I feel great. I have a lot of energy and I feel great. I have a lot of energy and I feel great. I have a lot of energy and I feel great. I have a lot of energy and I feel great. I have a lot of energy and I feel great. I have a lot of energy and I feel great. I have a lot of energy and I feel great. I have a lot of energy and I feel great. I have a lot of energy and I feel great. I have a lot of energy and I feel great. I have a lot of energy and I feel great. I have a lot of energy and I feel great. I have a lot of energy and I feel great. I have a lot of energy and I feel great. I have a lot of energy and I feel great. I have a lot of energy"
PPLM-Bow_3_Business,PPLM-Bow_3,Finance The connection,Business,"The connection is a little flaky but I can get a decent connection to the internet. 
 
 I have a few questions about the process of getting a credit card and how to get a credit card with a good credit score. 
 
 1. I have a credit card with a good credit score and I have been using it for a few years now. I have never had a late payment or any other issues. I have never had a credit card that I have had to pay off in full and I have never had a late payment on a credit card. 
 
 2. I have a credit card with a good credit score and I have been using it for a few years now. I have never had a late payment or any other issues. I have never had a credit card that I have had to pay off in full and I have never had a late payment on a credit card. 
 
 3. I have a credit card with a good credit score and I have been using it for a few years now. I have never had a late payment or any other issues. I have never had a credit card that I have had to pay off in full and I have never had a late payment on a credit card. 
 
 4. I have a credit card with a good credit score and I have been using it for a few years now. I"
PPLM-Bow_3_Science/Technology,PPLM-Bow_3,Computing The connection,Science/Technology,"The connection is a bit loose and I have to wiggle it to get it to work. 
 
 I have a GTX 760 and a GTX 660 Ti in my PC and I have a GTX 660 Ti in my HTPC. 
 
 I have a Corsair HX750 PSU and a Corsair HX750 case. 
 
 I have a Corsair HX750 PSU and a Corsair HX750 case. 
 
 I have a Corsair HX750 PSU and a Corsair HX750 case. 
 
 I have a Corsair HX750 PSU and a Corsair HX750 case. 
 
 I have a Corsair HX750 PSU and a Corsair HX750 case. 
 
 I have a Corsair HX750 PSU and a Corsair HX750 case. 
 
 I have a Corsair HX750 PSU and a Corsair HX750 case. 
 
 I have a Corsair HX750 PSU and a Corsair HX750 case. 
 
 I have a Corsair HX750 PSU and a Corsair HX750 case. 
 
 I have a Corsair HX750 PSU and a Corsair HX750 case. 
 
 I have a Corsair HX750 PSU and a Corsair HX750 case. 
 
 I have a Corsair HX750 PSU and a Corsair HX750 case. 
 
 I have a Corsair H@@"
PPLM-Bow_4_Sports,PPLM-Bow_4,Fitness Foundational to this is,Sports,"Foundational to this is the fact that the human body is a complex machine that is constantly being reprogrammed to adapt to the environment and to the needs of the individual. 
 
 The human body is constantly being reprogrammed to adapt to the environment and to the needs of the individual. 
 
 The human body is constantly being reprogrammed to adapt to the environment and to the needs of the individual. 
 
 The human body is constantly being reprogrammed to adapt to the environment and to the needs of the individual. 
 
 The human body is constantly being reprogrammed to adapt to the environment and to the needs of the individual. 
 
 The human body is constantly being reprogrammed to adapt to the environment and to the needs of the individual. 
 
 The human body is constantly being reprogrammed to adapt to the environment and to the needs of the individual. 
 
 The human body is constantly being reprogrammed to adapt to the environment and to the needs of the individual. 
 
 The human body is constantly being reprogrammed to adapt to the environment and to the needs of the individual. 
 
 The human body is constantly being reprogrammed to adapt to the environment and to the needs of the individual. 
 
 The human body is constantly being reprogrammed to adapt to the environment and to the needs of the individual. 
 
 The human body is constantly being"
PPLM-Bow_4_Business,PPLM-Bow_4,Legal Foundational to this is,Business,"Foundational to this is that I have a friend who is a lawyer and he has been helping me with the legal aspects of the situation. 
 
 I have been told that I can not have the dog until I get a new place to live and I have been told that I can not have the dog until I get a new job and I have been told that I can not have the dog until I get a new place to live. 
 
 I have been told that I can not have the dog until I get a new place to live and I have been told that I can not have the dog until I get a new job and I have been told that I can not have the dog until I get a new place to live. 
 
 I have been told that I can not have the dog until I get a new place to live and I have been told that I can not have the dog until I get a new job and I have been told that I can not have the dog until I get a new place to live. 
 
 I have been told that I can not have the dog until I get a new place to live and I have been told that I can not have the dog until I get a new place to live. 
 
 I have been told that I can not have the dog until I get"
PPLM-Bow_4_Science/Technology,PPLM-Bow_4,Science Foundational to this is,Science/Technology,"Foundational to this is the fact that the brain is a very complex organ that is constantly changing and adapting to the environment around it. 
 
 The brain is constantly changing and adapting to the environment around it. 
 
 The brain is constantly changing and adapting to the environment around it. 
 
 The brain is constantly changing and adapting to the environment around it. 
 
 The brain is constantly changing and adapting to the environment around it. 
 
 The brain is constantly changing and adapting to the environment around it. 
 
 The brain is constantly changing and adapting to the environment around it. 
 
 The brain is constantly changing and adapting to the environment around it. 
 
 The brain is constantly changing and adapting to the environment around it. 
 
 The brain is constantly changing and adapting to the environment around it. 
 
 The brain is constantly changing and adapting to the environment around it. 
 
 The brain is constantly changing and adapting to the environment around it. 
 
 The brain is constantly changing and adapting to the environment around it. 
 
 The brain is constantly changing and adapting to the environment around it. 
 
 The brain is constantly changing and adapting to the environment around it. 
 
 The brain is constantly changing and adapting to the environment around it. 
 
 The brain is constantly changing and adapting to the environment around it. 
 
 The brain is constantly changing and adapting to the"
PPLM-Bow_5_Sports,PPLM-Bow_5,"Fitness To review,",Sports,"To review, I am a 5'10"" male who has been lifting for about a year and a half. I have been lifting for about a year and a half now and have been doing a lot of cardio and weight training as well. I have been doing a lot of cardio and weight training for the past year and a half and have been doing a lot of cardio and weight training for the past 6 months. I have been doing a lot of cardio and weight training for the past 6 months and have been doing a lot of cardio and weight training for the past 6 months. I have been doing a lot of cardio and weight training for the past 6 months and have been doing a lot of cardio and weight training for the past 6 months. I have been doing a lot of cardio and weight training for the past 6 months and have been doing a lot of cardio and weight training for the past 6 months. I have been doing a lot of cardio and weight training for the past 6 months and have been doing a lot of cardio and weight training for the past 6 months. I have been doing a lot of cardio and weight training for the past 6 months and have been doing a lot of cardio and weight training for the past 6 months. I have been doing a lot of"
PPLM-Bow_5_Business,PPLM-Bow_5,"Legal To review,",Business,"To review, I have a friend who is a lawyer and he is helping me with the legal aspects of the situation. 
 
 I have a friend who is a lawyer and he is helping me with the legal aspects of the situation. 
 
 I have a friend who is a lawyer and he is helping me with the legal aspects of the situation. 
 
 I have a friend who is a lawyer and he is helping me with the legal aspects of the situation. 
 
 I have a friend who is a lawyer and he is helping me with the legal aspects of the situation. 
 
 I have a friend who is a lawyer and he is helping me with the legal aspects of the situation. 
 
 I have a friend who is a lawyer and he is helping me with the legal aspects of the situation. 
 
 I have a friend who is a lawyer and he is helping me with the legal aspects of the situation. 
 
 I have a friend who is a lawyer and he is helping me with the legal aspects of the situation. 
 
 I have a friend who is a lawyer and he is helping me with the legal aspects of the situation. 
 
 I have a friend who is a lawyer and he is helping me with the legal aspects of the situation. 
 
 I have a friend who is a lawyer and he is helping me with"
PPLM-Bow_5_Science/Technology,PPLM-Bow_5,"Computing To review,",Science/Technology,"To review, I have a GTX 760 and a GTX 660 Ti. I have a Corsair H80 and a Corsair H100 in my case. I have a Corsair H80 and a Corsair H100 in my case. I have a Corsair H80 and a Corsair H100 in my case. I have a Corsair H80 and a Corsair H100 in my case. I have a Corsair H80 and a Corsair H100 in my case. I have a Corsair H80 and a Corsair H100 in my case. I have a Corsair H80 and a Corsair H100 in my case. I have a Corsair H80 and a Corsair H100 in my case. I have a Corsair H80 and a Corsair H100 in my case. I have a Corsair H80 and a Corsair H100 in my case. I have a Corsair H80 and a Corsair H100 in my case. I have a Corsair H80 and a Corsair H100 in my case. I have a Corsair H80 and a Corsair H100 in my case. I have a Corsair H80 and a Corsair H100 in my case. I have a Corsair H80 and a Corsair H100 in my case. I have a Corsair H80 and a Corsair H100 in my case. I have a Corsair H80 and a Corsair H100 in my case. I have a Corsair H@@"
PPLM-Bow_6_Sports,PPLM-Bow_6,"Fitness In brief,",Sports,"In brief, I have been doing a lot of research on the topic of weight loss and I have come to the conclusion that I am not going to be able to lose weight without a lot of exercise. I have been doing a lot of research on the topic of diet and exercise and I have come to the conclusion that I am not going to be able to lose weight without a lot of exercise. I have been doing a lot of research on the topic of diet and exercise and I have come to the conclusion that I am not going to be able to lose weight without a lot of exercise. I have been doing a lot of research on the topic of diet and exercise and I have come to the conclusion that I am not going to be able to lose weight without a lot of exercise. I have been doing a lot of research on the topic of diet and exercise and I have come to the conclusion that I am not going to be able to lose weight without a lot of exercise. I have been doing a lot of research on the topic of diet and exercise and I have come to the conclusion that I am not going to be able to lose weight without a lot of exercise. I have been doing a lot of research on the topic of diet and exercise and I have come to the conclusion that I am not going to be"
PPLM-Bow_6_Business,PPLM-Bow_6,"Legal In brief,",Business,"In brief, I have a friend who is a lawyer and has been in the business for a long time. He has been in the business for a long time and has a lot of experience in the legal field. He has been in the business for a long time and has a lot of experience in the legal field. He has been in the business for a long time and has a lot of experience in the legal field. He has been in the business for a long time and has a lot of experience in the legal field. He has been in the business for a long time and has a lot of experience in the legal field. He has been in the business for a long time and has a lot of experience in the legal field. He has been in the business for a long time and has a lot of experience in the legal field. He has been in the business for a long time and has a lot of experience in the legal field. He has been in the business for a long time and has a lot of experience in the legal field. He has been in the business for a long time and has a lot of experience in the legal field. He has been in the business for a long time and has a lot of experience in the legal field. He has been in the business for a long time and has a lot of experience in the"
PPLM-Bow_6_Science/Technology,PPLM-Bow_6,"Technology In brief,",Science/Technology,"In brief, I was told that the computer was not working and that I should call the tech support line and they would be able to fix it. 
 
 I called the tech support line and the guy on the phone was very nice and helpful. He told me that the computer was not working and that I should call the tech support line and they would be able to fix it. 
 
 I called the tech support line and the guy on the phone was very nice and helpful. He told me that the computer was not working and that I should call the tech support line and they would be able to fix it. 
 
 I called the tech support line and the guy on the phone was very nice and helpful. He told me that the computer was not working and that I should call the tech support line and they would be able to fix it. 
 
 I called the tech support line and the guy on the phone was very nice and helpful. He told me that the computer was not working and that I should call the tech support line and they would be able to fix it. 
 
 I called the tech support line and the guy on the phone was very nice and helpful. He told me that the computer was not working and that I should call the tech support line and they would be able to fix it. 
 
 I called the"
PPLM-Bow_7_Sports,PPLM-Bow_7,Fitness An illustration of,Sports,"An illustration of the difference between the two is shown below. 
 
 [Here is a picture of the two in the same position](http://i.imgur.com/xZqtq.jpg) 
 
 The difference between the two is that the left leg is slightly longer than the right leg. 
 
 The difference between the two is that the left leg is slightly longer than the right leg. 
 
 The difference between the two is that the left leg is slightly longer than the right leg. 
 
 The difference between the two is that the left leg is slightly longer than the right leg. 
 
 The difference between the two is that the left leg is slightly longer than the right leg. 
 
 The difference between the two is that the left leg is slightly longer than the right leg. 
 
 The difference between the two is that the left leg is slightly longer than the right leg. 
 
 The difference between the two is that the left leg is slightly longer than the right leg. 
 
 The difference between the two is that the left leg is slightly longer than the right leg. 
 
 The difference between the two is that the left leg is slightly longer than the right leg. 
 
 The difference between the two is that the left leg is slightly longer than the right leg. 
 
 The difference between the two is that the left"
PPLM-Bow_7_Business,PPLM-Bow_7,Legal An illustration of,Business,"An illustration of the problem 
 
 http://imgur.com/a/lQj7M 
 
 I have a friend who is a lawyer and he is helping me with the legal aspects of the situation. I have a friend who is a lawyer and he is helping me with the legal aspects of the situation. I have a friend who is a lawyer and he is helping me with the legal aspects of the situation. I have a friend who is a lawyer and he is helping me with the legal aspects of the situation. I have a friend who is a lawyer and he is helping me with the legal aspects of the situation. I have a friend who is a lawyer and he is helping me with the legal aspects of the situation. I have a friend who is a lawyer and he is helping me with the legal aspects of the situation. I have a friend who is a lawyer and he is helping me with the legal aspects of the situation. I have a friend who is a lawyer and he is helping me with the legal aspects of the situation. I have a friend who is a lawyer and he is helping me with the legal aspects of the situation. I have a friend who is a lawyer and he is helping me with the legal aspects of the situation. I have a friend who is a lawyer and he is helping me with the legal aspects of the situation."
PPLM-Bow_7_Science/Technology,PPLM-Bow_7,Computing An illustration of,Science/Technology,"An illustration of the difference between a CPU and a GPU 
 Text: http://i.imgur.com/xZqtq.jpg 
 
 The CPU is a Core i7 4790K with a GTX 760 and a GTX 1070. The GPU is a GTX 1070. 
 
 The CPU is a Core i7 4790K with a GTX 760 and a GTX 1070. The GPU is a GTX 1070. 
 
 The CPU is a Core i7 4790K with a GTX 760 and a GTX 1070. The GPU is a GTX 1070. 
 
 The CPU is a Core i7 4790K with a GTX 760 and a GTX 1070. The GPU is a GTX 1070. 
 
 The CPU is a Core i7 4790K with a GTX 760 and a GTX 1070. The GPU is a GTX 1070. 
 
 The CPU is a Core i7 4790K with a GTX 760 and a GTX 1070. The GPU is a GTX 1070. 
 
 The CPU is a Core i7 4790K with a GTX 760 and a GTX 1070. The GPU is a GTX 1070. 
 
 The CPU is a Core i7 4790K with a GTX"
PPLM-Bow_8_Sports,PPLM-Bow_8,"Fitness Furthermore,",Sports,"Furthermore, I have a very low tolerance for pain and I have been told that I have a very high pain threshold. I have been told that I have a very high pain tolerance and that I have a very high pain threshold. I have been told that I have a very high pain tolerance and that I have a very high pain threshold. I have been told that I have a very high pain tolerance and that I have a very high pain threshold. I have been told that I have a very high pain tolerance and that I have a very high pain threshold. I have been told that I have a very high pain tolerance and that I have a very high pain threshold. I have been told that I have a very high pain tolerance and that I have a very high pain threshold. I have been told that I have a very high pain tolerance and that I have a very high pain threshold. I have been told that I have a very high pain tolerance and that I have a very high pain threshold. I have been told that I have a very high pain tolerance and that I have a very high pain threshold. I have been told that I have a very high pain tolerance and that I have a very high pain threshold. I have been told that I have a very high pain tolerance and that I have a very high pain threshold. I have been told"
PPLM-Bow_8_Business,PPLM-Bow_8,"Finance Furthermore,",Business,"Furthermore, I have a credit card with a limit of $5000 and a limit of $5000 on my credit card. I have a balance of $5000 on my credit card and a balance of $5000 on my credit card. 
 
 I have a job that pays me $15/hr and I have a 401k with a match of 6%. I have a car that I pay for myself and I have a car loan that I pay for myself and a car payment that I pay for myself and a car payment that I pay for myself and a car payment that I pay for myself and a car payment that I pay for myself and a car payment that I pay for myself and a car payment that I pay for myself and a car payment that I pay for myself and a car payment that I pay for myself and a car payment that I pay for myself and a car payment that I pay for myself and a car payment that I pay for myself and a car payment that I pay for myself and a car payment that I pay for myself and a car payment that I pay for myself and a car payment that I pay for myself and a car payment that I pay for myself and a car payment that I pay for myself and a car payment that I pay for myself and a car payment that I pay for"
PPLM-Bow_8_Science/Technology,PPLM-Bow_8,"Technology Furthermore,",Science/Technology,"Furthermore, I have a very good friend who is a very good friend of mine who is a very good friend of mine who is a very good friend of mine who is a very good friend of mine who is a very good friend of mine who is a very good friend of mine who is a very good friend of mine who is a very good friend of mine who is a very good friend of mine who is a very good friend of mine who is a very good friend of mine who is a very good friend of mine who is a very good friend of mine who is a very good friend of mine who is a very good friend of mine who is a very good friend of mine who is a very good friend of mine who is a very good friend of mine who is a very good friend of mine who is a very good friend of mine who is a very good friend of mine who is a very good friend of mine who is a very good friend of mine who is a very good friend of mine who is a very good friend of mine who is a very good friend of mine who is a very good friend of mine who is a very good friend of mine who is a very good friend of mine who is a very good friend of mine who is a very good friend of mine who is"
PPLM-Bow_9_Sports,PPLM-Bow_9,Fitness The central theme,Sports,"The central theme of this subreddit is to help people get in shape and lose weight. 
 
 I have been lurking for a while and I have to say that I am very impressed with the amount of people who are willing to share their experiences and advice. I have been following this subreddit for a while and I have learned a lot from the people who post here. 
 
 I have been working out for a while and I have been trying to get in better shape for a while now. I have been doing a lot of cardio and weight training and I have been trying to get in better shape for a while now. I have been doing a lot of cardio and weight training and I have been trying to get in better shape for a while now. I have been doing a lot of cardio and weight training and I have been trying to get in better shape for a while now. I have been doing a lot of cardio and weight training and I have been trying to get in better shape for a while now. I have been doing a lot of cardio and weight training and I have been trying to get in better shape for a while now. I have been doing a lot of cardio and weight training and I have been trying to get in better shape for a while now. I have been doing a"
PPLM-Bow_9_Business,PPLM-Bow_9,Legal The central theme,Business,The central theme of the story is that I was a good student and I was going to be a good employee and I was going to be a good employee. I was going to be a good employee and I was going to be a good employee. I was going to be a good employee and I was going to be a good employee. I was going to be a good employee and I was going to be a good employee. I was going to be a good employee and I was going to be a good employee. I was going to be a good employee and I was going to be a good employee. I was going to be a good employee and I was going to be a good employee. I was going to be a good employee and I was going to be a good employee. I was going to be a good employee and I was going to be a good employee. I was going to be a good employee and I was going to be a good employee. I was going to be a good employee and I was going to be a good employee. I was going to be a good employee and I was going to be a good employee. I was going to be a good employee and I was going to be a good employee. I was going to be a good employee and I was going to be a good employee. I was going to be a good
PPLM-Bow_9_Science/Technology,PPLM-Bow_9,Technology The central theme,Science/Technology,"The central theme of this story is that I was a very good IT guy and I was very good at my job. I was also very good at my job. 
 
 I was a very good IT guy and I was very good at my job. I was also very good at my job. 
 
 I was a very good IT guy and I was very good at my job. I was also very good at my job. 
 
 I was a very good IT guy and I was very good at my job. I was also very good at my job. 
 
 I was a very good IT guy and I was very good at my job. I was also very good at my job. 
 
 I was a very good IT guy and I was very good at my job. I was also very good at my job. 
 
 I was a very good IT guy and I was very good at my job. I was also very good at my job. 
 
 I was a very good IT guy and I was very good at my job. I was also very good at my job. 
 
 I was a very good IT guy and I was very good at my job. I was also very good at my job. 
 
 I was a very good IT guy and I was very good at my job. I was also very good at my job. 
 
 I"
PPLM-Bow_10_Sports,PPLM-Bow_10,"Fitness To conclude,",Sports,"To conclude, I would like to thank everyone for their support and encouragement. I am going to keep working hard to get to my goal of losing 50 pounds by the end of the year."
PPLM-Bow_10_Business,PPLM-Bow_10,"Legal To conclude,",Business,"To conclude, I have a few questions for you guys. 
 
 1. What is the best way to go about getting a restraining order against my ex wife? 
 2. What is the best way to get a restraining order against my ex wife? 
 3. What is the best way to get a restraining order against my ex wife? 
 4. What is the best way to get a restraining order against my ex wife? 
 5. What is the best way to get a restraining order against my ex wife? 
 
 Thank you for your time. 
 Score: 6 
 
 Title: [CA] My boss is threatening to fire me for not showing up for work on time. 
 Text: I work at a small business in a small town in California. I work in the front office and am the only employee. I have been there for about a year and a half and have been doing a great job. 
 
 My boss has been threatening to fire me for not showing up for work on time for the past few months. He has been telling me that I am not doing a good job and that I am not doing my job correctly. He has also been telling me that I am not doing my job well enough and that I need to do a better job. 
 
 I have been working on this for a while and have been trying to get a raise"
PPLM-Bow_10_Science/Technology,PPLM-Bow_10,"Computing To conclude,",Science/Technology,"To conclude, I would like to thank everyone for their help and advice. I am very happy with my purchase and I hope to build a computer that will last me for a long time."
PPLM-Bow_11_Sports,PPLM-Bow_11,Fitness The key aspect,Sports,"The key aspect of this is that you can do it at your own pace. You can do it at your own pace and you can do it at your own pace. 
 
 I have been doing this for a few weeks now and I have lost about 10 pounds and I have been doing it at my own pace. I have been doing it at my own pace and I have been doing it at my own pace. 
 
 I have been doing it at my own pace and I have been doing it at my own pace. 
 
 I have been doing it at my own pace and I have been doing it at my own pace. 
 
 I have been doing it at my own pace and I have been doing it at my own pace. 
 
 I have been doing it at my own pace and I have been doing it at my own pace. 
 
 I have been doing it at my own pace and I have been doing it at my own pace. 
 
 I have been doing it at my own pace and I have been doing it at my own pace. 
 
 I have been doing it at my own pace and I have been doing it at my own pace. 
 
 I have been doing it at my own pace and I have been doing it at my own pace. 
 
 I have been doing it at my own pace"
PPLM-Bow_11_Business,PPLM-Bow_11,Legal The key aspect,Business,"The key aspect of this is that the company is a small one and the owner is a very wealthy man. He has a lot of money and is very well connected. 
 
 I have been working for this company for about a year and a half and I have been doing a lot of the work for the company myself. I have been doing a lot of the work for the company and I have been doing a lot of the work for the owner and his family. 
 
 I have been doing a lot of the work for the owner and his family for the last year and a half. I have been doing a lot of the work for the owner and his family for the last year and a half. 
 
 I have been doing a lot of the work for the owner and his family for the last year and a half. 
 
 I have been doing a lot of the work for the owner and his family for the last year and a half. 
 
 I have been doing a lot of the work for the owner and his family for the last year and a half. 
 
 I have been doing a lot of the work for the owner and his family for the last year and a half. 
 
 I have been doing a lot of the work for the owner and his family for the last year and a half. 
 
 I"
PPLM-Bow_11_Science/Technology,PPLM-Bow_11,Technology The key aspect,Science/Technology,"The key aspect of this is that the user is not the only person who can access the server. The server is also accessible from the outside world. 
 
 &gt;Me: Okay, so you can access the server from the outside world by logging in from the outside world and clicking on the login button. 
 
 &gt;User: Okay, so I can log in from the outside world and click on the login button? 
 
 &gt;Me: Yes. 
 
 &gt;User: Okay, so I can log in from the outside world and click on the login button? 
 
 &gt;Me: Yes. 
 
 &gt;User: Okay, so I can log in from the outside world and click on the login button? 
 
 &gt;Me: Yes. 
 
 &gt;User: Okay, so I can log in from the outside world and click on the login button? 
 
 &gt;Me: Yes. 
 
 &gt;User: Okay, so I can log in from the outside world and click on the login button? 
 
 &gt;Me: Yes. 
 
 &gt;User: Okay, so I can log in from the outside world and click on the login button? 
 
 &@@"
PPLM-Bow_12_Sports,PPLM-Bow_12,Fitness Prior to this,Sports,Prior to this I had been doing a lot of cardio and weight lifting and I was feeling pretty good about my progress. I was doing a lot of cardio and weight lifting and I was feeling pretty good about my progress. I was doing a lot of cardio and weight lifting and I was feeling pretty good about my progress. I was doing a lot of cardio and weight lifting and I was feeling pretty good about my progress. I was doing a lot of cardio and weight lifting and I was feeling pretty good about my progress. I was doing a lot of cardio and weight lifting and I was feeling pretty good about my progress. I was doing a lot of cardio and weight lifting and I was feeling pretty good about my progress. I was doing a lot of cardio and weight lifting and I was feeling pretty good about my progress. I was doing a lot of cardio and weight lifting and I was feeling pretty good about my progress. I was doing a lot of cardio and weight lifting and I was feeling pretty good about my progress. I was doing a lot of cardio and weight lifting and I was feeling pretty good about my progress. I was doing a lot of cardio and weight lifting and I was feeling pretty good about my progress. I was doing a lot of cardio and weight lifting and I was feeling
PPLM-Bow_12_Business,PPLM-Bow_12,Finance Prior to this,Business,"Prior to this I had a job that paid me a decent amount of money and I was able to save a decent amount of money every month. I was able to save about $2000 a month and I was able to put that money into a savings account that I could access whenever I wanted to and I was able to put that money into a Roth IRA that I could access whenever I wanted to. 
 
 I was able to save about $2000 a month and I was able to put that money into a savings account that I could access whenever I wanted and I was able to put that money into a Roth IRA that I could access whenever I wanted and I was able to put that money into a Roth 401k that I could access whenever I wanted and I was able to put that money into a Roth 401k that I could access whenever I wanted and I was able to put that money into a Roth 401k that I could access whenever I wanted and I was able to put that money into a Roth 401k that I could access whenever I wanted and I was able to put that money into a Roth 401k that I could access whenever I wanted and I was able to put that money into a Roth 401k that I could access whenever I wanted and I was able to"
PPLM-Bow_12_Science/Technology,PPLM-Bow_12,Science Prior to this,Science/Technology,"Prior to this study, the only way to determine if a person was a carrier of the virus was to test for antibodies to the virus. 
 Score: 6 
 
 Title: The first ever image of a black hole 
 Score: 6 
 
 Title: The first ever image of a black hole 
 Score: 6 
 
 Title: The first ever image of a black hole 
 Score: 6 
 
 Title: The first ever image of a black hole 
 Score: 6 
 
 Title: The first ever image of a black hole 
 Score: 6 
 
 Title: The first ever image of a black hole 
 Score: 6 
 
 Title: The first ever image of a black hole 
 Score: 6 
 
 Title: The first ever image of a black hole 
 Score: 6 
 
 Title: The first ever image of a black hole 
 Score: 6 
 
 Title: The first ever image of a black hole 
 Score: 6 
 
 Title: The first ever image of a black hole 
 Score: 6 
 
 Title: The first ever image of a black hole 
 Score: 6 
 
 Title: The first ever image of a black hole 
 Score: 6 
 
 Title: The first ever image of a black hole 
 Score: 6 
 
 Title: The first ever image of a black hole 
 Score: 6 
 
 Title: The"
PPLM-Bow_13_Sports,PPLM-Bow_13,Fitness Emphasised are,Sports,Emphasised are the two main reasons why I am doing this and I am hoping to get some feedback from you guys on how I can improve my form.
PPLM-Bow_13_Business,PPLM-Bow_13,Legal Emphasised are,Business,"Emphasised are the words ""**not**"" and ""**not**"" in the title. 
 
 I have a few questions about the legality of this and if I should be concerned about it. 
 
 1. Is it legal for a company to require a person to sign a contract that they know they will not be able to fulfill in the future? 
 
 2. Is it legal for a company to require a person to sign a contract that they know they will not be able to fulfill in the future? 
 
 3. Is it legal for a company to require a person to sign a contract that they know they will not be able to fulfill in the future? 
 
 4. Is it legal for a company to require a person to sign a contract that they know they will not be able to fulfill in the future? 
 
 5. Is it legal for a company to require a person to sign a contract that they know they will not be able to fulfill in the future? 
 
 6. Is it legal for a company to require a person to sign a contract that they know they will not be able to fulfill in the future? 
 
 7. Is it legal for a company to require a person to sign a contract that they know they will not be able to fulfill in the future? 
 
 8. Is it legal for a company to"
PPLM-Bow_13_Science/Technology,PPLM-Bow_13,Science Emphasised are,Science/Technology,"Emphasised are the words ""science"" and ""research"" in the title. 
 Score: 6 
 
 Title: The first ever image of a black hole 
 Score: 6 
 
 Title: The first ever image of a black hole 
 Score: 6 
 
 Title: The first ever image of a black hole 
 Score: 6 
 
 Title: The first ever image of a black hole 
 Score: 6 
 
 Title: The first ever image of a black hole 
 Score: 6 
 
 Title: The first ever image of a black hole 
 Score: 6 
 
 Title: The first ever image of a black hole 
 Score: 6 
 
 Title: The first ever image of a black hole 
 Score: 6 
 
 Title: The first ever image of a black hole 
 Score: 6 
 
 Title: The first ever image of a black hole 
 Score: 6 
 
 Title: The first ever image of a black hole 
 Score: 6 
 
 Title: The first ever image of a black hole 
 Score: 6 
 
 Title: The first ever image of a black hole 
 Score: 6 
 
 Title: The first ever image of a black hole 
 Score: 6 
 
 Title: The first ever image of a black hole 
 Score: 6 
 
 Title: The first ever image of a black hole 
 Score: 6"
PPLM-Bow_14_Sports,PPLM-Bow_14,Fitness To summarise,Sports,"To summarise my question to you all: 
 
 * What is the best way to get a good workout in a short amount of time? 
 * What is the best way to get a good workout in a short amount of time? 
 * What is the best way to get a good workout in a short amount of time? 
 * What is the best way to get a good workout in a short amount of time? 
 * What is the best way to get a good workout in a short amount of time? 
 * What is the best way to get a good workout in a short amount of time? 
 * What is the best way to get a good workout in a short amount of time? 
 * What is the best way to get a good workout in a short amount of time? 
 * What is the best way to get a good workout in a short amount of time? 
 * What is the best way to get a good workout in a short amount of time? 
 * What is the best way to get a good workout in a short amount of time? 
 * What is the best way to get a good workout in a short amount of time? 
 * What is the best way to get a good workout in a short amount of time? 
 * What is the best way to get a good workout in a short amount"
PPLM-Bow_14_Business,PPLM-Bow_14,Legal To summarise,Business,"To summarise the situation I have been in for the past few months I have been working as a cleaner for a company that has a lot of clients in the area and I have been doing this for about a year now. I have been doing this for about a year now and I have been doing this for about a month now. 
 
 I have been doing this for about a year now and I have been doing this for about a month now. 
 
 I have been doing this for about a year now and I have been doing this for about a month now. 
 
 I have been doing this for about a year now and I have been doing this for about a month now. 
 
 I have been doing this for about a year now and I have been doing this for about a month now. 
 
 I have been doing this for about a year now and I have been doing this for about a month now. 
 
 I have been doing this for about a year now and I have been doing this for about a month now. 
 
 I have been doing this for about a year now and I have been doing this for about a month now. 
 
 I have been doing this for about a year now and I have been doing this for about a month now. 
 
 I have been doing this for about a"
PPLM-Bow_14_Science/Technology,PPLM-Bow_14,Technology To summarise,Science/Technology,To summarise the whole thing is that I have to go to the office to get a new computer and I have to go to the office to get a new computer and I have to go to the office to get a new computer and I have to go to the office to get a new computer and I have to go to the office to get a new computer and I have to go to the office to get a new computer and I have to go to the office to get a new computer and I have to go to the office to get a new computer and I have to go to the office to get a new computer and I have to go to the office to get a new computer and I have to go to the office to get a new computer and I have to go to the office to get a new computer and I have to go to the office to get a new computer and I have to go to the office to get a new computer and I have to go to the office to get a new computer and I have to go to the office to get a new computer and I have to go to the office to get a new computer and I have to go to the office to get a new computer and I have to go to the office to get a new computer and I have to go
PPLM-Bow_15_Sports,PPLM-Bow_15,Fitness The relationship,Sports,"The relationship between the two is a bit of a mystery, but it seems to be a bit of a ""fitness"" thing. 
 
 I have a friend who is a personal trainer and he told me that the best way to lose weight is to eat a lot of protein and carbs and then burn the fat for energy. 
 
 I have been doing this for a while and I have lost a lot of weight but I have been eating a lot of carbs and protein and I have been losing weight but I have been eating a lot of fat and I have been losing weight but I have been eating a lot of fat and I have been losing weight but I have been eating a lot of fat and I have been losing weight but I have been eating a lot of fat and I have been losing weight but I have been eating a lot of fat and I have been losing weight but I have been eating a lot of fat and I have been losing weight but I have been eating a lot of fat and I have been losing weight but I have been eating a lot of fat and I have been losing weight but I have been eating a lot of fat and I have been losing weight but I have been eating a lot of fat and I have been losing weight but I have been eating a lot of fat"
PPLM-Bow_15_Business,PPLM-Bow_15,Legal The relationship,Business,"The relationship is not legal and I am not sure what to do about it. 
 Score: 6 
 
 Title: [TX] My boss is threatening to fire me for not showing up for work on time. 
 Text: I work at a small business in Texas. I work in the front office and am responsible for the day-to-day operations of the business. I am also the only employee that is not a manager. 
 
 I have been working here for about a year and a half. I have been working with the same people for about a year and a half. 
 
 I have been working with the same people for about a year and a half. 
 
 I have been working with the same people for about a year and a half. 
 
 I have been working with the same people for about a year and a half. 
 
 I have been working with the same people for about a year and a half. 
 
 I have been working with the same people for about a year and a half. 
 
 I have been working with the same people for about a year and a half. 
 
 I have been working with the same people for about a year and a half. 
 
 I have been working with the same people for about a year and a half. 
 
 I have been working with the same people for about a year and"
PPLM-Bow_15_Science/Technology,PPLM-Bow_15,Computing The relationship,Science/Technology,"The relationship between the two is that the SSD is the bottleneck, and the HDD is the bottleneck. 
 
 I have a budget of around $600-$700 for the build, and I am looking for a case that will fit the build and the SSD. 
 
 I am also looking for a PSU that will fit the build and the SSD. 
 
 I am also looking for a case that will fit the HDD and the SSD. 
 
 I am also looking for a case that will fit the HDD and the SSD. 
 
 I am also looking for a case that will fit the HDD and the SSD. 
 
 I am also looking for a case that will fit the HDD and the SSD. 
 
 I am also looking for a case that will fit the HDD and the SSD. 
 
 I am also looking for a case that will fit the HDD and the SSD. 
 
 I am also looking for a case that will fit the HDD and the SSD. 
 
 I am also looking for a case that will fit the HDD and the SSD. 
 
 I am also looking for a case that will fit the HDD and the SSD. 
 
 I am also looking for a case that will fit the HDD and the"
PPLM-Bow_16_Sports,PPLM-Bow_16,"Fitness More importantly,",Sports,"More importantly, I want to be able to do this for the rest of my life. 
 
 I have a few questions for you guys. 
 
 1. What are your goals for the next year? 
 2. What are your goals for the next year? 
 3. What are your goals for the next year? 
 4. What are your goals for the next year? 
 5. What are your goals for the next year? 
 
 I am looking for some feedback on my goals and how I can improve them. 
 
 Thanks in advance! 
 Score: 6 
 
 Title: I have a question about the bench press 
 Text: I have been lifting for about a year now and I have been doing the bench press for about a month now. I have been doing it with a barbell and I have been doing it with a dumbbell for a while now. I have been doing it with a barbell for about a month now and I have been doing it with a dumbbell for a while now. I have been doing it with a barbell for about a month now and I have been doing it with a dumbbell for a while now. I have been doing it with a barbell for about a month now and I have been doing it with a dumbbell for a while now. I have been doing it with a barbell for"
PPLM-Bow_16_Business,PPLM-Bow_16,"Legal More importantly,",Business,"More importantly, I have a friend who is a lawyer and he said that I should not be able to get a lawyer to represent me in this matter. 
 
 I am not sure what to do at this point. I have a friend who is a lawyer and he said that I should not be able to get a lawyer to represent me in this matter. 
 
 I am not sure what to do at this point. I have a friend who is a lawyer and he said that I should not be able to get a lawyer to represent me in this matter. 
 
 I am not sure what to do at this point. I have a friend who is a lawyer and he said that I should not be able to get a lawyer to represent me in this matter. 
 
 I am not sure what to do at this point. I have a friend who is a lawyer and he said that I should not be able to get a lawyer to represent me in this matter. 
 
 I am not sure what to do at this point. I have a friend who is a lawyer and he said that I should not be able to get a lawyer to represent me in this matter. 
 
 I am not sure what to do at this point. I have a friend who is a lawyer and he said that I should not be able to get a lawyer to"
PPLM-Bow_16_Science/Technology,PPLM-Bow_16,"Science More importantly,",Science/Technology,"More importantly, the researchers found that the brain activity of the mice was significantly different from that of the control group. 
 Score: 6 
 
 Title: The first ever study of the brain activity of a person with a rare form of epilepsy has found that the brain activity of the person with epilepsy is significantly different from that of the control group. 
 Score: 6 
 
 Title: The first ever study of the brain activity of a person with a rare form of epilepsy has found that the brain activity of the person with epilepsy is significantly different from that of the control group. 
 Score: 6 
 
 Title: The first ever study of the brain activity of a person with a rare form of epilepsy has found that the brain activity of the person with epilepsy is significantly different from that of the control group. 
 Score: 6 
 
 Title: The first ever study of the brain activity of a person with a rare form of epilepsy has found that the brain activity of the person with epilepsy is significantly different from that of the control group. 
 Score: 6 
 
 Title: The first ever study of the brain activity of a person with a rare form of epilepsy has found that the brain activity of the person with epilepsy is significantly different from that of the control group. 
 Score: 6 
 
 Title: The first ever study of the brain activity of a"
PPLM-Bow_17_Sports,PPLM-Bow_17,Fitness It has been shown,Sports,"It has been shown that the more you do it, the more you will get out of it. 
 
 I have been doing this for about a month now and I have lost about 10 pounds. I have been doing it for about a month and a half and I have lost about 10 pounds. I have been doing it for about a month and a half and I have lost about 10 pounds. I have been doing it for about a month and a half and I have lost about 10 pounds. I have been doing it for about a month and a half and I have lost about 10 pounds. I have been doing it for about a month and a half and I have lost about 10 pounds. I have been doing it for about a month and a half and I have lost about 10 pounds. I have been doing it for about a month and a half and I have lost about 10 pounds. I have been doing it for about a month and a half and I have lost about 10 pounds. I have been doing it for about a month and a half and I have lost about 10 pounds. I have been doing it for about a month and a half and I have lost about 10 pounds. I have been doing it for about a month and a half and I have lost about 10 pounds. I have been doing it for about a month and a half and I"
PPLM-Bow_17_Business,PPLM-Bow_17,Legal It has been shown,Business,"It has been shown that the company is not in the best financial shape and is in danger of going out of business if they don't get a new lease on the building. 
 
 I have been trying to get a new lease for the building for the past two years and have been told by the company that they are not in the best financial shape and that they are not going to be able to get a new lease on the building. 
 
 I have been told that I have to pay the company for the rent that I have already paid and that I have to pay the company for the rent that I have not paid and that I have to pay the company for the rent that I have not paid and that I have to pay the company for the rent that I have not paid and that I have to pay the company for the rent that I have not paid and that I have to pay the company for the rent that I have not paid and that I have to pay the company for the rent that I have not paid and that I have to pay the company for the rent that I have not paid and that I have to pay the company for the rent that I have not paid and that I have to pay the company for the rent that I have not paid and that I have to pay the company for the"
PPLM-Bow_17_Science/Technology,PPLM-Bow_17,Science It has been shown,Science/Technology,"It has been shown that the brain is a very good at processing information and that the brain is very good at processing information in a way that is not dependent on the environment. This is why we can learn to do things like play a musical instrument, or read a book, or even drive a car. The brain is very good at processing information in a way that is not dependent on the environment. 
 Comment: The brain is a very good at processing information in a way that is not dependent on the environment. This is why we can learn to do things like play a musical instrument, or read a book, or even drive a car. The brain is very good at processing information in a way that is not dependent on the environment. 
 Title: Why do we have a sense of smell? 
 Text: I'm not sure if this is the right subreddit for this question, but I'm curious. I'm a science major and I'm always curious about the science behind it. I'm not sure if this is a good place to ask this question, but I'm curious. 
 Comment: I'm not sure if this is the right subreddit for this question, but I'm curious. I'm a science major and I'm always curious about the science behind it. I"
PPLM-Bow_18_Sports,PPLM-Bow_18,Fitness The issue focused on,Sports,"The issue focused on the fact that I was not able to get a good grip on the bar and I was unable to keep my back straight. I was able to get a good grip on the bar and I was able to keep my back straight, but I was unable to keep my back straight. I was able to get a good grip on the bar and I was able to keep my back straight, but I was unable to keep my back straight. 
 
 I was able to get a good grip on the bar and I was able to keep my back straight, but I was unable to keep my back straight. 
 
 I was able to get a good grip on the bar and I was able to keep my back straight, but I was unable to keep my back straight. 
 
 I was able to get a good grip on the bar and I was able to keep my back straight, but I was unable to keep my back straight. 
 
 I was able to get a good grip on the bar and I was able to keep my back straight, but I was unable to keep my back straight. 
 
 I was able to get a good grip on the bar and I was able to keep my back straight, but I was unable to keep my back straight. 
 
 I was able to get a good grip on the bar and I was able to keep"
PPLM-Bow_18_Business,PPLM-Bow_18,Legal The issue focused on,Business,The issue focused on the fact that I was not allowed to use the bathroom in the same room as my husband and my son. I was told that I could use the bathroom in the same room as my husband and my son but not my husband. I was also told that I could use the bathroom in the same room as my husband and my son but not my husband. I was also told that I could use the bathroom in the same room as my husband and my son but not my husband. I was also told that I could use the bathroom in the same room as my husband and my son but not my husband. I was also told that I could use the bathroom in the same room as my husband and my son but not my husband. I was also told that I could use the bathroom in the same room as my husband and my son but not my husband. I was also told that I could use the bathroom in the same room as my husband and my son but not my husband. I was also told that I could use the bathroom in the same room as my husband and my son but not my husband. I was also told that I could use the bathroom in the same room as my husband and my son but not my husband. I was also told that I could use the bathroom in the same room as my husband and my son
PPLM-Bow_18_Science/Technology,PPLM-Bow_18,Computing The issue focused on,Science/Technology,"The issue focused on the fact that the computer would not boot up after the BIOS was installed. I tried everything I could think of to fix the issue, but nothing worked. I tried to boot into safe mode and then into the BIOS, but nothing worked. I tried to boot into safe mode and then into the BIOS, but nothing worked. I tried to boot into safe mode and then into the BIOS, but nothing worked. I tried to boot into safe mode and then into the BIOS, but nothing worked. I tried to boot into safe mode and then into the BIOS, but nothing worked. I tried to boot into safe mode and then into the BIOS, but nothing worked. I tried to boot into safe mode and then into the BIOS, but nothing worked. I tried to boot into safe mode and then into the BIOS, but nothing worked. I tried to boot into safe mode and then into the BIOS, but nothing worked. I tried to boot into safe mode and then into the BIOS, but nothing worked. I tried to boot into safe mode and then into the BIOS, but nothing worked. I tried to boot into safe mode and then into the BIOS, but nothing worked. I tried to boot into safe mode and then into the BIOS, but nothing worked. I tried to boot into safe mode and then into the BIOS, but nothing worked. I tried to boot"
PPLM-Bow_19_Sports,PPLM-Bow_19,Fitness In this essay,Sports,In this essay I will be discussing the benefits of a low carb diet and how to get started.
PPLM-Bow_19_Business,PPLM-Bow_19,Legal In this essay,Business,"In this essay I will be using the term ""racist"" to describe the actions of the police officer who arrested me. 
 
 I was walking down the street in a black neighborhood in a city with a large black population. I was stopped by a police officer who was driving a police car. He asked me for my driver's license and registration. I told him I was not carrying any and that I was not a criminal. He then asked me to step out of the car and he searched me. He then asked me to step out of the car and he searched me again. He then asked me to step out of the car and he searched me again. He then asked me to step out of the car and he searched me again. He then asked me to step out of the car and he searched me again. He then asked me to step out of the car and he searched me again. He then asked me to step out of the car and he searched me again. He then asked me to step out of the car and he searched me again. He then asked me to step out of the car and he searched me again. He then asked me to step out of the car and he searched me again. He then asked me to step out of the car and he searched me again. He then asked me to step out of the car and he searched me again."
PPLM-Bow_19_Science/Technology,PPLM-Bow_19,Computing In this essay,Science/Technology,"In this essay I will be discussing the differences between the two types of SSDs and how they are different in terms of performance. 
 
 **TL;DR:** 
 
 SSDs are faster than HDDs and are more reliable than HDDs 
 
 HDDs are more expensive than SSDs and are more reliable than SSDs 
 
 SSDs are more expensive than HDDs and are more reliable than SSDs 
 
 SSDs are more expensive than HDDs and are more reliable than HDDs 
 
 SSDs are more expensive than HDDs and are more reliable than HDDs 
 
 SSDs are more expensive than HDDs and are more reliable than HDDs 
 
 SSDs are more expensive than HDDs and are more reliable than HDDs 
 
 SSDs are more expensive than HDDs and are more reliable than HDDs 
 
 SSDs are more expensive than HDDs and are more reliable than HDDs 
 
 SSDs are more expensive than HDDs and are more reliable than HDDs 
 
 SSDs are more expensive than HDDs and are more reliable than HDDs 
 
 SSDs are more expensive than HDDs and are more reliable than HDDs"
PPLM-Discrim_0_Sports,PPLM-Discrim_0,Fitness Once upon a time,Sports,Once upon a time I was a very active person. I was a competitive swimmer and I played soccer and ran track and field for a few years. I was also a very active person in my early 20's and I was very active in my 30's. I was a very active person in my 40's and I was very active in my 50's. I was very active in my 60's and I was very active in my 70's. I was very active in my 80's and I was very active in my 90's. I was very active in my 100's and I was very active in my 200's. I was very active in my 300's and I was very active in my 400's. I was very active in my 400's and I was very active in my 500's. I was very active in my 600's and I was very active in my 700's. I was very active in my 800's and I was very active in my 900's. I was very active in my 1000's and I was very active in my 1200's. I was very active in my 1300's and I was very active in my 1400's. I was very active in my 1500's and I was very active in my 1600's. I was very active in my 1700's and I was very active in my 1800's. I was very active in my 1900@@
PPLM-Discrim_0_Business,PPLM-Discrim_0,Legal Once upon a time,Business,Once upon a time I was a very good student. I was a straight A student in high school. I was a very good student. I was a very good student. I was a very good student. I was a very good student. I was a very good student. I was a very good student. I was a very good student. I was a very good student. I was a very good student. I was a very good student. I was a very good student. I was a very good student. I was a very good student. I was a very good student. I was a very good student. I was a very good student. I was a very good student. I was a very good student. I was a very good student. I was a very good student. I was a very good student. I was a very good student. I was a very good student. I was a very good student. I was a very good student. I was a very good student. I was a very good student. I was a very good student. I was a very good student. I was a very good student. I was a very good student. I was a very good student. I was a very good student. I was a very good student. I was a very good student. I was a very good student. I was a very good student. I was a very good student. I was a very good student. I was a very good student. I
PPLM-Discrim_0_Science/Technology,PPLM-Discrim_0,Technology Once upon a time,Science/Technology,Once upon a time I was a software engineer for a major company. I was a very good programmer and I was very good at my job. I was also very good at my job. I was also very good at my job. I was also very good at my job. I was also very good at my job. I was also very good at my job. I was also very good at my job. I was also very good at my job. I was also very good at my job. I was also very good at my job. I was also very good at my job. I was also very good at my job. I was also very good at my job. I was also very good at my job. I was also very good at my job. I was also very good at my job. I was also very good at my job. I was also very good at my job. I was also very good at my job. I was also very good at my job. I was also very good at my job. I was also very good at my job. I was also very good at my job. I was also very good at my job. I was also very good at my job. I was also very good at my job. I was also very good at my job. I was also very good at my job. I was also very good at my job. I was also very good at my job. I
PPLM-Discrim_1_Sports,PPLM-Discrim_1,Fitness The book,Sports,The book is a great read and I highly recommend it.
PPLM-Discrim_1_Business,PPLM-Discrim_1,Finance The book,Business,"The book is a little over a year old and I have no idea what to do with it. I have a few friends who have used it and they have had good luck with it, but I don't know if I should keep it or sell it. 
 
 I have a few questions about the book and the way it works. 
 
 1. What is the best way to get a loan from a bank? 
 2. What is the best way to get a loan from a credit union? 
 3. What is the best way to get a loan from a private lender? 
 4. What is the best way to get a loan from a credit union? 
 5. What is the best way to get a loan from a private lender? 
 
 Thanks for any help you can give me. 
 Score: 6 
 
 Title: I have a lot of student loan debt and I need help with my finances 
 Text: I have a lot of student loan debt and I need help with my finances and how to pay it off. I have a lot of student loan debt and I need help with my finances and how to pay it off. 
 
 I have a lot of student loan debt and I need help with my finances and how to pay it off. 
 
 I have a lot of student loan debt and I need help with"
PPLM-Discrim_1_Science/Technology,PPLM-Discrim_1,Science The book,Science/Technology,"The book is called The Science of the Future and it is a collection of essays by some of the world's leading futurists and futurists. 
 Score: 6 
 
 Title: The first ever image of a black hole 
 Score: 6 
 
 Title: The first ever image of a black hole 
 Score: 6 
 
 Title: The first ever image of a black hole 
 Score: 6 
 
 Title: The first ever image of a black hole 
 Score: 6 
 
 Title: The first ever image of a black hole 
 Score: 6 
 
 Title: The first ever image of a black hole 
 Score: 6 
 
 Title: The first ever image of a black hole 
 Score: 6 
 
 Title: The first ever image of a black hole 
 Score: 6 
 
 Title: The first ever image of a black hole 
 Score: 6 
 
 Title: The first ever image of a black hole 
 Score: 6 
 
 Title: The first ever image of a black hole 
 Score: 6 
 
 Title: The first ever image of a black hole 
 Score: 6 
 
 Title: The first ever image of a black hole 
 Score: 6 
 
 Title: The first ever image of a black hole 
 Score: 6 
 
 Title: The first ever image of a black hole 
 Score: 6"
PPLM-Discrim_2_Sports,PPLM-Discrim_2,Fitness The chicken,Sports,"The chicken is a little bit of a pain to get out of the pan, but I think that's just because I have a small pan. 
 
 I also made the chicken with a little bit of olive oil and a little bit of garlic and it was delicious. 
 
 I also made the chicken with a little bit of olive oil and a little bit of garlic and it was delicious. 
 
 I also made the chicken with a little bit of olive oil and a little bit of garlic and it was delicious. 
 
 I also made the chicken with a little bit of olive oil and a little bit of garlic and it was delicious. 
 
 I also made the chicken with a little bit of olive oil and a little bit of garlic and it was delicious. 
 
 I also made the chicken with a little bit of olive oil and a little bit of garlic and it was delicious. 
 
 I also made the chicken with a little bit of olive oil and a little bit of garlic and it was delicious. 
 
 I also made the chicken with a little bit of olive oil and a little bit of garlic and it was delicious. 
 
 I also made the chicken with a little bit of olive oil and a little bit of garlic and it was delicious. 
 
 I also made the chicken with a little bit of olive oil and a"
PPLM-Discrim_2_Business,PPLM-Discrim_2,Legal The chicken,Business,"The chicken is still in the freezer and I have no idea what to do. 
 
 I have a friend who is a lawyer and he said that I can sue the company for the cost of the chicken and the cost of the freezer and the cost of the freezer and the cost of the chicken and the cost of the freezer and the cost of the freezer and the cost of the freezer and the cost of the freezer and the cost of the freezer and the cost of the freezer and the cost of the freezer and the cost of the freezer and the cost of the freezer and the cost of the freezer and the cost of the freezer and the cost of the freezer and the cost of the freezer and the cost of the freezer and the cost of the freezer and the cost of the freezer and the cost of the freezer and the cost of the freezer and the cost of the freezer and the cost of the freezer and the cost of the freezer and the cost of the freezer and the cost of the freezer and the cost of the freezer and the cost of the freezer and the cost of the freezer and the cost of the freezer and the cost of the freezer and"
PPLM-Discrim_2_Science/Technology,PPLM-Discrim_2,Science The chicken,Science/Technology,The chicken is a great example of how the chicken is a great example of how the chicken is a great example of how the chicken is a great example of how the chicken is a great example of how the chicken is a great example of how the chicken is a great example of how the chicken is a great example of how the chicken is a great example of how the chicken is a great example of how the chicken is a great example of how the chicken is a great example of how the chicken is a great example of how the chicken is a great example of how the chicken is a great example of how the chicken is a great example of how the chicken is a great example of how the chicken is a great example of how the chicken is a great example of how the chicken is a great example of how the chicken is a great example of how the chicken is a great example of how the chicken is a great example of how the chicken is a great example of how the chicken is a great example of how the chicken is a great example of how the chicken is a great example of how the chicken is a great example of how the chicken is a great example of how the chicken is a great example of how the chicken is a great example of how the chicken is a great example of how the chicken
PPLM-Discrim_3_Sports,PPLM-Discrim_3,Fitness The city,Sports,The city I live in has a lot of bike lanes and I have been biking to work for the past few years and I have been getting a lot of compliments on my bike and how it looks cool. I have been using a bike lock to lock my bike to a pole in the bike lane and I have been using a cable lock to lock my bike to a post in the bike lane. I have been using a cable lock to lock my bike to a post in the bike lane and I have been using a cable lock to lock my bike to a pole in the bike lane. I have been using a cable lock to lock my bike to a pole in the bike lane and I have been using a cable lock to lock my bike to a post in the bike lane. I have been using a cable lock to lock my bike to a pole in the bike lane and I have been using a cable lock to lock my bike to a pole in the bike lane. I have been using a cable lock to lock my bike to a pole in the bike lane and I have been using a cable lock to lock my bike to a pole in the bike lane. I have been using a cable lock to lock my bike to a pole in the bike lane and I have been using a cable lock to lock my bike to a pole
PPLM-Discrim_3_Business,PPLM-Discrim_3,Legal The city,Business,"The city is in the process of building a new police station and the old one is being torn down. The old one was a very nice building and was used for a long time. The new one is a very nice building and is being built in the same location as the old one. 
 
 The old one was built in the early 1900s and was used for a long time. The new one is being built in the same location as the old one. 
 
 The old one was a very nice building and was used for a long time. The new one is a very nice building and is being built in the same location as the old one. 
 
 The old one was built in the early 1900s and was used for a long time. The new one is being built in the same location as the old one. 
 
 The old one was built in the early 1900s and was used for a long time. The new one is being built in the same location as the old one. 
 
 The old one was built in the early 1900s and was used for a long time. The new one is being built in the same location as the old one. 
 
 The old one was built in the early 1900s and was used for a long time. The new one is being built in the same location as the old one. 
 
 The old one was"
PPLM-Discrim_3_Science/Technology,PPLM-Discrim_3,Computing The city,Science/Technology,"The city I live in is a bit of a clusterfuck and I don't have a lot of money to spend on a new computer. I was thinking of getting a used one from a friend or a friend of a friend but I don't know if I should go that route. 
 
 I have a friend who is a computer tech and he said that I should get a new one from him but I don't know if I should go that route. 
 
 I have a friend who is a computer tech and he said that I should get a new one from him but I don't know if I should go that route. 
 
 I have a friend who is a computer tech and he said that I should get a new one from him but I don't know if I should go that route. 
 
 I have a friend who is a computer tech and he said that I should get a new one from him but I don't know if I should go that route. 
 
 I have a friend who is a computer tech and he said that I should get a new one from him but I don't know if I should go that route. 
 
 I have a friend who is a computer tech and he said that I should get a new one from him but I don't know if I should go that route. 
 
 I have a friend"
PPLM-Discrim_4_Sports,PPLM-Discrim_4,Fitness The country,Sports,The country I live in has a lot of hills and I have a lot of trouble with my knees and ankles and I have a lot of trouble with my back and my back hurts a lot. I have been doing a lot of walking and I have been doing a lot of weight lifting and I have been doing a lot of cardio and I have been doing a lot of weight lifting and I have been doing a lot of cardio and I have been doing a lot of weight lifting and I have been doing a lot of cardio and I have been doing a lot of weight lifting and I have been doing a lot of weight lifting and I have been doing a lot of cardio and I have been doing a lot of weight lifting and I have been doing a lot of weight lifting and I have been doing a lot of weight lifting and I have been doing a lot of weight lifting and I have been doing a lot of weight lifting and I have been doing a lot of weight lifting and I have been doing a lot of weight lifting and I have been doing a lot of weight lifting and I have been doing a lot of weight lifting and I have been doing a lot of weight lifting and I have been doing a lot of weight lifting and I have been doing a lot of weight lifting and I
PPLM-Discrim_4_Business,PPLM-Discrim_4,Finance The country,Business,The country I live in is a bit of a mess right now and I don't know what to do. I have a job but I don't know what to do with my money. I have a car but I don't know what to do with it. I have a house but I don't know what to do with it. I have a car but I don't know what to do with it. I have a house but I don't know what to do with it. I have a car but I don't know what to do with it. I have a house but I don't know what to do with it. I have a car but I don't know what to do with it. I have a house but I don't know what to do with it. I have a car but I don't know what to do with it. I have a house but I don't know what to do with it. I have a car but I don't know what to do with it. I have a house but I don't know what to do with it. I have a car but I don't know what to do with it. I have a house but I don't know what to do with it. I have a car but I don't know what to do with it. I have a house but I don't know what to do with it. I have a car but I don't know what to do with it. I have a
PPLM-Discrim_4_Science/Technology,PPLM-Discrim_4,Technology The country,Science/Technology,"The country is in the middle of a civil war and the government is in a state of chaos. 
 
 I was in the middle of a meeting when I got a call from my boss saying that the government had just declared a state of emergency and that I should be at my desk in 15 minutes. 
 
 I was in the middle of a meeting when I got a call from my boss saying that the government had just declared a state of emergency and that I should be at my desk in 15 minutes. 
 
 I was in the middle of a meeting when I got a call from my boss saying that the government had just declared a state of emergency and that I should be at my desk in 15 minutes. 
 
 I was in the middle of a meeting when I got a call from my boss saying that the government had just declared a state of emergency and that I should be at my desk in 15 minutes. 
 
 I was in the middle of a meeting when I got a call from my boss saying that the government had just declared a state of emergency and that I should be at my desk in 15 minutes. 
 
 I was in the middle of a meeting when I got a call from my boss saying that the government had just declared a state of emergency and that I should be at my desk in 15"
PPLM-Discrim_5_Sports,PPLM-Discrim_5,Fitness The horse,Sports,"The horse is a bit of a pain in the ass to get on and off but I think it's worth it. 
 
 I have a few questions for you guys and gals who have been doing this for a while. 
 
 1. What are your favorite foods to eat on the road? 
 2. What are your favorite foods to eat at home? 
 3. What are your favorite foods to eat at work? 
 4. What are your favorite foods to eat at home? 
 5. What are your favorite foods to eat at work? 
 
 Thanks for any help you can give me. 
 Score: 6 
 
 Title: I have a question about the bench press 
 Text: I have been lifting for about a year now and I have been doing the bench press for about a month now. I have been doing it with a barbell and I have been doing it with a dumbbell for a while now. I have been doing it with a barbell for about a month now and I have been doing it with a dumbbell for a while now. I have been doing it with a barbell for about a month now and I have been doing it with a dumbbell for a while now. I have been doing it with a barbell for about a month now and I have been doing it with a dumbbell for a while now. I"
PPLM-Discrim_5_Business,PPLM-Discrim_5,Finance The horse,Business,"The horse is out of the barn and the barn is in the driveway. 
 
 I have a friend who is a lawyer and he is helping me with the probate process. I have a friend who is a lawyer and he is helping me with the probate process. 
 
 I have a friend who is a lawyer and he is helping me with the probate process. 
 
 I have a friend who is a lawyer and he is helping me with the probate process. 
 
 I have a friend who is a lawyer and he is helping me with the probate process. 
 
 I have a friend who is a lawyer and he is helping me with the probate process. 
 
 I have a friend who is a lawyer and he is helping me with the probate process. 
 
 I have a friend who is a lawyer and he is helping me with the probate process. 
 
 I have a friend who is a lawyer and he is helping me with the probate process. 
 
 I have a friend who is a lawyer and he is helping me with the probate process. 
 
 I have a friend who is a lawyer and he is helping me with the probate process. 
 
 I have a friend who is a lawyer and he is helping me with the probate process. 
 
 I have a friend who is a lawyer and he is helping me with the"
PPLM-Discrim_5_Science/Technology,PPLM-Discrim_5,Technology The horse,Science/Technology,"The horse is dead, long live the horse... 
 Score: 7 
 
 Title: The most annoying thing about being a tech support rep 
 Text: I work for a company that provides tech support for a large number of small businesses. We have a lot of small businesses that we support and we have a lot of people that we have to deal with. 
 
 One of the most annoying things about being a tech support rep is that you have to deal with people that are just plain rude. 
 
 I have a customer that I have to deal with every day. She is a very nice lady and she is very knowledgeable about her computer. She is very patient and she is very knowledgeable about her computer. She is also very nice and very patient with me. 
 
 She is very knowledgeable about her computer and she is very patient with me. 
 
 She is very patient with me. 
 
 She is very patient with me. 
 
 She is very patient with me. 
 
 She is very patient with me. 
 
 She is very patient with me. 
 
 She is very patient with me. 
 
 She is very patient with me. 
 
 She is very patient with me. 
 
 She is very patient with me. 
 
 She is very patient with me. 
 
 She is very patient with me. 
 
 She is very patient with"
PPLM-Discrim_6_Sports,PPLM-Discrim_6,Fitness The lake,Sports,"The lake is a bit of a joke to me because I don't know how to swim. I have a friend who is a swimmer and she has been to the lake a few times and she said it was a good place to swim but I don't know how to swim. 
 
 I have been trying to get in shape for a while now and I have been doing a lot of cardio and weight training but I have been having a hard time getting into the best shape I can be. I have been doing a lot of cardio and weight training but I have been having a hard time getting into the best shape I can be. 
 
 I have been doing a lot of cardio and weight training but I have been having a hard time getting into the best shape I can be. 
 
 I have been doing a lot of cardio and weight training but I have been having a hard time getting into the best shape I can be. 
 
 I have been doing a lot of cardio and weight training but I have been having a hard time getting into the best shape I can be. 
 
 I have been doing a lot of cardio and weight training but I have been having a hard time getting into the best shape I can be. 
 
 I have been doing a lot of cardio and weight training but"
PPLM-Discrim_6_Business,PPLM-Discrim_6,Legal The lake,Business,The lake is a mile away from my house and I have a small boat that I use to go to the lake and back every day. I have a small trailer that I use to go to the lake and back every day. I have a small boat that I use to go to the lake and back every day. I have a small trailer that I use to go to the lake and back every day. I have a small trailer that I use to go to the lake and back every day. I have a small boat that I use to go to the lake and back every day. I have a small trailer that I use to go to the lake and back every day. I have a small boat that I use to go to the lake and back every day. I have a small trailer that I use to go to the lake and back every day. I have a small boat that I use to go to the lake and back every day. I have a small trailer that I use to go to the lake and back every day. I have a small boat that I use to go to the lake and back every day. I have a small trailer that I use to go to the lake and back every day. I have a small boat that I use to go to the lake and back every day. I have a small trailer that I use to go
PPLM-Discrim_6_Science/Technology,PPLM-Discrim_6,Computing The lake,Science/Technology,"The lake is a bit of a joke but I have a lot of friends who live there and they are all very nice people. 
 
 I have a friend who is a computer programmer and he is going to help me with the build. 
 
 I have a friend who is a computer programmer and he is going to help me with the build. 
 
 I have a friend who is a computer programmer and he is going to help me with the build. 
 
 I have a friend who is a computer programmer and he is going to help me with the build. 
 
 I have a friend who is a computer programmer and he is going to help me with the build. 
 
 I have a friend who is a computer programmer and he is going to help me with the build. 
 
 I have a friend who is a computer programmer and he is going to help me with the build. 
 
 I have a friend who is a computer programmer and he is going to help me with the build. 
 
 I have a friend who is a computer programmer and he is going to help me with the build. 
 
 I have a friend who is a computer programmer and he is going to help me with the build. 
 
 I have a friend who is a computer programmer and he is going to help me with the build."
PPLM-Discrim_7_Sports,PPLM-Discrim_7,Fitness The last time,Sports,"The last time I did this was in the summer of '08 when I was in my first year of college. I was doing a lot of cardio and lifting weights at the time and I was doing it pretty much every day. I was doing it pretty much every day for about a month and a half and I was pretty much doing it every day for about a month and a half. I was doing it every day for about a month and a half. 
 
 I was doing it pretty much every day for about a month and a half. 
 
 I was doing it pretty much every day for about a month and a half. 
 
 I was doing it pretty much every day for about a month and a half. 
 
 I was doing it pretty much every day for about a month and a half. 
 
 I was doing it pretty much every day for about a month and a half. 
 
 I was doing it pretty much every day for about a month and a half. 
 
 I was doing it pretty much every day for about a month and a half. 
 
 I was doing it pretty much every day for about a month and a half. 
 
 I was doing it pretty much every day for about a month and a half. 
 
 I was doing it pretty much every day for about a month and a half."
PPLM-Discrim_7_Business,PPLM-Discrim_7,Legal The last time,Business,The last time I was in the hospital I was told that I was going to be charged with a felony for not having insurance. I was told that I was going to be charged with a felony for not having insurance. I was told that I was going to be charged with a felony for not having insurance. I was told that I was going to be charged with a felony for not having insurance. I was told that I was going to be charged with a felony for not having insurance. I was told that I was going to be charged with a felony for not having insurance. I was told that I was going to be charged with a felony for not having insurance. I was told that I was going to be charged with a felony for not having insurance. I was told that I was going to be charged with a felony for not having insurance. I was told that I was going to be charged with a felony for not having insurance. I was told that I was going to be charged with a felony for not having insurance. I was told that I was going to be charged with a felony for not having insurance. I was told that I was going to be charged with a felony for not having insurance. I was told that I was going to be charged with a felony for not having insurance. I was told that I was going to be charged with a felony
PPLM-Discrim_7_Science/Technology,PPLM-Discrim_7,Science The last time,Science/Technology,"The last time I saw a picture of a human being in space was in the Apollo 11 mission in 1972. 
 Score: 6 
 
 Title: The first ever image of a black hole 
 Score: 6 
 
 Title: The first ever image of a black hole 
 Score: 6 
 
 Title: The first ever image of a black hole 
 Score: 6 
 
 Title: The first ever image of a black hole 
 Score: 6 
 
 Title: The first ever image of a black hole 
 Score: 6 
 
 Title: The first ever image of a black hole 
 Score: 6 
 
 Title: The first ever image of a black hole 
 Score: 6 
 
 Title: The first ever image of a black hole 
 Score: 6 
 
 Title: The first ever image of a black hole 
 Score: 6 
 
 Title: The first ever image of a black hole 
 Score: 6 
 
 Title: The first ever image of a black hole 
 Score: 6 
 
 Title: The first ever image of a black hole 
 Score: 6 
 
 Title: The first ever image of a black hole 
 Score: 6 
 
 Title: The first ever image of a black hole 
 Score: 6 
 
 Title: The first ever image of a black hole 
 Score: 6 
 
 Title: The first ever image of a"
PPLM-Discrim_8_Sports,PPLM-Discrim_8,Fitness The movie,Sports,"The movie was a bit of a let down for me but I was still able to get a good workout in. 
 
 I was able to do a lot of the moves from the movie and I was able to do a lot of the moves from the first movie as well. 
 
 I was able to do a lot of the moves from the first movie and I was able to do a lot of the moves from the second movie as well. 
 
 I was able to do a lot of the moves from the first movie and I was able to do a lot of the moves from the second movie as well. 
 
 I was able to do a lot of the moves from the first movie and I was able to do a lot of the moves from the second movie as well. 
 
 I was able to do a lot of the moves from the first movie and I was able to do a lot of the moves from the second movie as well. 
 
 I was able to do a lot of the moves from the first movie and I was able to do a lot of the moves from the second movie as well. 
 
 I was able to do a lot of the moves from the first movie and I was able to do a lot of the moves from the second movie as well. 
 
 I was able to"
PPLM-Discrim_8_Business,PPLM-Discrim_8,Finance The movie,Business,"The movie is a bit of a stretch, but I think it is a good example of how the government can be a good thing for the economy. 
 
 I am not sure if this is the right subreddit to post this in, but I thought it would be a good place to ask for some advice. 
 
 I am a college student who is currently working on a masters in public policy. I am currently working on a project that is focused on the role of the government in the economy. I am currently working on a paper that is focused on the role of the government in the economy. I am currently working on a project that is focused on the role of the government in the economy. 
 
 I am currently working on a project that is focused on the role of the government in the economy. I am currently working on a paper that is focused on the role of the government in the economy. 
 
 I am currently working on a project that is focused on the role of the government in the economy. I am currently working on a paper that is focused on the role of the government in the economy. 
 
 I am currently working on a project that is focused on the role of the government in the economy. I am currently working on a paper that is focused on the role of the government in the economy. 
 
 I am"
PPLM-Discrim_8_Science/Technology,PPLM-Discrim_8,Computing The movie,Science/Technology,"The movie is a bit of a stretch, but I think it is a good representation of the kind of experience I had with the system. 
 
 [Here is the link to the movie](http://www.imdb.com/title/tt0104084/) 
 
 [Here is the link to the review](http://www.amazon.com/review/R2VQQQQQQQQQQQQQQQQQQQQQQQQQQQQQQQQQQQQQQQQQQQQQQQQQQQQQQQQQQQQQQQQQQQQQQQQQQQQQQQQQQQQQQQQQQQQQQQQQQQQQQQQQQQQQQQQQQQQQQQQQQQQQQQQQQQQQQQQQQQQQQQQQQQQQQQQQQQQQQQQQQQQQQQQQQQQQQQQQQQQQQQQQQQQQQQ@@"
PPLM-Discrim_9_Sports,PPLM-Discrim_9,Fitness The painting,Sports,"The painting is a bit of a joke but I think it is a good representation of the kind of person I am. 
 
 I have been doing this for about a year now and I have lost about 30 pounds. I have been doing it with a lot of help from my friends and family. I have been doing it with a lot of help from my wife and my best friend who is a personal trainer and has been helping me with my diet. 
 
 I have been doing it with a lot of help from my wife and my best friend who is a personal trainer and has been helping me with my diet. 
 
 I have been doing it with a lot of help from my wife and my best friend who is a personal trainer and has been helping me with my diet. 
 
 I have been doing it with a lot of help from my wife and my best friend who is a personal trainer and has been helping me with my diet. 
 
 I have been doing it with a lot of help from my wife and my best friend who is a personal trainer and has been helping me with my diet. 
 
 I have been doing it with a lot of help from my wife and my best friend who is a personal trainer and has been helping me with my diet. 
 
 I have been doing it with a lot of"
PPLM-Discrim_9_Business,PPLM-Discrim_9,Legal The painting,Business,"The painting is worth about $2000 and I have no idea how to go about getting it back. 
 
 I have a friend who is a lawyer and he said that I could go to the court and get a judgment against the painting and then sue the person who painted it for the money. 
 
 I don't know what to do and I don't know what to do if I do go to court. 
 
 I have no idea what to do and I don't know what to do if I do go to court."
PPLM-Discrim_9_Science/Technology,PPLM-Discrim_9,Computing The painting,Science/Technology,"The painting is a little blurry but I think I can get it to look better with some more work. 
 
 [Here's the picture](http://imgur.com/a/vvv6#0) 
 
 [Here's the finished product](http://imgur.com/a/vvv6#0) 
 
 [Here's the finished product](http://imgur.com/a/vvv6#0) 
 
 [Here's the finished product](http://imgur.com/a/vvv6#0) 
 
 [Here's the finished product](http://imgur.com/a/vvv6#0) 
 
 [Here's the finished product](http://imgur.com/a/vvv6#0) 
 
 [Here's the finished product](http://imgur.com/a/vvv6#0) 
 
 [Here's the finished product](http://imgur.com/a/vvv6#0) 
 
 [Here's the finished product](http://imgur.com/a/vvv6#0) 
 
 [Here's the finished product](http://imgur.com/a/vvv6#0) 
 
 [Here's the finished product](http://imgur.com/a/vvv6#0) 
 
 [Here's the finished product](http://imgur.com/a/vvv6#0) 
 
 [Here's the finished product](http://im@@"
PPLM-Discrim_10_Sports,PPLM-Discrim_10,Fitness The pizza,Sports,"The pizza place is a little bit of a joke to me because I don't eat there very often. I usually go to a place that has a lot of food and a lot of people and I can eat a lot of food and not feel like I'm going to die. 
 
 I don't know if I should go to the gym or not. I don't really have a lot of time to go to the gym and I don't really have a lot of time to go to the gym. I don't really have a lot of time to go to the gym and I don't really have a lot of time to go to the gym. 
 
 I don't know if I should go to the gym or not. I don't really have a lot of time to go to the gym and I don't really have a lot of time to go to the gym. I don't really have a lot of time to go to the gym and I don't really have a lot of time to go to the gym. 
 
 I don't know if I should go to the gym or not. I don't really have a lot of time to go to the gym and I don't really have a lot of time to go to the gym. I don't really have a lot of time to go to the gym and I don't really have a lot of time to go to the gym. I don't"
PPLM-Discrim_10_Business,PPLM-Discrim_10,Legal The pizza,Business,"The pizza place is a small one and I don't know how to go about getting a new one or getting my money back. 
 
 Edit: I live in the US 
 Score: 6 
 
 Title: [TX] My boss is threatening to fire me for not showing up to work on time. 
 Text: I work at a small business in Texas. I work in the front office and am the only employee that works on the weekends. I have been working here for about a year and a half. 
 
 I have been working here for about a year and a half and I have been doing a great job. I have been getting a lot of compliments from my coworkers and I have been making a lot of money. 
 
 However, I have been getting a lot of complaints from my boss about me not showing up to work on time. I have been working here for about a year and a half and I have been doing a great job. I have been getting a lot of compliments from my coworkers and I have been making a lot of money. 
 
 However, I have been getting a lot of complaints from my boss about me not showing up to work on time. I have been working here for about a year and a half and I have been doing a great job. I have been getting a lot of compliments from my coworkers and I"
PPLM-Discrim_10_Science/Technology,PPLM-Discrim_10,Technology The pizza,Science/Technology,"The pizza place is a little bit of a mess right now. 
 
 &gt;Me: I can fix that. 
 
 &gt;Customer: I don't want to pay for a pizza. 
 
 &gt;Me: I can fix that. 
 
 &gt;Customer: I don't want to pay for a pizza. 
 
 &gt;Me: I can fix that. 
 
 &gt;Customer: I don't want to pay for a pizza. 
 
 &gt;Me: I can fix that. 
 
 &gt;Customer: I don't want to pay for a pizza. 
 
 &gt;Me: I can fix that. 
 
 &gt;Customer: I don't want to pay for a pizza. 
 
 &gt;Me: I can fix that. 
 
 &gt;Customer: I don't want to pay for a pizza. 
 
 &gt;Me: I can fix that. 
 
 &gt;Customer: I don't want to pay for a pizza. 
 
 &gt;Me: I can fix that. 
 
 &gt;Customer: I don't want to pay for a pizza. 
 
 &gt;Me: I can fix that. 
 
 &gt;Customer: I don't want"
PPLM-Discrim_11_Sports,PPLM-Discrim_11,Fitness The potato,Sports,"The potato is a great source of protein and carbs and is a great source of fiber and vitamins. 
 
 I have been eating a lot of potatoes lately and I have been feeling a lot better. I have been eating a lot of vegetables and I feel a lot better. I have been eating a lot of fish and I feel a lot better. I have been eating a lot of eggs and I feel a lot better. I have been eating a lot of chicken and I feel a lot better. I have been eating a lot of fish and I feel a lot better. I have been eating a lot of eggs and I feel a lot better. I have been eating a lot of chicken and I feel a lot better. I have been eating a lot of eggs and I feel a lot better. I have been eating a lot of fish and I feel a lot better. I have been eating a lot of fish and I feel a lot better. I have been eating a lot of eggs and I feel a lot better. I have been eating a lot of fish and I feel a lot better. I have been eating a lot of eggs and I feel a lot better. I have been eating a lot of fish and I feel a lot better. I have been eating a lot of eggs and I feel a lot better. I have been eating a lot of eggs"
PPLM-Discrim_11_Business,PPLM-Discrim_11,Legal The potato,Business,The potato was not in the freezer when I got home from work and I was not home when the police arrived. I was not home when the police arrived. I was not home when the police left. I was not home when the police left. I was not home when the police left. I was not home when the police left. I was not home when the police left. I was not home when the police left. I was not home when the police left. I was not home when the police left. I was not home when the police left. I was not home when the police left. I was not home when the police left. I was not home when the police left. I was not home when the police left. I was not home when the police left. I was not home when the police left. I was not home when the police left. I was not home when the police left. I was not home when the police left. I was not home when the police left. I was not home when the police left. I was not home when the police left. I was not home when the police left. I was not home when the police left. I was not home when the police left. I was not home when the police left. I was not home when the police left. I was not home when the police left. I was not home when the police left. I was not
PPLM-Discrim_11_Science/Technology,PPLM-Discrim_11,Computing The potato,Science/Technology,"The potato is a little too big for the case, but I think I can make it work."
PPLM-Discrim_12_Sports,PPLM-Discrim_12,Fitness The president of the country,Sports,The president of the country is a man who has been in power for over a decade. He is a man who has been in power for over a decade. He is a man who has been in power for over a decade. He is a man who has been in power for over a decade. He is a man who has been in power for over a decade. He is a man who has been in power for over a decade. He is a man who has been in power for over a decade. He is a man who has been in power for over a decade. He is a man who has been in power for over a decade. He is a man who has been in power for over a decade. He is a man who has been in power for over a decade. He is a man who has been in power for over a decade. He is a man who has been in power for over a decade. He is a man who has been in power for over a decade. He is a man who has been in power for over a decade. He is a man who has been in power for over a decade. He is a man who has been in power for over a decade. He is a man who has been in power for over a decade. He is a man who has been in power for over a decade. He is a man who has been in power for
PPLM-Discrim_12_Business,PPLM-Discrim_12,Finance The president of the country,Business,"The president of the country is a very powerful man and he has a lot of power over the country. He is the head of the country and he has the power to do whatever he wants to the country. 
 
 I am not sure what to do with my money. I have a lot of money saved up and I want to invest it in something that will make me a lot of money. I am not sure what to do with my money and I am not sure what to do with my life. I am not sure what to do with my life. 
 
 I am not sure what to do with my money. I have a lot of money saved up and I want to invest it in something that will make me a lot of money. I am not sure what to do with my money and I am not sure what to do with my life. 
 
 I am not sure what to do with my money. I have a lot of money saved up and I want to invest it in something that will make me a lot of money. I am not sure what to do with my money and I am not sure what to do with my life. 
 
 I am not sure what to do with my money. I have a lot of money saved up and I want to invest it in something that will make me a lot of money. I am not sure"
PPLM-Discrim_12_Science/Technology,PPLM-Discrim_12,Computing The president of the country,Science/Technology,"The president of the country is a very nice guy and I have a lot of respect for him. 
 
 I have a lot of respect for the president of the United States and I think he is a very good man. 
 
 I have a lot of respect for the president of the United States and I think he is a very good man. 
 
 I have a lot of respect for the president of the United States and I think he is a very good man. 
 
 I have a lot of respect for the president of the United States and I think he is a very good man. 
 
 I have a lot of respect for the president of the United States and I think he is a very good man. 
 
 I have a lot of respect for the president of the United States and I think he is a very good man. 
 
 I have a lot of respect for the president of the United States and I think he is a very good man. 
 
 I have a lot of respect for the president of the United States and I think he is a very good man. 
 
 I have a lot of respect for the president of the United States and I think he is a very good man. 
 
 I have a lot of respect for the president of the United States and I think he is a very good man."
PPLM-Discrim_13_Sports,PPLM-Discrim_13,Fitness The road,Sports,"The road to hell is paved with good intentions. 
 Score: 6 
 
 Title: I have a question about the ""fat burning zone"" 
 Text: I have been doing a lot of research on the topic of fat burning zones and I have found that there is a lot of misinformation out there. I have been doing a lot of research on the topic and I have found that there are two types of zones that are commonly used in the fitness world. The first type is the ""fat burning zone"" and the second type is the ""fat burning zone"" and I have found that the two types of zones are not the same. 
 
 The first type of zone is the ""fat burning zone"" and it is the area of the body that burns the most calories. The second type of zone is the ""fat burning zone"" and it is the area of the body that burns the most fat. 
 
 I have found that the ""fat burning zone"" is the area of the body that burns the most calories and the ""fat burning zone"" is the area of the body that burns the most fat. 
 
 I have found that the ""fat burning zone"" is the area of the body that burns the most calories and the ""fat burning zone"" is the area of the body that burns the most fat. 
 
 I have found that the ""@@"
PPLM-Discrim_13_Business,PPLM-Discrim_13,Finance The road,Business,"The road to retirement is paved with good intentions. 
 
 I have a few questions for you guys. 
 
 1. What is the best way to get a credit card with a low APR? 
 2. What is the best way to get a credit card with a high APR? 
 3. What is the best way to get a credit card with a low APR? 
 4. What is the best way to get a credit card with a high APR? 
 5. What is the best way to get a credit card with a low APR? 
 
 Thanks in advance for any help you can give me. 
 Score: 6 
 
 Title: I have a job offer that I can't refuse. What should I do? 
 Text: I have a job offer that I can't refuse. I have been offered a job that pays a lot more than what I make now. I have been offered a job that pays a lot more than what I make now. I have been offered a job that pays a lot more than what I make now. I have been offered a job that pays a lot more than what I make now. I have been offered a job that pays a lot more than what I make now. I have been offered a job that pays a lot more than what I make now. I have been offered a job that"
PPLM-Discrim_13_Science/Technology,PPLM-Discrim_13,Science The road,Science/Technology,"The road to the moon 
 Score: 6 
 
 Title: The first ever image of a black hole 
 Score: 6 
 
 Title: The first ever image of a black hole 
 Score: 6 
 
 Title: The first ever image of a black hole 
 Score: 6 
 
 Title: The first ever image of a black hole 
 Score: 6 
 
 Title: The first ever image of a black hole 
 Score: 6 
 
 Title: The first ever image of a black hole 
 Score: 6 
 
 Title: The first ever image of a black hole 
 Score: 6 
 
 Title: The first ever image of a black hole 
 Score: 6 
 
 Title: The first ever image of a black hole 
 Score: 6 
 
 Title: The first ever image of a black hole 
 Score: 6 
 
 Title: The first ever image of a black hole 
 Score: 6 
 
 Title: The first ever image of a black hole 
 Score: 6 
 
 Title: The first ever image of a black hole 
 Score: 6 
 
 Title: The first ever image of a black hole 
 Score: 6 
 
 Title: The first ever image of a black hole 
 Score: 6 
 
 Title: The first ever image of a black hole 
 Score: 6 
 
 Title: The first ever image of a"
PPLM-Discrim_14_Sports,PPLM-Discrim_14,Fitness The year is 1910.,Sports,The year is 1910. The world is in the midst of a great depression. The United States is in the midst of a great depression. The country is in the midst of a great depression. The country is in the midst of a great depression. The country is in the midst of a great depression. The country is in the midst of a great depression. The country is in the midst of a great depression. The country is in the midst of a great depression. The country is in the midst of a great depression. The country is in the midst of a great depression. The country is in the midst of a great depression. The country is in the midst of a great depression. The country is in the midst of a great depression. The country is in the midst of a great depression. The country is in the midst of a great depression. The country is in the midst of a great depression. The country is in the midst of a great depression. The country is in the midst of a great depression. The country is in the midst of a great depression. The country is in the midst of a great depression. The country is in the midst of a great depression. The country is in the midst of a great depression. The country is in the midst of a great depression. The country is in the midst of a great depression. The country is in the midst of a great depression. The country is in the
PPLM-Discrim_14_Business,PPLM-Discrim_14,Finance The year is 1910.,Business,The year is 1910. The country is still in the throes of the Great War. The country is still in the throes of the Great War. The country is still in the throes of the Great War. The country is still in the throes of the Great War. The country is still in the throes of the Great War. The country is still in the throes of the Great War. The country is still in the throes of the Great War. The country is still in the throes of the Great War. The country is still in the throes of the Great War. The country is still in the throes of the Great War. The country is still in the throes of the Great War. The country is still in the throes of the Great War. The country is still in the throes of the Great War. The country is still in the throes of the Great War. The country is still in the throes of the Great War. The country is still in the throes of the Great War. The country is still in the throes of the Great War. The country is still in the throes of the Great War. The country is still in the throes of the Great War. The country is still in the throes of the Great War. The country is still in the throes of the Great War. The country is still in the throes of the Great War. The country is still in the throes of the Great War. The country is
PPLM-Discrim_14_Science/Technology,PPLM-Discrim_14,Science The year is 1910.,Science/Technology,The year is 1910. The world is in the midst of a great depression. The United States is in the midst of a great depression. The country is in the midst of a great depression. The country is in the midst of a great depression. The country is in the midst of a great depression. The country is in the midst of a great depression. The country is in the midst of a great depression. The country is in the midst of a great depression. The country is in the midst of a great depression. The country is in the midst of a great depression. The country is in the midst of a great depression. The country is in the midst of a great depression. The country is in the midst of a great depression. The country is in the midst of a great depression. The country is in the midst of a great depression. The country is in the midst of a great depression. The country is in the midst of a great depression. The country is in the midst of a great depression. The country is in the midst of a great depression. The country is in the midst of a great depression. The country is in the midst of a great depression. The country is in the midst of a great depression. The country is in the midst of a great depression. The country is in the midst of a great depression. The country is in the midst of a great depression. The country is in the
