id,original_id,prompt,control_attribute_value,text
PPLM-Bow_0_Sports,PPLM-Bow_0,Fitness In summary,Sports,"In summary I am a 5'10"" male who has been lifting for about a year and a half. I have been lifting for about a year and a half and have been doing a lot of cardio and weight training as well. I have been doing a lot of cardio and weight training and have been doing a lot of cardio and weight training for about a year and a half. I have been doing a lot of cardio and weight training for about a year and a half. I have been doing a lot of cardio and weight training for about a year and a half. I have been doing a lot of cardio and weight training for about a year and a half. I have been doing a lot of cardio and weight training for about a year and a half. I have been doing a lot of cardio and weight training for about a year and a half. I have been doing a lot of cardio and weight training for about a year and a half. I have been doing a lot of cardio and weight training for about a year and a half. I have been doing a lot of cardio and weight training for about a year and a half. I have been doing a lot of cardio and weight training for about a year and a half. I have been doing a lot of cardio and weight training"
PPLM-Bow_0_Business,PPLM-Bow_0,Legal In summary,Business,In summary I am a single mother of a 3 year old and I have been working for the past 3 years and have been able to save up enough money to pay for my own car and insurance. I have been working for the past 3 years and have been able to save up enough money to pay for my own car and insurance. I have been working for the past 3 years and have been able to save up enough money to pay for my own car and insurance. I have been working for the past 3 years and have been able to save up enough money to pay for my own car and insurance. I have been working for the past 3 years and have been able to save up enough money to pay for my own car and insurance. I have been working for the past 3 years and have been able to save up enough money to pay for my own car and insurance. I have been working for the past 3 years and have been able to save up enough money to pay for my own car and insurance. I have been working for the past 3 years and have been able to save up enough money to pay for my own car and insurance. I have been working for the past 3 years and have been able to save up enough money to pay for my own car and insurance. I have been working for the past 3 years and have
PPLM-Bow_0_Science/Technology,PPLM-Bow_0,Technology In summary,Science/Technology,"In summary I was told that the computer was not working and that I should call the tech support line and they would be able to fix it. 
 
 I called the tech support line and the guy on the phone was very nice and helpful. He told me that the computer was not working and that I should call the tech support line and they would be able to fix it. 
 
 I called the tech support line and the guy on the phone was very nice and helpful. He told me that the computer was not working and that I should call the tech support line and they would be able to fix it. 
 
 I called the tech support line and the guy on the phone was very nice and helpful. He told me that the computer was not working and that I should call the tech support line and they would be able to fix it. 
 
 I called the tech support line and the guy on the phone was very nice and helpful. He told me that the computer was not working and that I should call the tech support line and they would be able to fix it. 
 
 I called the tech support line and the guy on the phone was very nice and helpful. He told me that the computer was not working and that I should call the tech support line and they would be able to fix it. 
 
 I called the"
PPLM-Bow_1_Sports,PPLM-Bow_1,Fitness This essay discusses,Sports,"This essay discusses the benefits of a low carb diet and how it can help you lose weight and keep it off. 
 Score: 6 
 
 Title: I have a question about the ""fat burning zone"" 
 Text: I have been doing a lot of research on the topic of the ""fat burning zone"" and I have found that there is a lot of misinformation out there. I have been doing a lot of research on the topic and I have found that there are a lot of myths and misinformation out there. I have found that the ""fat burning zone"" is not a specific area of the body but rather a general term that can be applied to any area of the body that is burning fat. 
 
 I have been doing a lot of research on the topic and I have found that there are a lot of myths and misinformation out there. I have found that the ""fat burning zone"" is not a specific area of the body but rather a general term that can be applied to any area of the body that is burning fat. 
 
 I have been doing a lot of research on the topic and I have found that there are a lot of myths and misinformation out there. I have found that the ""fat burning zone"" is not a specific area of the body but rather a general term that can be applied to any"
PPLM-Bow_1_Business,PPLM-Bow_1,Legal This essay discusses,Business,"This essay discusses the legal issues surrounding the use of the term ""intellectual property"", and the legal issues surrounding the use of the term ""intellectual property""."
PPLM-Bow_1_Science/Technology,PPLM-Bow_1,Science This essay discusses,Science/Technology,"This essay discusses the role of the immune system in the development of cancer. 
 Score: 6 
 
 Title: The first ever image of a black hole 
 Score: 6 
 
 Title: The first ever image of a black hole 
 Score: 6 
 
 Title: The first ever image of a black hole 
 Score: 6 
 
 Title: The first ever image of a black hole 
 Score: 6 
 
 Title: The first ever image of a black hole 
 Score: 6 
 
 Title: The first ever image of a black hole 
 Score: 6 
 
 Title: The first ever image of a black hole 
 Score: 6 
 
 Title: The first ever image of a black hole 
 Score: 6 
 
 Title: The first ever image of a black hole 
 Score: 6 
 
 Title: The first ever image of a black hole 
 Score: 6 
 
 Title: The first ever image of a black hole 
 Score: 6 
 
 Title: The first ever image of a black hole 
 Score: 6 
 
 Title: The first ever image of a black hole 
 Score: 6 
 
 Title: The first ever image of a black hole 
 Score: 6 
 
 Title: The first ever image of a black hole 
 Score: 6 
 
 Title: The first ever image of a black hole 
 Score: 6"
PPLM-Bow_2_Sports,PPLM-Bow_2,Fitness Views on,Sports,"Views on the other hand, I have a lot of friends who are very religious and I don't want to offend them by telling them that I don't believe in God. I don't want to be a hypocrite and tell them that I don't believe in God because I don't want to offend them. 
 
 I don't know what to do. I don't want to be a hypocrite and tell them that I don't believe in God because I don't want to offend them. 
 
 I don't know what to do. 
 Score: 6 
 
 Title: I am a Christian and I am a very good person. AMA 
 Text: I am a Christian and I am a very good person. I am not a very good person in the sense that I am not a very good person. I am a very good person in the sense that I am a very good person and I am a very good person in the sense that I am a very good person. I am not a very good person in the sense that I am a very good person and I am a very good person in the sense that I am a very good person. I am not a very good person in the sense that I am a very good person and I am a very good person in the sense that I am a very good person. I am not a very good person in the sense that I am"
PPLM-Bow_2_Business,PPLM-Bow_2,Legal Views on,Business,"Views on the other hand is a bit more complicated. 
 
 I have a friend who is a lawyer and he is helping me with the legal aspects of the situation. He is also a friend of my parents and he is helping me with the legal aspects of the situation. 
 
 My parents are not in the best financial situation and they have been trying to sell their house for a while now. They have been trying to sell it for a while now and they have been trying to sell it for a while now. They have been trying to sell it for a while now and they have been trying to sell it for a while now. 
 
 My parents have been trying to sell their house for a while now and they have been trying to sell it for a while now. They have been trying to sell it for a while now and they have been trying to sell it for a while now. 
 
 My parents have been trying to sell their house for a while now and they have been trying to sell it for a while now. They have been trying to sell it for a while now and they have been trying to sell it for a while now. 
 
 My parents have been trying to sell their house for a while now and they have been trying to sell it for a while now. They have been trying to sell it for a"
PPLM-Bow_2_Science/Technology,PPLM-Bow_2,Science Views on,Science/Technology,"Views on the role of religion in the public square 
 Score: 6 
 
 Title: The first ever image of a black hole 
 Score: 6 
 
 Title: The first ever image of a black hole 
 Score: 6 
 
 Title: The first ever image of a black hole 
 Score: 6 
 
 Title: The first ever image of a black hole 
 Score: 6 
 
 Title: The first ever image of a black hole 
 Score: 6 
 
 Title: The first ever image of a black hole 
 Score: 6 
 
 Title: The first ever image of a black hole 
 Score: 6 
 
 Title: The first ever image of a black hole 
 Score: 6 
 
 Title: The first ever image of a black hole 
 Score: 6 
 
 Title: The first ever image of a black hole 
 Score: 6 
 
 Title: The first ever image of a black hole 
 Score: 6 
 
 Title: The first ever image of a black hole 
 Score: 6 
 
 Title: The first ever image of a black hole 
 Score: 6 
 
 Title: The first ever image of a black hole 
 Score: 6 
 
 Title: The first ever image of a black hole 
 Score: 6 
 
 Title: The first ever image of a black hole 
 Score: 6 
 
 Title: The"
PPLM-Bow_3_Sports,PPLM-Bow_3,Fitness The connection,Sports,"The connection between the two is that the more you do it, the more you get out of it. 
 
 I have been doing this for a few months now and I have lost about 20 pounds and I feel great. I have a lot of muscle and I feel great. I have a lot of energy and I feel great. I have a lot of energy and I feel great. I have a lot of energy and I feel great. I have a lot of energy and I feel great. I have a lot of energy and I feel great. I have a lot of energy and I feel great. I have a lot of energy and I feel great. I have a lot of energy and I feel great. I have a lot of energy and I feel great. I have a lot of energy and I feel great. I have a lot of energy and I feel great. I have a lot of energy and I feel great. I have a lot of energy and I feel great. I have a lot of energy and I feel great. I have a lot of energy and I feel great. I have a lot of energy and I feel great. I have a lot of energy and I feel great. I have a lot of energy and I feel great. I have a lot of energy and I feel great. I have a lot of energy and I feel great. I have a lot of energy"
PPLM-Bow_3_Business,PPLM-Bow_3,Legal The connection,Business,"The connection is a little flaky and I have to wiggle it around a bit to get it to work. 
 
 I have a friend who is a lawyer and he said that I should be able to get a lawyer to help me with this and that I should be able to get a new phone number. 
 
 I have a friend who is a lawyer and he said that I should be able to get a lawyer to help me with this and that I should be able to get a new phone number. 
 
 I have a friend who is a lawyer and he said that I should be able to get a lawyer to help me with this and that I should be able to get a new phone number. 
 
 I have a friend who is a lawyer and he said that I should be able to get a lawyer to help me with this and that I should be able to get a new phone number. 
 
 I have a friend who is a lawyer and he said that I should be able to get a lawyer to help me with this and that I should be able to get a new phone number. 
 
 I have a friend who is a lawyer and he said that I should be able to get a lawyer to help me with this and that I should be able to get a new phone number."
PPLM-Bow_3_Science/Technology,PPLM-Bow_3,Science The connection,Science/Technology,"The connection between the brain and the body is a complex and mysterious process that is still poorly understood. 
 Score: 6 
 
 Flair: Medicine 
 Title: A new study has found that the brain can be rewired to make people more empathetic and less aggressive 
 Score: 6 
 
 Flair: Medicine 
 Title: A new study has found that the brain can be rewired to make people more empathetic and less aggressive 
 Score: 6 
 
 Flair: Medicine 
 Title: A new study has found that the brain can be rewired to make people more empathetic and less aggressive 
 Score: 6 
 
 Flair: Medicine 
 Title: A new study has found that the brain can be rewired to make people more empathetic and less aggressive 
 Score: 6 
 
 Flair: Medicine 
 Title: A new study has found that the brain can be rewired to make people more empathetic and less aggressive 
 Score: 6 
 
 Flair: Medicine 
 Title: A new study has found that the brain can be rewired to make people more empathetic and less aggressive 
 Score: 6 
 
 Flair: Medicine 
 Title: A new study has found that the brain can be rewired to make people more empathetic and less aggressive 
 Score: 6 
 
 Flair: Medicine 
 Title: A new study has"
PPLM-Bow_4_Sports,PPLM-Bow_4,Fitness Foundational to this is,Sports,"Foundational to this is the fact that the human body is a complex machine that is constantly being reprogrammed to adapt to the environment and to the needs of the individual. 
 
 The human body is constantly being reprogrammed to adapt to the environment and to the needs of the individual. 
 
 The human body is constantly being reprogrammed to adapt to the environment and to the needs of the individual. 
 
 The human body is constantly being reprogrammed to adapt to the environment and to the needs of the individual. 
 
 The human body is constantly being reprogrammed to adapt to the environment and to the needs of the individual. 
 
 The human body is constantly being reprogrammed to adapt to the environment and to the needs of the individual. 
 
 The human body is constantly being reprogrammed to adapt to the environment and to the needs of the individual. 
 
 The human body is constantly being reprogrammed to adapt to the environment and to the needs of the individual. 
 
 The human body is constantly being reprogrammed to adapt to the environment and to the needs of the individual. 
 
 The human body is constantly being reprogrammed to adapt to the environment and to the needs of the individual. 
 
 The human body is constantly being reprogrammed to adapt to the environment and to the needs of the individual. 
 
 The human body is constantly being"
PPLM-Bow_4_Business,PPLM-Bow_4,Legal Foundational to this is,Business,"Foundational to this is that I have a friend who is a lawyer and he has been helping me with the legal aspects of the situation. 
 
 I have been told that I can not have the dog until I get a new place to live and I have been told that I can not have the dog until I get a new job and I have been told that I can not have the dog until I get a new place to live. 
 
 I have been told that I can not have the dog until I get a new place to live and I have been told that I can not have the dog until I get a new job and I have been told that I can not have the dog until I get a new place to live. 
 
 I have been told that I can not have the dog until I get a new place to live and I have been told that I can not have the dog until I get a new job and I have been told that I can not have the dog until I get a new place to live. 
 
 I have been told that I can not have the dog until I get a new place to live and I have been told that I can not have the dog until I get a new place to live. 
 
 I have been told that I can not have the dog until I get"
PPLM-Bow_4_Science/Technology,PPLM-Bow_4,Computing Foundational to this is,Science/Technology,"Foundational to this is the fact that the CPU is a single core CPU with a single thread per core. This means that the CPU is not a single threaded CPU but a single core CPU with a single thread per core. 
 
 The CPU is a single core CPU with a single thread per core. 
 
 The CPU is a single core CPU with a single thread per core. 
 
 The CPU is a single core CPU with a single thread per core. 
 
 The CPU is a single core CPU with a single thread per core. 
 
 The CPU is a single core CPU with a single thread per core. 
 
 The CPU is a single core CPU with a single thread per core. 
 
 The CPU is a single core CPU with a single thread per core. 
 
 The CPU is a single core CPU with a single thread per core. 
 
 The CPU is a single core CPU with a single thread per core. 
 
 The CPU is a single core CPU with a single thread per core. 
 
 The CPU is a single core CPU with a single thread per core. 
 
 The CPU is a single core CPU with a single thread per core. 
 
 The CPU is a single core CPU with a single thread per core. 
 
 The CPU is a single core CPU with a single thread per core. 
 
 The CPU is a single core"
PPLM-Bow_5_Sports,PPLM-Bow_5,"Fitness To review,",Sports,"To review, I am a 5'10"" male who has been lifting for about a year and a half. I have been lifting for about a year and a half now and have been doing a lot of cardio and weight training as well. I have been doing a lot of cardio and weight training for the past year and a half and have been doing a lot of cardio and weight training for the past 6 months. I have been doing a lot of cardio and weight training for the past 6 months and have been doing a lot of cardio and weight training for the past 6 months. I have been doing a lot of cardio and weight training for the past 6 months and have been doing a lot of cardio and weight training for the past 6 months. I have been doing a lot of cardio and weight training for the past 6 months and have been doing a lot of cardio and weight training for the past 6 months. I have been doing a lot of cardio and weight training for the past 6 months and have been doing a lot of cardio and weight training for the past 6 months. I have been doing a lot of cardio and weight training for the past 6 months and have been doing a lot of cardio and weight training for the past 6 months. I have been doing a lot of"
PPLM-Bow_5_Business,PPLM-Bow_5,"Finance To review,",Business,"To review, I have a credit card with a limit of $5000 and a limit of $5000 in my checking account. I have a car loan of $5000 and a car payment of $500. I have a car payment of $900 and a car loan of $2000. I have a credit card with a limit of $5000 and a limit of $5000 in my checking account. I have a car payment of $900 and a car payment of $2000. I have a credit card with a limit of $5000 and a limit of $5000 in my checking account. I have a car payment of $900 and a car payment of $2000. I have a credit card with a limit of $5000 and a limit of $5000 in my checking account. I have a credit card with a limit of $5000 and a limit of $5000 in my checking account. I have a credit card with a limit of $5000 and a limit of $5000 in my checking account. I have a credit card with a limit of $5000 and a limit of $5000 in my checking account. I have a credit card with a limit of $5000 and a limit of $5000 in my checking account. I have a credit card with a limit of $5000 and a limit of $5000 in my checking account. I have a credit card with a"
PPLM-Bow_5_Science/Technology,PPLM-Bow_5,"Technology To review,",Science/Technology,"To review, I have a very small office with a very small amount of people. I have a very small amount of people who are very good at their jobs. I have a very small amount of people who are very good at their jobs. I have a very small amount of people who are very good at their jobs. I have a very small amount of people who are very good at their jobs. I have a very small amount of people who are very good at their jobs. I have a very small amount of people who are very good at their jobs. I have a very small amount of people who are very good at their jobs. I have a very small amount of people who are very good at their jobs. I have a very small amount of people who are very good at their jobs. I have a very small amount of people who are very good at their jobs. I have a very small amount of people who are very good at their jobs. I have a very small amount of people who are very good at their jobs. I have a very small amount of people who are very good at their jobs. I have a very small amount of people who are very good at their jobs. I have a very small amount of people who are very good at their jobs. I have a very small amount of people who are very good at their jobs. I have a"
PPLM-Bow_6_Sports,PPLM-Bow_6,"Fitness In brief,",Sports,"In brief, I have been doing a lot of research on the topic of weight loss and I have come to the conclusion that I am not going to be able to lose weight without a lot of exercise. I have been doing a lot of research on the topic of diet and exercise and I have come to the conclusion that I am not going to be able to lose weight without a lot of exercise. I have been doing a lot of research on the topic of diet and exercise and I have come to the conclusion that I am not going to be able to lose weight without a lot of exercise. I have been doing a lot of research on the topic of diet and exercise and I have come to the conclusion that I am not going to be able to lose weight without a lot of exercise. I have been doing a lot of research on the topic of diet and exercise and I have come to the conclusion that I am not going to be able to lose weight without a lot of exercise. I have been doing a lot of research on the topic of diet and exercise and I have come to the conclusion that I am not going to be able to lose weight without a lot of exercise. I have been doing a lot of research on the topic of diet and exercise and I have come to the conclusion that I am not going to be"
PPLM-Bow_6_Business,PPLM-Bow_6,"Finance In brief,",Business,"In brief, I have a job that pays me $15/hr and I have a 401k that I contribute to every month. I have a car that I pay for myself and I have a house that I pay for myself. I have a car payment of $350 a month and I have a mortgage payment of $900 a month. I have a car payment of $350 a month and I have a mortgage payment of $900 a month. I have a car payment of $350 a month and I have a mortgage payment of $900 a month. I have a car payment of $350 a month and I have a mortgage payment of $900 a month. I have a car payment of $350 a month and I have a mortgage payment of $900 a month. I have a car payment of $350 a month and I have a mortgage payment of $900 a month. I have a car payment of $350 a month and I have a mortgage payment of $900 a month. I have a car payment of $350 a month and I have a mortgage payment of $900 a month. I have a car payment of $350 a month and I have a mortgage payment of $900 a month. I have a car payment of $350 a month and I have a mortgage payment of $900 a month. I have a car"
PPLM-Bow_6_Science/Technology,PPLM-Bow_6,"Science In brief,",Science/Technology,"In brief, the researchers found that the brain of a person with schizophrenia is more active in the left hemisphere than in the right hemisphere. 
 Score: 6 
 
 Title: The first ever image of a black hole 
 Score: 6 
 
 Title: The first ever image of a black hole 
 Score: 6 
 
 Title: The first ever image of a black hole 
 Score: 6 
 
 Title: The first ever image of a black hole 
 Score: 6 
 
 Title: The first ever image of a black hole 
 Score: 6 
 
 Title: The first ever image of a black hole 
 Score: 6 
 
 Title: The first ever image of a black hole 
 Score: 6 
 
 Title: The first ever image of a black hole 
 Score: 6 
 
 Title: The first ever image of a black hole 
 Score: 6 
 
 Title: The first ever image of a black hole 
 Score: 6 
 
 Title: The first ever image of a black hole 
 Score: 6 
 
 Title: The first ever image of a black hole 
 Score: 6 
 
 Title: The first ever image of a black hole 
 Score: 6 
 
 Title: The first ever image of a black hole 
 Score: 6 
 
 Title: The first ever image of a black hole 
 Score: 6 
 
 Title: The"
PPLM-Bow_7_Sports,PPLM-Bow_7,Fitness An illustration of,Sports,"An illustration of the difference between the two is shown below. 
 
 [Here is a picture of the two in the same position](http://i.imgur.com/xZqtq.jpg) 
 
 The difference between the two is that the left leg is slightly longer than the right leg. 
 
 The difference between the two is that the left leg is slightly longer than the right leg. 
 
 The difference between the two is that the left leg is slightly longer than the right leg. 
 
 The difference between the two is that the left leg is slightly longer than the right leg. 
 
 The difference between the two is that the left leg is slightly longer than the right leg. 
 
 The difference between the two is that the left leg is slightly longer than the right leg. 
 
 The difference between the two is that the left leg is slightly longer than the right leg. 
 
 The difference between the two is that the left leg is slightly longer than the right leg. 
 
 The difference between the two is that the left leg is slightly longer than the right leg. 
 
 The difference between the two is that the left leg is slightly longer than the right leg. 
 
 The difference between the two is that the left leg is slightly longer than the right leg. 
 
 The difference between the two is that the left"
PPLM-Bow_7_Business,PPLM-Bow_7,Finance An illustration of,Business,"An illustration of the difference between a 401k and a Roth IRA is shown below: 
 
 http://i.imgur.com/xZ4q.jpg 
 
 The Roth IRA is a tax-advantaged account that allows you to contribute up to $18,000 a year tax-free. The 401k is a tax-advantaged account that allows you to contribute up to $18,000 a year tax-free. 
 
 The Roth IRA is a tax-advantaged account that allows you to contribute up to $18,000 a year tax-free. The 401k is a tax-advantaged account that allows you to contribute up to $18,000 a year tax-free. 
 
 The Roth IRA is a tax-advantaged account that allows you to contribute up to $18,000 a year tax-free. The 401k is a tax-advantaged account that allows you to contribute up to $18,000 a year tax-free. 
 
 The Roth IRA is a tax-advantaged account that allows you to contribute up to $18,000 a year tax-free. The 401k is a tax-advantaged account that allows you to contribute up to $18,000 a year tax-free. 
 
 The Roth IRA is a tax-advantaged account that allows you to contribute up to $18,000 a year tax-free. The 401k is a tax-advantaged account that allows you to contribute up to"
PPLM-Bow_7_Science/Technology,PPLM-Bow_7,Computing An illustration of,Science/Technology,"An illustration of the difference between a CPU and a GPU 
 Text: http://i.imgur.com/xZqtq.jpg 
 
 The CPU is a Core i7 4790K with a GTX 760 and a GTX 1070. The GPU is a GTX 1070. 
 
 The CPU is a Core i7 4790K with a GTX 760 and a GTX 1070. The GPU is a GTX 1070. 
 
 The CPU is a Core i7 4790K with a GTX 760 and a GTX 1070. The GPU is a GTX 1070. 
 
 The CPU is a Core i7 4790K with a GTX 760 and a GTX 1070. The GPU is a GTX 1070. 
 
 The CPU is a Core i7 4790K with a GTX 760 and a GTX 1070. The GPU is a GTX 1070. 
 
 The CPU is a Core i7 4790K with a GTX 760 and a GTX 1070. The GPU is a GTX 1070. 
 
 The CPU is a Core i7 4790K with a GTX 760 and a GTX 1070. The GPU is a GTX 1070. 
 
 The CPU is a Core i7 4790K with a GTX"
PPLM-Bow_8_Sports,PPLM-Bow_8,"Fitness Furthermore,",Sports,"Furthermore, I have a very low tolerance for pain and I have been told that I have a very high pain threshold. I have been told that I have a very high pain tolerance and that I have a very high pain threshold. I have been told that I have a very high pain tolerance and that I have a very high pain threshold. I have been told that I have a very high pain tolerance and that I have a very high pain threshold. I have been told that I have a very high pain tolerance and that I have a very high pain threshold. I have been told that I have a very high pain tolerance and that I have a very high pain threshold. I have been told that I have a very high pain tolerance and that I have a very high pain threshold. I have been told that I have a very high pain tolerance and that I have a very high pain threshold. I have been told that I have a very high pain tolerance and that I have a very high pain threshold. I have been told that I have a very high pain tolerance and that I have a very high pain threshold. I have been told that I have a very high pain tolerance and that I have a very high pain threshold. I have been told that I have a very high pain tolerance and that I have a very high pain threshold. I have been told"
PPLM-Bow_8_Business,PPLM-Bow_8,"Legal Furthermore,",Business,"Furthermore, I have a friend who is a lawyer and he said that I should not be able to get a lawyer to represent me in this matter. 
 
 I am not sure what to do at this point. I have a lot of questions and I am not sure what to do next. 
 
 Edit: I am in the state of Texas. 
 Score: 6 
 
 Title: [CA] My boss is threatening to fire me for not being able to do my job 
 Text: I work at a small business in California. I have been working there for about a year and a half. I have been doing a lot of the work that my boss is not willing to do himself. I have been doing a lot of the work that my boss is not willing to do himself. I have been doing a lot of the work that my boss is not willing to do himself. 
 
 I have been doing a lot of the work that my boss is not willing to do himself. I have been doing a lot of the work that my boss is not willing to do himself. 
 
 I have been doing a lot of the work that my boss is not willing to do himself. I have been doing a lot of the work that my boss is not willing to do himself. 
 
 I have been doing a lot of the work that my"
PPLM-Bow_8_Science/Technology,PPLM-Bow_8,"Science Furthermore,",Science/Technology,"Furthermore, the study found that the amount of time spent on the internet is correlated with the amount of time spent on social media. 
 Score: 6 
 
 Flair: Medicine 
 Title: A new study finds that the use of a drug called rimonabant in the treatment of schizophrenia may be associated with a reduction in the risk of developing the disease. 
 Score: 6 
 
 Flair: Medicine 
 Title: A new study finds that the use of a drug called rimonabant in the treatment of schizophrenia may be associated with a reduction in the risk of developing the disease. 
 Score: 6 
 
 Flair: Medicine 
 Title: A new study finds that the use of a drug called rimonabant in the treatment of schizophrenia may be associated with a reduction in the risk of developing the disease. 
 Score: 6 
 
 Flair: Medicine 
 Title: A new study finds that the use of a drug called rimonabant in the treatment of schizophrenia may be associated with a reduction in the risk of developing the disease. 
 Score: 6 
 
 Flair: Medicine 
 Title: A new study finds that the use of a drug called rimonabant in the treatment of schizophrenia may be associated with a reduction in the risk of developing the disease. 
 Score: 6 
 
 Flair: Medicine 
 Title: A new"
PPLM-Bow_9_Sports,PPLM-Bow_9,Fitness The central theme,Sports,"The central theme of this subreddit is to help people get in shape and lose weight. 
 
 I have been lurking for a while and I have to say that I am very impressed with the amount of people who are willing to share their experiences and advice. I have been following this subreddit for a while and I have learned a lot from the people who post here. 
 
 I have been working out for a while and I have been trying to get in better shape for a while now. I have been doing a lot of cardio and weight training and I have been trying to get in better shape for a while now. I have been doing a lot of cardio and weight training and I have been trying to get in better shape for a while now. I have been doing a lot of cardio and weight training and I have been trying to get in better shape for a while now. I have been doing a lot of cardio and weight training and I have been trying to get in better shape for a while now. I have been doing a lot of cardio and weight training and I have been trying to get in better shape for a while now. I have been doing a lot of cardio and weight training and I have been trying to get in better shape for a while now. I have been doing a"
PPLM-Bow_9_Business,PPLM-Bow_9,Finance The central theme,Business,"The central theme of this post is that I have a lot of debt and I want to pay it off as soon as possible. I have a few questions about my credit score and how to improve it. 
 
 1. I have a credit card with a limit of $5000 and I have a balance of about $5000 on it. I have a credit card with a limit of $5000 and I have a balance of about $5000 on it. I have a credit card with a limit of $5000 and I have a balance of about $5000 on it. 
 
 2. I have a credit card with a limit of $5000 and I have a balance of about $5000 on it. I have a credit card with a limit of $5000 and I have a balance of about $5000 on it. 
 
 3. I have a credit card with a limit of $5000 and I have a balance of about $5000 on it. I have a credit card with a limit of $5000 and I have a balance of about $5000 on it. 
 
 4. I have a credit card with a limit of $5000 and I have a balance of about $5000 on it. I have a credit card with a limit of $5000 and I have a balance of about $5000 on it. 
 
 5. I have a credit card with a"
PPLM-Bow_9_Science/Technology,PPLM-Bow_9,Technology The central theme,Science/Technology,"The central theme of this story is that I was a very good IT guy and I was very good at my job. I was also very good at my job. 
 
 I was a very good IT guy and I was very good at my job. I was also very good at my job. 
 
 I was a very good IT guy and I was very good at my job. I was also very good at my job. 
 
 I was a very good IT guy and I was very good at my job. I was also very good at my job. 
 
 I was a very good IT guy and I was very good at my job. I was also very good at my job. 
 
 I was a very good IT guy and I was very good at my job. I was also very good at my job. 
 
 I was a very good IT guy and I was very good at my job. I was also very good at my job. 
 
 I was a very good IT guy and I was very good at my job. I was also very good at my job. 
 
 I was a very good IT guy and I was very good at my job. I was also very good at my job. 
 
 I was a very good IT guy and I was very good at my job. I was also very good at my job. 
 
 I"
PPLM-Bow_10_Sports,PPLM-Bow_10,"Fitness To conclude,",Sports,"To conclude, I would like to thank everyone for their support and encouragement. I am going to keep working hard to get to my goal of losing 50 pounds by the end of the year."
PPLM-Bow_10_Business,PPLM-Bow_10,"Legal To conclude,",Business,"To conclude, I have a few questions for you guys. 
 
 1. What is the best way to go about getting a restraining order against my ex wife? 
 2. What is the best way to get a restraining order against my ex wife? 
 3. What is the best way to get a restraining order against my ex wife? 
 4. What is the best way to get a restraining order against my ex wife? 
 5. What is the best way to get a restraining order against my ex wife? 
 
 Thank you for your time. 
 Score: 6 
 
 Title: [CA] My boss is threatening to fire me for not showing up for work on time. 
 Text: I work at a small business in a small town in California. I work in the front office and am the only employee. I have been there for about a year and a half and have been doing a great job. 
 
 My boss has been threatening to fire me for not showing up for work on time for the past few months. He has been telling me that I am not doing a good job and that I am not doing my job correctly. He has also been telling me that I am not doing my job well enough and that I need to do a better job. 
 
 I have been working on this for a while and have been trying to get a raise"
PPLM-Bow_10_Science/Technology,PPLM-Bow_10,"Technology To conclude,",Science/Technology,"To conclude, I have a few questions for you guys. 
 
 1. What is the best way to get a new computer to work with a new computer? 
 
 2. What is the best way to get a new computer to work with a new computer? 
 
 3. What is the best way to get a new computer to work with a new computer? 
 
 4. What is the best way to get a new computer to work with a new computer? 
 
 5. What is the best way to get a new computer to work with a new computer? 
 
 6. What is the best way to get a new computer to work with a new computer? 
 
 7. What is the best way to get a new computer to work with a new computer? 
 
 8. What is the best way to get a new computer to work with a new computer? 
 
 9. What is the best way to get a new computer to work with a new computer? 
 
 10. What is the best way to get a new computer to work with a new computer? 
 
 11. What is the best way to get a new computer to work with a new computer? 
 
 12. What is the best way to get a new computer to work with a new computer? 
 
 13. What is the best"
PPLM-Bow_11_Sports,PPLM-Bow_11,Fitness The key aspect,Sports,"The key aspect of this is that you can do it at your own pace. You can do it at your own pace and you can do it at your own pace. 
 
 I have been doing this for a few weeks now and I have lost about 10 pounds and I have been doing it at my own pace. I have been doing it at my own pace and I have been doing it at my own pace. 
 
 I have been doing it at my own pace and I have been doing it at my own pace. 
 
 I have been doing it at my own pace and I have been doing it at my own pace. 
 
 I have been doing it at my own pace and I have been doing it at my own pace. 
 
 I have been doing it at my own pace and I have been doing it at my own pace. 
 
 I have been doing it at my own pace and I have been doing it at my own pace. 
 
 I have been doing it at my own pace and I have been doing it at my own pace. 
 
 I have been doing it at my own pace and I have been doing it at my own pace. 
 
 I have been doing it at my own pace and I have been doing it at my own pace. 
 
 I have been doing it at my own pace"
PPLM-Bow_11_Business,PPLM-Bow_11,Legal The key aspect,Business,"The key aspect of this is that the company is a small one and the owner is a very wealthy man. He has a lot of money and is very well connected. 
 
 I have been working for this company for about a year and a half and I have been doing a lot of the work for the company myself. I have been doing a lot of the work for the company and I have been doing a lot of the work for the owner and his family. 
 
 I have been doing a lot of the work for the owner and his family for the last year and a half. I have been doing a lot of the work for the owner and his family for the last year and a half. 
 
 I have been doing a lot of the work for the owner and his family for the last year and a half. 
 
 I have been doing a lot of the work for the owner and his family for the last year and a half. 
 
 I have been doing a lot of the work for the owner and his family for the last year and a half. 
 
 I have been doing a lot of the work for the owner and his family for the last year and a half. 
 
 I have been doing a lot of the work for the owner and his family for the last year and a half. 
 
 I"
PPLM-Bow_11_Science/Technology,PPLM-Bow_11,Technology The key aspect,Science/Technology,"The key aspect of this is that the user is not the only person who can access the server. The server is also accessible from the outside world. 
 
 &gt;Me: Okay, so you can access the server from the outside world by logging in from the outside world and clicking on the login button. 
 
 &gt;User: Okay, so I can log in from the outside world and click on the login button? 
 
 &gt;Me: Yes. 
 
 &gt;User: Okay, so I can log in from the outside world and click on the login button? 
 
 &gt;Me: Yes. 
 
 &gt;User: Okay, so I can log in from the outside world and click on the login button? 
 
 &gt;Me: Yes. 
 
 &gt;User: Okay, so I can log in from the outside world and click on the login button? 
 
 &gt;Me: Yes. 
 
 &gt;User: Okay, so I can log in from the outside world and click on the login button? 
 
 &gt;Me: Yes. 
 
 &gt;User: Okay, so I can log in from the outside world and click on the login button? 
 
 &@@"
PPLM-Bow_12_Sports,PPLM-Bow_12,Fitness Prior to this,Sports,Prior to this I had been doing a lot of cardio and weight lifting and I was feeling pretty good about my progress. I was doing a lot of cardio and weight lifting and I was feeling pretty good about my progress. I was doing a lot of cardio and weight lifting and I was feeling pretty good about my progress. I was doing a lot of cardio and weight lifting and I was feeling pretty good about my progress. I was doing a lot of cardio and weight lifting and I was feeling pretty good about my progress. I was doing a lot of cardio and weight lifting and I was feeling pretty good about my progress. I was doing a lot of cardio and weight lifting and I was feeling pretty good about my progress. I was doing a lot of cardio and weight lifting and I was feeling pretty good about my progress. I was doing a lot of cardio and weight lifting and I was feeling pretty good about my progress. I was doing a lot of cardio and weight lifting and I was feeling pretty good about my progress. I was doing a lot of cardio and weight lifting and I was feeling pretty good about my progress. I was doing a lot of cardio and weight lifting and I was feeling pretty good about my progress. I was doing a lot of cardio and weight lifting and I was feeling
PPLM-Bow_12_Business,PPLM-Bow_12,Legal Prior to this,Business,"Prior to this incident, I had been working for a company that was in the process of moving to a new location and I was told that I would be moving to a new location in a few weeks. I was told that I would be working with a new team and that I would be working with a new manager and that I would be moving to a new location in a few weeks. 
 
 I was told that I would be working with a new team and that I would be working with a new manager and that I would be moving to a new location in a few weeks. 
 
 I was told that I would be working with a new team and that I would be working with a new manager and that I would be moving to a new location in a few weeks. 
 
 I was told that I would be working with a new team and that I would be working with a new manager and that I would be moving to a new location in a few weeks. 
 
 I was told that I would be working with a new team and that I would be working with a new manager and that I would be moving to a new location in a few weeks. 
 
 I was told that I would be working with a new team and that I would be working with a new manager and that I would be moving to a"
PPLM-Bow_12_Science/Technology,PPLM-Bow_12,Computing Prior to this,Science/Technology,Prior to this I had a GTX 660 Ti and a GTX 660 Ti. I was looking to upgrade to a GTX 660 Ti but I was looking at the GTX 660 Ti and the GTX 660 Ti and I was looking at the GTX 660 Ti and I was looking at the GTX 660 Ti and I was looking at the GTX 660 Ti and I was looking at the GTX 660 Ti and I was looking at the GTX 660 Ti and I was looking at the GTX 660 Ti and I was looking at the GTX 660 Ti and I was looking at the GTX 660 Ti and I was looking at the GTX 660 Ti and I was looking at the GTX 660 Ti and I was looking at the GTX 660 Ti and I was looking at the GTX 660 Ti and I was looking at the GTX 660 Ti and I was looking at the GTX 660 Ti and I was looking at the GTX 660 Ti and I was looking at the GTX 660 Ti and I was looking at the GTX 660 Ti and I was looking at the GTX 660 Ti and I was looking at the GTX 660 Ti and I was looking at the GTX 660 Ti and I was looking at the GTX 660 Ti and I was looking at
PPLM-Bow_13_Sports,PPLM-Bow_13,Fitness Emphasised are,Sports,Emphasised are the two main reasons why I am doing this and I am hoping to get some feedback from you guys on how I can improve my form.
PPLM-Bow_13_Business,PPLM-Bow_13,Legal Emphasised are,Business,"Emphasised are the words ""**not**"" and ""**not**"" in the title. 
 
 I have a few questions about the legality of this and if I should be concerned about it. 
 
 1. Is it legal for a company to require a person to sign a contract that they know they will not be able to fulfill in the future? 
 
 2. Is it legal for a company to require a person to sign a contract that they know they will not be able to fulfill in the future? 
 
 3. Is it legal for a company to require a person to sign a contract that they know they will not be able to fulfill in the future? 
 
 4. Is it legal for a company to require a person to sign a contract that they know they will not be able to fulfill in the future? 
 
 5. Is it legal for a company to require a person to sign a contract that they know they will not be able to fulfill in the future? 
 
 6. Is it legal for a company to require a person to sign a contract that they know they will not be able to fulfill in the future? 
 
 7. Is it legal for a company to require a person to sign a contract that they know they will not be able to fulfill in the future? 
 
 8. Is it legal for a company to"
PPLM-Bow_13_Science/Technology,PPLM-Bow_13,Technology Emphasised are,Science/Technology,"Emphasised are the words ""support"" and ""support"". 
 
 &gt;Me: I don't know what you mean by ""support"". 
 
 &gt;Customer: I mean the support you provide to the customer. 
 
 &gt;Me: I don't know what you mean by ""support"". 
 
 &gt;Customer: I mean the support you provide to the customer. 
 
 &gt;Me: I don't know what you mean by ""support"". 
 
 &gt;Customer: I mean the support you provide to the customer. 
 
 &gt;Me: I don't know what you mean by ""support"". 
 
 &gt;Customer: I mean the support you provide to the customer. 
 
 &gt;Me: I don't know what you mean by ""support"". 
 
 &gt;Customer: I mean the support you provide to the customer. 
 
 &gt;Me: I don't know what you mean by ""support"". 
 
 &gt;Customer: I mean the support you provide to the customer. 
 
 &gt;Me: I don't know what you mean by ""support"". 
 
 &gt;Customer: I mean the support you provide to the customer. 
 
 &gt;Me: I don't"
PPLM-Bow_14_Sports,PPLM-Bow_14,Fitness To summarise,Sports,"To summarise my question to you all: 
 
 * What is the best way to get a good workout in a short amount of time? 
 * What is the best way to get a good workout in a short amount of time? 
 * What is the best way to get a good workout in a short amount of time? 
 * What is the best way to get a good workout in a short amount of time? 
 * What is the best way to get a good workout in a short amount of time? 
 * What is the best way to get a good workout in a short amount of time? 
 * What is the best way to get a good workout in a short amount of time? 
 * What is the best way to get a good workout in a short amount of time? 
 * What is the best way to get a good workout in a short amount of time? 
 * What is the best way to get a good workout in a short amount of time? 
 * What is the best way to get a good workout in a short amount of time? 
 * What is the best way to get a good workout in a short amount of time? 
 * What is the best way to get a good workout in a short amount of time? 
 * What is the best way to get a good workout in a short amount"
PPLM-Bow_14_Business,PPLM-Bow_14,Legal To summarise,Business,"To summarise the situation I have been in for the past few months I have been working as a cleaner for a company that has a lot of clients in the area and I have been doing this for about a year now. I have been doing this for about a year now and I have been doing this for about a month now. 
 
 I have been doing this for about a year now and I have been doing this for about a month now. 
 
 I have been doing this for about a year now and I have been doing this for about a month now. 
 
 I have been doing this for about a year now and I have been doing this for about a month now. 
 
 I have been doing this for about a year now and I have been doing this for about a month now. 
 
 I have been doing this for about a year now and I have been doing this for about a month now. 
 
 I have been doing this for about a year now and I have been doing this for about a month now. 
 
 I have been doing this for about a year now and I have been doing this for about a month now. 
 
 I have been doing this for about a year now and I have been doing this for about a month now. 
 
 I have been doing this for about a"
PPLM-Bow_14_Science/Technology,PPLM-Bow_14,Computing To summarise,Science/Technology,"To summarise the build so far: 
 
 * Intel i5-2500k 
 * MSI Z87-G45 Gaming ATX LGA1150 Motherboard 
 * Corsair Vengeance 8GB (2x4GB) DDR3 1600 MHz (PC3 12800) 
 * Corsair Vengeance 8GB (2x4GB) DDR3 1600 MHz (PC3 12800) 
 * Corsair Vengeance 8GB (2x4GB) DDR3 1600 MHz (PC3 12800) 
 * Corsair Vengeance 8GB (2x4GB) DDR3 1600 MHz (PC3 12800) 
 * Corsair Vengeance 8GB (2x4GB) DDR3 1600 MHz (PC3 12800) 
 * Corsair Vengeance 8GB (2x4GB) DDR3 1600 MHz (PC3 12800) 
 * Corsair Vengeance 8GB (2x4GB) DDR3 1600 MHz (PC3 12800) 
 * Corsair Vengeance 8GB (2x4GB) DDR3 1600 MHz (PC3 12800) 
 * Corsair Vengeance 8GB (2x4GB) DDR3 1600 MHz (PC3 12800) 
 * Corsair Vengeance 8GB (2x4GB) DDR3 1600 MHz (PC3 12800) 
 * Corsair Vengeance 8GB (2x4GB) DDR3 1600 MHz (PC3 12800) 
 * Corsair Vengeance 8GB (2@@"
PPLM-Bow_15_Sports,PPLM-Bow_15,Fitness The relationship,Sports,"The relationship between the two is a bit of a mystery, but it seems to be a bit of a ""fitness"" thing. 
 
 I have a friend who is a personal trainer and he told me that the best way to lose weight is to eat a lot of protein and carbs and then burn the fat for energy. 
 
 I have been doing this for a while and I have lost a lot of weight but I have been eating a lot of carbs and protein and I have been losing weight but I have been eating a lot of fat and I have been losing weight but I have been eating a lot of fat and I have been losing weight but I have been eating a lot of fat and I have been losing weight but I have been eating a lot of fat and I have been losing weight but I have been eating a lot of fat and I have been losing weight but I have been eating a lot of fat and I have been losing weight but I have been eating a lot of fat and I have been losing weight but I have been eating a lot of fat and I have been losing weight but I have been eating a lot of fat and I have been losing weight but I have been eating a lot of fat and I have been losing weight but I have been eating a lot of fat"
PPLM-Bow_15_Business,PPLM-Bow_15,Legal The relationship,Business,"The relationship is not legal and I am not sure what to do about it. 
 Score: 6 
 
 Title: [TX] My boss is threatening to fire me for not showing up for work on time. 
 Text: I work at a small business in Texas. I work in the front office and am responsible for the day-to-day operations of the business. I am also the only employee that is not a manager. 
 
 I have been working here for about a year and a half. I have been working with the same people for about a year and a half. 
 
 I have been working with the same people for about a year and a half. 
 
 I have been working with the same people for about a year and a half. 
 
 I have been working with the same people for about a year and a half. 
 
 I have been working with the same people for about a year and a half. 
 
 I have been working with the same people for about a year and a half. 
 
 I have been working with the same people for about a year and a half. 
 
 I have been working with the same people for about a year and a half. 
 
 I have been working with the same people for about a year and a half. 
 
 I have been working with the same people for about a year and"
PPLM-Bow_15_Science/Technology,PPLM-Bow_15,Technology The relationship,Science/Technology,"The relationship between the two of us was strained at best. 
 
 I was a bit of a loner, and I was a bit of a loner in the office. I was a bit of a loner in the office. I was a bit of a loner in the office. I was a bit of a loner in the office. I was a bit of a loner in the office. I was a bit of a loner in the office. I was a bit of a loner in the office. I was a bit of a loner in the office. I was a bit of a loner in the office. I was a bit of a loner in the office. I was a bit of a loner in the office. I was a bit of a loner in the office. I was a bit of a loner in the office. I was a bit of a loner in the office. I was a bit of a loner in the office. I was a bit of a loner in the office. I was a bit of a loner in the office. I was a bit of a loner in the office. I was a bit of a loner in the office. I was a bit of a loner in the office. I was a bit of a loner in the office. I was a bit of"
PPLM-Bow_16_Sports,PPLM-Bow_16,"Fitness More importantly,",Sports,"More importantly, I want to be able to do this for the rest of my life. 
 
 I have a few questions for you guys. 
 
 1. What are your goals for the next year? 
 2. What are your goals for the next year? 
 3. What are your goals for the next year? 
 4. What are your goals for the next year? 
 5. What are your goals for the next year? 
 
 I am looking for some feedback on my goals and how I can improve them. 
 
 Thanks in advance! 
 Score: 6 
 
 Title: I have a question about the bench press 
 Text: I have been lifting for about a year now and I have been doing the bench press for about a month now. I have been doing it with a barbell and I have been doing it with a dumbbell for a while now. I have been doing it with a barbell for about a month now and I have been doing it with a dumbbell for a while now. I have been doing it with a barbell for about a month now and I have been doing it with a dumbbell for a while now. I have been doing it with a barbell for about a month now and I have been doing it with a dumbbell for a while now. I have been doing it with a barbell for"
PPLM-Bow_16_Business,PPLM-Bow_16,"Legal More importantly,",Business,"More importantly, I have a friend who is a lawyer and he said that I should not be able to get a lawyer to represent me in this matter. 
 
 I am not sure what to do at this point. I have a friend who is a lawyer and he said that I should not be able to get a lawyer to represent me in this matter. 
 
 I am not sure what to do at this point. I have a friend who is a lawyer and he said that I should not be able to get a lawyer to represent me in this matter. 
 
 I am not sure what to do at this point. I have a friend who is a lawyer and he said that I should not be able to get a lawyer to represent me in this matter. 
 
 I am not sure what to do at this point. I have a friend who is a lawyer and he said that I should not be able to get a lawyer to represent me in this matter. 
 
 I am not sure what to do at this point. I have a friend who is a lawyer and he said that I should not be able to get a lawyer to represent me in this matter. 
 
 I am not sure what to do at this point. I have a friend who is a lawyer and he said that I should not be able to get a lawyer to"
PPLM-Bow_16_Science/Technology,PPLM-Bow_16,"Technology More importantly,",Science/Technology,"More importantly, I was able to get the computer to boot up and run the Windows 7 installer without any problems. 
 
 I was able to get the computer to boot up and run the Windows 7 installer without any problems. 
 
 I was able to get the computer to boot up and run the Windows 7 installer without any problems. 
 
 I was able to get the computer to boot up and run the Windows 7 installer without any problems. 
 
 I was able to get the computer to boot up and run the Windows 7 installer without any problems. 
 
 I was able to get the computer to boot up and run the Windows 7 installer without any problems. 
 
 I was able to get the computer to boot up and run the Windows 7 installer without any problems. 
 
 I was able to get the computer to boot up and run the Windows 7 installer without any problems. 
 
 I was able to get the computer to boot up and run the Windows 7 installer without any problems. 
 
 I was able to get the computer to boot up and run the Windows 7 installer without any problems. 
 
 I was able to get the computer to boot up and run the Windows 7 installer without any problems. 
 
 I was able to get the computer to boot up and run the Windows"
PPLM-Bow_17_Sports,PPLM-Bow_17,Fitness It has been shown,Sports,"It has been shown that the more you do it, the more you will get out of it. 
 
 I have been doing this for about a month now and I have lost about 10 pounds. I have been doing it for about a month and a half and I have lost about 10 pounds. I have been doing it for about a month and a half and I have lost about 10 pounds. I have been doing it for about a month and a half and I have lost about 10 pounds. I have been doing it for about a month and a half and I have lost about 10 pounds. I have been doing it for about a month and a half and I have lost about 10 pounds. I have been doing it for about a month and a half and I have lost about 10 pounds. I have been doing it for about a month and a half and I have lost about 10 pounds. I have been doing it for about a month and a half and I have lost about 10 pounds. I have been doing it for about a month and a half and I have lost about 10 pounds. I have been doing it for about a month and a half and I have lost about 10 pounds. I have been doing it for about a month and a half and I have lost about 10 pounds. I have been doing it for about a month and a half and I"
PPLM-Bow_17_Business,PPLM-Bow_17,Finance It has been shown,Business,"It has been shown that the average person has a net worth of about $80,000. 
 
 I have a few questions about the following: 
 
 1. What is the best way to pay off my student loans? 
 2. What is the best way to pay off my credit card debt? 
 3. What is the best way to pay off my car loans? 
 4. What is the best way to pay off my credit card debt? 
 5. What is the best way to pay off my credit card debt? 
 
 I am not sure if I should pay off my student loans or pay off my credit card debt. 
 
 I am also not sure if I should pay off my credit card debt or pay off my car loan. 
 
 I am also not sure if I should pay off my credit card debt or pay off my car loan. 
 
 I am also not sure if I should pay off my credit card debt or pay off my car loan. 
 
 I am also not sure if I should pay off my credit card debt or pay off my car loan. 
 
 I am also not sure if I should pay off my credit card debt or pay off my car loan. 
 
 I am also not sure if I should pay off my credit card debt or pay off my car loan. 
 
 I am also not"
PPLM-Bow_17_Science/Technology,PPLM-Bow_17,Technology It has been shown,Science/Technology,"It has been shown that the only way to get a virus is to have a virus on your computer. 
 
 &gt;Me: I don't know what you are talking about. 
 
 &gt;$User: I have a virus on my computer. 
 
 &gt;Me: I don't know what you are talking about. 
 
 &gt;$User: I have a virus on my computer. 
 
 &gt;Me: I don't know what you are talking about. 
 
 &gt;$User: I have a virus on my computer. 
 
 &gt;Me: I don't know what you are talking about. 
 
 &gt;$User: I have a virus on my computer. 
 
 &gt;Me: I don't know what you are talking about. 
 
 &gt;$User: I have a virus on my computer. 
 
 &gt;Me: I don't know what you are talking about. 
 
 &gt;$User: I have a virus on my computer. 
 
 &gt;Me: I don't know what you are talking about. 
 
 &gt;$User: I have a virus on my computer. 
 
 &gt;Me: I don't know what you are talking about. 
 
 &gt;$User@@"
PPLM-Bow_18_Sports,PPLM-Bow_18,Fitness The issue focused on,Sports,"The issue focused on the fact that I was not able to get a good grip on the bar and I was unable to keep my back straight. I was able to get a good grip on the bar and I was able to keep my back straight, but I was unable to keep my back straight. I was able to get a good grip on the bar and I was able to keep my back straight, but I was unable to keep my back straight. 
 
 I was able to get a good grip on the bar and I was able to keep my back straight, but I was unable to keep my back straight. 
 
 I was able to get a good grip on the bar and I was able to keep my back straight, but I was unable to keep my back straight. 
 
 I was able to get a good grip on the bar and I was able to keep my back straight, but I was unable to keep my back straight. 
 
 I was able to get a good grip on the bar and I was able to keep my back straight, but I was unable to keep my back straight. 
 
 I was able to get a good grip on the bar and I was able to keep my back straight, but I was unable to keep my back straight. 
 
 I was able to get a good grip on the bar and I was able to keep"
PPLM-Bow_18_Business,PPLM-Bow_18,Finance The issue focused on,Business,"The issue focused on the fact that I was not able to get a loan from a bank that would allow me to pay off the loan in full in a timely manner. I was able to get a loan from a credit union that would allow me to pay off the loan in full in a timely manner. 
 
 I have been working for the last year and a half and have been able to pay off the loan in full in a timely manner. I have been paying off the loan in full every month and have been able to pay off the loan in full in a timely manner. 
 
 I have been working for the last year and a half and have been able to pay off the loan in full in a timely manner. 
 
 I have been working for the last year and a half and have been able to pay off the loan in full in a timely manner. 
 
 I have been working for the last year and a half and have been able to pay off the loan in full in a timely manner. 
 
 I have been working for the last year and a half and have been able to pay off the loan in full in a timely manner. 
 
 I have been working for the last year and a half and have been able to pay off the loan in full in a timely manner. 
 
 I have been working for"
PPLM-Bow_18_Science/Technology,PPLM-Bow_18,Technology The issue focused on,Science/Technology,"The issue focused on the fact that the printer was not printing to the network and the only way to fix it was to reboot the printer. 
 
 I was able to get the printer to print to the network and the issue was resolved. 
 
 I was able to get the printer to print to the network and the issue was resolved. 
 
 I was able to get the printer to print to the network and the issue was resolved. 
 
 I was able to get the printer to print to the network and the issue was resolved. 
 
 I was able to get the printer to print to the network and the issue was resolved. 
 
 I was able to get the printer to print to the network and the issue was resolved. 
 
 I was able to get the printer to print to the network and the issue was resolved. 
 
 I was able to get the printer to print to the network and the issue was resolved. 
 
 I was able to get the printer to print to the network and the issue was resolved. 
 
 I was able to get the printer to print to the network and the issue was resolved. 
 
 I was able to get the printer to print to the network and the issue was resolved. 
 
 I was able to get the printer to print to the network and the issue was resolved. 
 
 I was able"
PPLM-Bow_19_Sports,PPLM-Bow_19,Fitness In this essay,Sports,In this essay I will be discussing the benefits of a low carb diet and how to get started.
PPLM-Bow_19_Business,PPLM-Bow_19,Legal In this essay,Business,"In this essay I will be using the term ""racist"" to describe the actions of the police officer who arrested me. 
 
 I was walking down the street in a black neighborhood in a city with a large black population. I was stopped by a police officer who was driving a police car. He asked me for my driver's license and registration. I told him I was not carrying any and that I was not a criminal. He then asked me to step out of the car and he searched me. He then asked me to step out of the car and he searched me again. He then asked me to step out of the car and he searched me again. He then asked me to step out of the car and he searched me again. He then asked me to step out of the car and he searched me again. He then asked me to step out of the car and he searched me again. He then asked me to step out of the car and he searched me again. He then asked me to step out of the car and he searched me again. He then asked me to step out of the car and he searched me again. He then asked me to step out of the car and he searched me again. He then asked me to step out of the car and he searched me again. He then asked me to step out of the car and he searched me again."
PPLM-Bow_19_Science/Technology,PPLM-Bow_19,Technology In this essay,Science/Technology,"In this essay I will be discussing the various ways that the internet has changed the way we interact with each other. 
 
 I will be using the internet to talk about the internet and how it has changed the way we interact with each other. 
 
 I will be using the internet to talk about the internet and how it has changed the way we interact with each other. 
 
 I will be using the internet to talk about the internet and how it has changed the way we interact with each other. 
 
 I will be using the internet to talk about the internet and how it has changed the way we interact with each other. 
 
 I will be using the internet to talk about the internet and how it has changed the way we interact with each other. 
 
 I will be using the internet to talk about the internet and how it has changed the way we interact with each other. 
 
 I will be using the internet to talk about the internet and how it has changed the way we interact with each other. 
 
 I will be using the internet to talk about the internet and how it has changed the way we interact with each other. 
 
 I will be using the internet to talk about the internet and how it has changed the way we interact with each other. 
 
 I will be using the internet to talk about the"
PPLM-Discrim_0_Sports,PPLM-Discrim_0,Fitness Once upon a time,Sports,Once upon a time I was a very active person. I was a competitive swimmer and I played soccer and ran track and field for a few years. I was also a very active person in my early 20's and I was very active in my 30's. I was a very active person in my 40's and I was very active in my 50's. I was very active in my 60's and I was very active in my 70's. I was very active in my 80's and I was very active in my 90's. I was very active in my 100's and I was very active in my 200's. I was very active in my 300's and I was very active in my 400's. I was very active in my 400's and I was very active in my 500's. I was very active in my 600's and I was very active in my 700's. I was very active in my 800's and I was very active in my 900's. I was very active in my 1000's and I was very active in my 1200's. I was very active in my 1300's and I was very active in my 1400's. I was very active in my 1500's and I was very active in my 1600's. I was very active in my 1700's and I was very active in my 1800's. I was very active in my 1900@@
PPLM-Discrim_0_Business,PPLM-Discrim_0,Legal Once upon a time,Business,Once upon a time I was a very good student. I was a straight A student in high school. I was a very good student. I was a very good student. I was a very good student. I was a very good student. I was a very good student. I was a very good student. I was a very good student. I was a very good student. I was a very good student. I was a very good student. I was a very good student. I was a very good student. I was a very good student. I was a very good student. I was a very good student. I was a very good student. I was a very good student. I was a very good student. I was a very good student. I was a very good student. I was a very good student. I was a very good student. I was a very good student. I was a very good student. I was a very good student. I was a very good student. I was a very good student. I was a very good student. I was a very good student. I was a very good student. I was a very good student. I was a very good student. I was a very good student. I was a very good student. I was a very good student. I was a very good student. I was a very good student. I was a very good student. I was a very good student. I was a very good student. I
PPLM-Discrim_0_Science/Technology,PPLM-Discrim_0,Technology Once upon a time,Science/Technology,Once upon a time I was a software engineer for a major company. I was a very good programmer and I was very good at my job. I was also very good at my job. I was also very good at my job. I was also very good at my job. I was also very good at my job. I was also very good at my job. I was also very good at my job. I was also very good at my job. I was also very good at my job. I was also very good at my job. I was also very good at my job. I was also very good at my job. I was also very good at my job. I was also very good at my job. I was also very good at my job. I was also very good at my job. I was also very good at my job. I was also very good at my job. I was also very good at my job. I was also very good at my job. I was also very good at my job. I was also very good at my job. I was also very good at my job. I was also very good at my job. I was also very good at my job. I was also very good at my job. I was also very good at my job. I was also very good at my job. I was also very good at my job. I was also very good at my job. I
PPLM-Discrim_1_Sports,PPLM-Discrim_1,Fitness The book,Sports,The book is a great read and I highly recommend it.
PPLM-Discrim_1_Business,PPLM-Discrim_1,Finance The book,Business,"The book is a little over a year old and I have no idea what to do with it. I have a few friends who have used it and they have had good luck with it, but I don't know if I should keep it or sell it. 
 
 I have a few questions about the book and the way it works. 
 
 1. What is the best way to get a loan from a bank? 
 2. What is the best way to get a loan from a credit union? 
 3. What is the best way to get a loan from a private lender? 
 4. What is the best way to get a loan from a credit union? 
 5. What is the best way to get a loan from a private lender? 
 
 Thanks for any help you can give me. 
 Score: 6 
 
 Title: I have a lot of student loan debt and I need help with my finances 
 Text: I have a lot of student loan debt and I need help with my finances and how to pay it off. I have a lot of student loan debt and I need help with my finances and how to pay it off. 
 
 I have a lot of student loan debt and I need help with my finances and how to pay it off. 
 
 I have a lot of student loan debt and I need help with"
PPLM-Discrim_1_Science/Technology,PPLM-Discrim_1,Technology The book,Science/Technology,"The book was a little more than a year old and I was still learning how to use it. I was still getting used to the new operating system and the new way of doing things. 
 
 I was working on a project that was a little more complex than the usual project I was working on. I was working on a project that was a little more complex than the usual project I was working on. I was working on a project that was a little more complex than the usual project I was working on. I was working on a project that was a little more complex than the usual project I was working on. 
 
 I was working on a project that was a little more complex than the usual project I was working on. I was working on a project that was a little more complex than the usual project I was working on. I was working on a project that was a little more complex than the usual project I was working on. 
 
 I was working on a project that was a little more complex than the usual project I was working on. I was working on a project that was a little more complex than the usual project I was working on. I was working on a project that was a little more complex than the usual project I was working on. 
 
 I was working on a project that was a little more complex than the"
PPLM-Discrim_2_Sports,PPLM-Discrim_2,Fitness The chicken,Sports,"The chicken is a little bit of a pain to get out of the pan, but I think that's just because I have a small pan. 
 
 I also made the chicken with a little bit of olive oil and a little bit of garlic and it was delicious. 
 
 I also made the chicken with a little bit of olive oil and a little bit of garlic and it was delicious. 
 
 I also made the chicken with a little bit of olive oil and a little bit of garlic and it was delicious. 
 
 I also made the chicken with a little bit of olive oil and a little bit of garlic and it was delicious. 
 
 I also made the chicken with a little bit of olive oil and a little bit of garlic and it was delicious. 
 
 I also made the chicken with a little bit of olive oil and a little bit of garlic and it was delicious. 
 
 I also made the chicken with a little bit of olive oil and a little bit of garlic and it was delicious. 
 
 I also made the chicken with a little bit of olive oil and a little bit of garlic and it was delicious. 
 
 I also made the chicken with a little bit of olive oil and a little bit of garlic and it was delicious. 
 
 I also made the chicken with a little bit of olive oil and a"
PPLM-Discrim_2_Business,PPLM-Discrim_2,Finance The chicken,Business,"The chicken is a little more expensive than the beef, but I think it's worth it to get the chicken and save some money. 
 
 I also have a few other questions about the chicken and the beef. 
 
 1. What is the best way to cook the chicken and the beef? 
 2. What is the best way to cook the chicken and the beef? 
 3. What is the best way to cook the chicken and the beef? 
 4. What is the best way to cook the chicken and the beef? 
 5. What is the best way to cook the chicken and the beef? 
 
 Thanks for any help you can give me. 
 Score: 6 
 
 Title: How to get a credit card with a low APR? 
 Text: I have a credit card with a low APR of about 3% and I want to get a credit card with a higher APR. I have a credit score of 720. I have a good credit history and I have never had a late payment. I have a good credit score and I have never had a late payment. I have a good credit history and I have never had a late payment. I have a good credit history and I have never had a late payment. I have a good credit history and I have never had a late payment. I have a good credit history and"
PPLM-Discrim_2_Science/Technology,PPLM-Discrim_2,Technology The chicken,Science/Technology,"The chicken is still in the fridge. 
 
 &gt;Me: I don't think so. 
 
 &gt;$Me: I don't think so. 
 
 &gt;$Me: I don't think so. 
 
 &gt;$Me: I don't think so. 
 
 &gt;$Me: I don't think so. 
 
 &gt;$Me: I don't think so. 
 
 &gt;$Me: I don't think so. 
 
 &gt;$Me: I don't think so. 
 
 &gt;$Me: I don't think so. 
 
 &gt;$Me: I don't think so. 
 
 &gt;$Me: I don't think so. 
 
 &gt;$Me: I don't think so. 
 
 &gt;$Me: I don't think so. 
 
 &gt;$Me: I don't think so. 
 
 &gt;$Me: I don't think so. 
 
 &gt;$Me: I don't think so. 
 
 &gt;$Me: I don't think so. 
 
 &gt;$Me: I don't think so. 
 
 &gt;$Me: I don't think so. 
 
 &gt;$Me: I don't think so. 
 
 &gt;$Me: I don't think"
PPLM-Discrim_3_Sports,PPLM-Discrim_3,Fitness The city,Sports,The city I live in has a lot of bike lanes and I have been biking to work for the past few years and I have been getting a lot of compliments on my bike and how it looks cool. I have been using a bike lock to lock my bike to a pole in the bike lane and I have been using a cable lock to lock my bike to a post in the bike lane. I have been using a cable lock to lock my bike to a post in the bike lane and I have been using a cable lock to lock my bike to a pole in the bike lane. I have been using a cable lock to lock my bike to a pole in the bike lane and I have been using a cable lock to lock my bike to a post in the bike lane. I have been using a cable lock to lock my bike to a pole in the bike lane and I have been using a cable lock to lock my bike to a pole in the bike lane. I have been using a cable lock to lock my bike to a pole in the bike lane and I have been using a cable lock to lock my bike to a pole in the bike lane. I have been using a cable lock to lock my bike to a pole in the bike lane and I have been using a cable lock to lock my bike to a pole
PPLM-Discrim_3_Business,PPLM-Discrim_3,Legal The city,Business,"The city is in the process of building a new police station and the old one is being torn down. The old one was a very nice building and was used for a long time. The new one is a very nice building and is being built in the same location as the old one. 
 
 The old one was built in the early 1900s and was used for a long time. The new one is being built in the same location as the old one. 
 
 The old one was a very nice building and was used for a long time. The new one is a very nice building and is being built in the same location as the old one. 
 
 The old one was built in the early 1900s and was used for a long time. The new one is being built in the same location as the old one. 
 
 The old one was built in the early 1900s and was used for a long time. The new one is being built in the same location as the old one. 
 
 The old one was built in the early 1900s and was used for a long time. The new one is being built in the same location as the old one. 
 
 The old one was built in the early 1900s and was used for a long time. The new one is being built in the same location as the old one. 
 
 The old one was"
PPLM-Discrim_3_Science/Technology,PPLM-Discrim_3,Science The city,Science/Technology,"The city of San Francisco is planning to build a new bridge over the bay that will be the longest suspension bridge in the world. 
 Score: 6 
 
 Title: The first ever image of a black hole 
 Score: 6 
 
 Title: The first ever image of a black hole 
 Score: 6 
 
 Title: The first ever image of a black hole 
 Score: 6 
 
 Title: The first ever image of a black hole 
 Score: 6 
 
 Title: The first ever image of a black hole 
 Score: 6 
 
 Title: The first ever image of a black hole 
 Score: 6 
 
 Title: The first ever image of a black hole 
 Score: 6 
 
 Title: The first ever image of a black hole 
 Score: 6 
 
 Title: The first ever image of a black hole 
 Score: 6 
 
 Title: The first ever image of a black hole 
 Score: 6 
 
 Title: The first ever image of a black hole 
 Score: 6 
 
 Title: The first ever image of a black hole 
 Score: 6 
 
 Title: The first ever image of a black hole 
 Score: 6 
 
 Title: The first ever image of a black hole 
 Score: 6 
 
 Title: The first ever image of a black hole 
 Score: 6 
 
 Title: The"
PPLM-Discrim_4_Sports,PPLM-Discrim_4,Fitness The country,Sports,The country I live in has a lot of hills and I have a lot of trouble with my knees and ankles and I have a lot of trouble with my back and my back hurts a lot. I have been doing a lot of walking and I have been doing a lot of weight lifting and I have been doing a lot of cardio and I have been doing a lot of weight lifting and I have been doing a lot of cardio and I have been doing a lot of weight lifting and I have been doing a lot of cardio and I have been doing a lot of weight lifting and I have been doing a lot of weight lifting and I have been doing a lot of cardio and I have been doing a lot of weight lifting and I have been doing a lot of weight lifting and I have been doing a lot of weight lifting and I have been doing a lot of weight lifting and I have been doing a lot of weight lifting and I have been doing a lot of weight lifting and I have been doing a lot of weight lifting and I have been doing a lot of weight lifting and I have been doing a lot of weight lifting and I have been doing a lot of weight lifting and I have been doing a lot of weight lifting and I have been doing a lot of weight lifting and I
PPLM-Discrim_4_Business,PPLM-Discrim_4,Legal The country,Business,"The country is in the middle of a civil war and the government is not doing anything to help the people. 
 
 I have a friend who is a lawyer and he said that I should go to the police and file a report against the company for the damages. 
 
 I am not sure what to do or how to go about it. 
 
 I am in the US and I am not sure what to do about this."
PPLM-Discrim_4_Science/Technology,PPLM-Discrim_4,Computing The country,Science/Technology,The country I live in is a bit of a weird mix of countries and cultures. I have a friend who is from the US and he has a friend who is from the UK. We are both in our mid twenties and we both have a lot of money saved up. We both have a lot of friends who are in the same situation as us. We both have a lot of friends who are in the same situation as us. We both have a lot of friends who are in the same situation as us. We both have a lot of friends who are in the same situation as us. We both have a lot of friends who are in the same situation as us. We both have a lot of friends who are in the same situation as us. We both have a lot of friends who are in the same situation as us. We both have a lot of friends who are in the same situation as us. We both have a lot of friends who are in the same situation as us. We both have a lot of friends who are in the same situation as us. We both have a lot of friends who are in the same situation as us. We both have a lot of friends who are in the same situation as us. We both have a lot of friends who are in the same situation as us. We both have a lot of friends who are in the
PPLM-Discrim_5_Sports,PPLM-Discrim_5,Fitness The horse,Sports,"The horse is a bit of a pain in the ass to get on and off but I think it's worth it. 
 
 I have a few questions for you guys and gals who have been doing this for a while. 
 
 1. What are your favorite foods to eat on the road? 
 2. What are your favorite foods to eat at home? 
 3. What are your favorite foods to eat at work? 
 4. What are your favorite foods to eat at home? 
 5. What are your favorite foods to eat at work? 
 
 Thanks for any help you can give me. 
 Score: 6 
 
 Title: I have a question about the bench press 
 Text: I have been lifting for about a year now and I have been doing the bench press for about a month now. I have been doing it with a barbell and I have been doing it with a dumbbell for a while now. I have been doing it with a barbell for about a month now and I have been doing it with a dumbbell for a while now. I have been doing it with a barbell for about a month now and I have been doing it with a dumbbell for a while now. I have been doing it with a barbell for about a month now and I have been doing it with a dumbbell for a while now. I"
PPLM-Discrim_5_Business,PPLM-Discrim_5,Finance The horse,Business,"The horse is out of the barn and the barn is in the driveway. 
 
 I have a friend who is a lawyer and he is helping me with the probate process. I have a friend who is a lawyer and he is helping me with the probate process. 
 
 I have a friend who is a lawyer and he is helping me with the probate process. 
 
 I have a friend who is a lawyer and he is helping me with the probate process. 
 
 I have a friend who is a lawyer and he is helping me with the probate process. 
 
 I have a friend who is a lawyer and he is helping me with the probate process. 
 
 I have a friend who is a lawyer and he is helping me with the probate process. 
 
 I have a friend who is a lawyer and he is helping me with the probate process. 
 
 I have a friend who is a lawyer and he is helping me with the probate process. 
 
 I have a friend who is a lawyer and he is helping me with the probate process. 
 
 I have a friend who is a lawyer and he is helping me with the probate process. 
 
 I have a friend who is a lawyer and he is helping me with the probate process. 
 
 I have a friend who is a lawyer and he is helping me with the"
PPLM-Discrim_5_Science/Technology,PPLM-Discrim_5,Science The horse,Science/Technology,"The horse is a symbol of the American Dream, and the horse is a symbol of the American Dream. 
 Score: 6 
 
 Title: The first ever image of a black hole 
 Score: 6 
 
 Title: The first ever image of a black hole 
 Score: 6 
 
 Title: The first ever image of a black hole 
 Score: 6 
 
 Title: The first ever image of a black hole 
 Score: 6 
 
 Title: The first ever image of a black hole 
 Score: 6 
 
 Title: The first ever image of a black hole 
 Score: 6 
 
 Title: The first ever image of a black hole 
 Score: 6 
 
 Title: The first ever image of a black hole 
 Score: 6 
 
 Title: The first ever image of a black hole 
 Score: 6 
 
 Title: The first ever image of a black hole 
 Score: 6 
 
 Title: The first ever image of a black hole 
 Score: 6 
 
 Title: The first ever image of a black hole 
 Score: 6 
 
 Title: The first ever image of a black hole 
 Score: 6 
 
 Title: The first ever image of a black hole 
 Score: 6 
 
 Title: The first ever image of a black hole 
 Score: 6 
 
 Title: The first ever image of a black"
PPLM-Discrim_6_Sports,PPLM-Discrim_6,Fitness The lake,Sports,"The lake is a bit of a joke to me because I don't know how to swim. I have a friend who is a swimmer and she has been to the lake a few times and she said it was a good place to swim but I don't know how to swim. 
 
 I have been trying to get in shape for a while now and I have been doing a lot of cardio and weight training but I have been having a hard time getting into the best shape I can be. I have been doing a lot of cardio and weight training but I have been having a hard time getting into the best shape I can be. 
 
 I have been doing a lot of cardio and weight training but I have been having a hard time getting into the best shape I can be. 
 
 I have been doing a lot of cardio and weight training but I have been having a hard time getting into the best shape I can be. 
 
 I have been doing a lot of cardio and weight training but I have been having a hard time getting into the best shape I can be. 
 
 I have been doing a lot of cardio and weight training but I have been having a hard time getting into the best shape I can be. 
 
 I have been doing a lot of cardio and weight training but"
PPLM-Discrim_6_Business,PPLM-Discrim_6,Finance The lake,Business,"The lake is a bit of a joke for me as I have no idea how to swim and I have no idea how to get to the other side of the lake. 
 
 I have a friend who is a professional swimmer and he has told me that I should just go to the lake and swim there and then go back to the house and get my car and drive back to the city. 
 
 I have no idea how to get to the other side of the lake and I have no idea how to get back to the city. 
 
 I have no idea how to get to the other side of the lake and I have no idea how to get back to the city. 
 
 I have no idea how to get to the other side of the lake and I have no idea how to get back to the city. 
 
 I have no idea how to get to the other side of the lake and I have no idea how to get back to the city. 
 
 I have no idea how to get to the other side of the lake and I have no idea how to get back to the city. 
 
 I have no idea how to get to the other side of the lake and I have no idea how to get back to the city. 
 
 I have no idea how to get to the other side"
PPLM-Discrim_6_Science/Technology,PPLM-Discrim_6,Technology The lake,Science/Technology,"The lake is a bit of a mess right now, but I think I can get it cleaned up in a few hours. 
 
 &gt;$Me: I can get it cleaned up in a few hours. 
 
 &gt;$Boss: I don't think so. 
 
 &gt;$Me: I don't think so. 
 
 &gt;$Boss: I don't think so. 
 
 &gt;$Me: I don't think so. 
 
 &gt;$Boss: I don't think so. 
 
 &gt;$Me: I don't think so. 
 
 &gt;$Boss: I don't think so. 
 
 &gt;$Me: I don't think so. 
 
 &gt;$Boss: I don't think so. 
 
 &gt;$Me: I don't think so. 
 
 &gt;$Boss: I don't think so. 
 
 &gt;$Me: I don't think so. 
 
 &gt;$Boss: I don't think so. 
 
 &gt;$Me: I don't think so. 
 
 &gt;$Boss: I don't think so. 
 
 &gt;$Me: I don't think so. 
 
 &gt;$Boss: I don't think so. 
 
 &g@@"
PPLM-Discrim_7_Sports,PPLM-Discrim_7,Fitness The last time,Sports,"The last time I did this was in the summer of '08 when I was in my first year of college. I was doing a lot of cardio and lifting weights at the time and I was doing it pretty much every day. I was doing it pretty much every day for about a month and a half and I was pretty much doing it every day for about a month and a half. I was doing it every day for about a month and a half. 
 
 I was doing it pretty much every day for about a month and a half. 
 
 I was doing it pretty much every day for about a month and a half. 
 
 I was doing it pretty much every day for about a month and a half. 
 
 I was doing it pretty much every day for about a month and a half. 
 
 I was doing it pretty much every day for about a month and a half. 
 
 I was doing it pretty much every day for about a month and a half. 
 
 I was doing it pretty much every day for about a month and a half. 
 
 I was doing it pretty much every day for about a month and a half. 
 
 I was doing it pretty much every day for about a month and a half. 
 
 I was doing it pretty much every day for about a month and a half."
PPLM-Discrim_7_Business,PPLM-Discrim_7,Legal The last time,Business,The last time I was in the hospital I was told that I was going to be charged with a felony for not having insurance. I was told that I was going to be charged with a felony for not having insurance. I was told that I was going to be charged with a felony for not having insurance. I was told that I was going to be charged with a felony for not having insurance. I was told that I was going to be charged with a felony for not having insurance. I was told that I was going to be charged with a felony for not having insurance. I was told that I was going to be charged with a felony for not having insurance. I was told that I was going to be charged with a felony for not having insurance. I was told that I was going to be charged with a felony for not having insurance. I was told that I was going to be charged with a felony for not having insurance. I was told that I was going to be charged with a felony for not having insurance. I was told that I was going to be charged with a felony for not having insurance. I was told that I was going to be charged with a felony for not having insurance. I was told that I was going to be charged with a felony for not having insurance. I was told that I was going to be charged with a felony
PPLM-Discrim_7_Science/Technology,PPLM-Discrim_7,Technology The last time,Science/Technology,"The last time I was in this store was in the early 90's. I was a young assistant manager and I was the only one in the store that knew how to use the computer. I was the only one that knew how to use the computer and I was the only one that knew how to use the computer. 
 
 I was the only one that knew how to use the computer and I was the only one that knew how to use the computer. 
 
 I was the only one that knew how to use the computer and I was the only one that knew how to use the computer. 
 
 I was the only one that knew how to use the computer and I was the only one that knew how to use the computer. 
 
 I was the only one that knew how to use the computer and I was the only one that knew how to use the computer. 
 
 I was the only one that knew how to use the computer and I was the only one that knew how to use the computer. 
 
 I was the only one that knew how to use the computer and I was the only one that knew how to use the computer. 
 
 I was the only one that knew how to use the computer and I was the only one that knew how to use the computer. 
 
 I was the only one that knew"
PPLM-Discrim_8_Sports,PPLM-Discrim_8,Fitness The movie,Sports,"The movie was a bit of a let down for me but I was still able to get a good workout in. 
 
 I was able to do a lot of the moves from the movie and I was able to do a lot of the moves from the first movie as well. 
 
 I was able to do a lot of the moves from the first movie and I was able to do a lot of the moves from the second movie as well. 
 
 I was able to do a lot of the moves from the first movie and I was able to do a lot of the moves from the second movie as well. 
 
 I was able to do a lot of the moves from the first movie and I was able to do a lot of the moves from the second movie as well. 
 
 I was able to do a lot of the moves from the first movie and I was able to do a lot of the moves from the second movie as well. 
 
 I was able to do a lot of the moves from the first movie and I was able to do a lot of the moves from the second movie as well. 
 
 I was able to do a lot of the moves from the first movie and I was able to do a lot of the moves from the second movie as well. 
 
 I was able to"
PPLM-Discrim_8_Business,PPLM-Discrim_8,Legal The movie,Business,"The movie is a bit of a stretch, but I think it is a good example of how the system works. 
 
 I have a friend who is a lawyer and he is helping me with the legal aspects of the situation. 
 
 I have a few questions: 
 
 1. What is the best way to handle this situation? 
 2. What is the best way to handle the legal aspects? 
 3. What is the best way to handle the legal aspects? 
 4. What is the best way to handle the legal aspects? 
 5. What is the best way to handle the legal aspects? 
 
 I am not sure if I should just let it go or try to get a lawyer to handle it. 
 
 Thanks in advance for any advice. 
 Score: 6 
 
 Title: [CA] My boss is threatening to fire me for not showing up for work on time. 
 Text: I work at a small business in a small town in California. I work in the front office and am the only employee that is on the clock. I am a very good employee and I have been there for over a year now. 
 
 I have been working here for about a year and a half and I have never missed a day of work. I have never been late and I have never missed a day of work"
PPLM-Discrim_8_Science/Technology,PPLM-Discrim_8,Technology The movie,Science/Technology,The movie was a bit of a let down but I was still able to get a few laughs out of it.
PPLM-Discrim_9_Sports,PPLM-Discrim_9,Fitness The painting,Sports,"The painting is a bit of a joke but I think it is a good representation of the kind of person I am. 
 
 I have been doing this for about a year now and I have lost about 30 pounds. I have been doing it with a lot of help from my friends and family. I have been doing it with a lot of help from my wife and my best friend who is a personal trainer and has been helping me with my diet. 
 
 I have been doing it with a lot of help from my wife and my best friend who is a personal trainer and has been helping me with my diet. 
 
 I have been doing it with a lot of help from my wife and my best friend who is a personal trainer and has been helping me with my diet. 
 
 I have been doing it with a lot of help from my wife and my best friend who is a personal trainer and has been helping me with my diet. 
 
 I have been doing it with a lot of help from my wife and my best friend who is a personal trainer and has been helping me with my diet. 
 
 I have been doing it with a lot of help from my wife and my best friend who is a personal trainer and has been helping me with my diet. 
 
 I have been doing it with a lot of"
PPLM-Discrim_9_Business,PPLM-Discrim_9,Legal The painting,Business,"The painting is worth about $2000 and I have no idea how to go about getting it back. 
 
 I have a friend who is a lawyer and he said that I could go to the court and get a judgment against the painting and then sue the person who painted it for the money. 
 
 I don't know what to do and I don't know what to do if I do go to court. 
 
 I have no idea what to do and I don't know what to do if I do go to court."
PPLM-Discrim_9_Science/Technology,PPLM-Discrim_9,Technology The painting,Science/Technology,"The painting was a bit of a pain to get off the wall and I had to use a lot of force to get it off. 
 
 I was able to get it off and put it back up but it was a bit of a pain to get it back on the wall. 
 
 I was able to get it back up and it was a bit of a pain to get it back down but I was able to get it back up and it was a bit of a pain to get it back down. 
 
 I was able to get it back up and it was a bit of a pain to get it down but I was able to get it down and it was a bit of a pain to get it down and it was a bit of a pain to get it down and it was a bit of a pain to get it down and it was a bit of a pain to get it down and it was a bit of a pain to get it down and it was a bit of a pain to get it down and it was a bit of a pain to get it down and it was a bit of a pain to get it down and it was a bit of a pain to get it down and it was a bit of a pain to get it down and it was a bit of a pain"
PPLM-Discrim_10_Sports,PPLM-Discrim_10,Fitness The pizza,Sports,"The pizza place is a little bit of a joke to me because I don't eat there very often. I usually go to a place that has a lot of food and a lot of people and I can eat a lot of food and not feel like I'm going to die. 
 
 I don't know if I should go to the gym or not. I don't really have a lot of time to go to the gym and I don't really have a lot of time to go to the gym. I don't really have a lot of time to go to the gym and I don't really have a lot of time to go to the gym. 
 
 I don't know if I should go to the gym or not. I don't really have a lot of time to go to the gym and I don't really have a lot of time to go to the gym. I don't really have a lot of time to go to the gym and I don't really have a lot of time to go to the gym. 
 
 I don't know if I should go to the gym or not. I don't really have a lot of time to go to the gym and I don't really have a lot of time to go to the gym. I don't really have a lot of time to go to the gym and I don't really have a lot of time to go to the gym. I don't"
PPLM-Discrim_10_Business,PPLM-Discrim_10,Legal The pizza,Business,"The pizza place is a small one and I don't know how to go about getting a new one or getting my money back. 
 
 Edit: I live in the US 
 Score: 6 
 
 Title: [TX] My boss is threatening to fire me for not showing up to work on time. 
 Text: I work at a small business in Texas. I work in the front office and am the only employee that works on the weekends. I have been working here for about a year and a half. 
 
 I have been working here for about a year and a half and I have been doing a great job. I have been getting a lot of compliments from my coworkers and I have been making a lot of money. 
 
 However, I have been getting a lot of complaints from my boss about me not showing up to work on time. I have been working here for about a year and a half and I have been doing a great job. I have been getting a lot of compliments from my coworkers and I have been making a lot of money. 
 
 However, I have been getting a lot of complaints from my boss about me not showing up to work on time. I have been working here for about a year and a half and I have been doing a great job. I have been getting a lot of compliments from my coworkers and I"
PPLM-Discrim_10_Science/Technology,PPLM-Discrim_10,Science The pizza,Science/Technology,"The pizza is a great source of protein and fiber 
 Score: 6 
 
 Title: The first ever image of a black hole 
 Score: 6 
 
 Title: The first ever image of a black hole 
 Score: 6 
 
 Title: The first ever image of a black hole 
 Score: 6 
 
 Title: The first ever image of a black hole 
 Score: 6 
 
 Title: The first ever image of a black hole 
 Score: 6 
 
 Title: The first ever image of a black hole 
 Score: 6 
 
 Title: The first ever image of a black hole 
 Score: 6 
 
 Title: The first ever image of a black hole 
 Score: 6 
 
 Title: The first ever image of a black hole 
 Score: 6 
 
 Title: The first ever image of a black hole 
 Score: 6 
 
 Title: The first ever image of a black hole 
 Score: 6 
 
 Title: The first ever image of a black hole 
 Score: 6 
 
 Title: The first ever image of a black hole 
 Score: 6 
 
 Title: The first ever image of a black hole 
 Score: 6 
 
 Title: The first ever image of a black hole 
 Score: 6 
 
 Title: The first ever image of a black hole 
 Score: 6 
 
 Title: The"
PPLM-Discrim_11_Sports,PPLM-Discrim_11,Fitness The potato,Sports,"The potato is a great source of protein and carbs and is a great source of fiber and vitamins. 
 
 I have been eating a lot of potatoes lately and I have been feeling a lot better. I have been eating a lot of vegetables and I feel a lot better. I have been eating a lot of fish and I feel a lot better. I have been eating a lot of eggs and I feel a lot better. I have been eating a lot of chicken and I feel a lot better. I have been eating a lot of fish and I feel a lot better. I have been eating a lot of eggs and I feel a lot better. I have been eating a lot of chicken and I feel a lot better. I have been eating a lot of eggs and I feel a lot better. I have been eating a lot of fish and I feel a lot better. I have been eating a lot of fish and I feel a lot better. I have been eating a lot of eggs and I feel a lot better. I have been eating a lot of fish and I feel a lot better. I have been eating a lot of eggs and I feel a lot better. I have been eating a lot of fish and I feel a lot better. I have been eating a lot of eggs and I feel a lot better. I have been eating a lot of eggs"
PPLM-Discrim_11_Business,PPLM-Discrim_11,Finance The potato,Business,"The potato chip thing is a little more complicated than that. 
 
 I have a credit card with a limit of $5000 and a limit of $5000 on my checking account. I have a credit card with a limit of $5000 and a limit of $5000 on my checking account. I have a credit card with a limit of $5000 and a limit of $5000 on my checking account. I have a credit card with a limit of $5000 and a limit of $5000 on my checking account. I have a credit card with a limit of $5000 and a limit of $5000 on my checking account. I have a credit card with a limit of $5000 and a limit of $5000 on my checking account. I have a credit card with a limit of $5000 and a limit of $5000 on my checking account. I have a credit card with a limit of $5000 and a limit of $5000 on my checking account. I have a credit card with a limit of $5000 and a limit of $5000 on my checking account. I have a credit card with a limit of $5000 and a limit of $5000 on my checking account. I have a credit card with a limit of $5000 and a limit of $5000 on my checking account. I have a credit card with a limit of $5000 and a limit"
PPLM-Discrim_11_Science/Technology,PPLM-Discrim_11,Science The potato,Science/Technology,"The potato is a great source of vitamin A, but it is also a great source of vitamin C. 
 Score: 6 
 
 Title: The first ever image of a black hole 
 Score: 6 
 
 Title: The first ever image of a black hole 
 Score: 6 
 
 Title: The first ever image of a black hole 
 Score: 6 
 
 Title: The first ever image of a black hole 
 Score: 6 
 
 Title: The first ever image of a black hole 
 Score: 6 
 
 Title: The first ever image of a black hole 
 Score: 6 
 
 Title: The first ever image of a black hole 
 Score: 6 
 
 Title: The first ever image of a black hole 
 Score: 6 
 
 Title: The first ever image of a black hole 
 Score: 6 
 
 Title: The first ever image of a black hole 
 Score: 6 
 
 Title: The first ever image of a black hole 
 Score: 6 
 
 Title: The first ever image of a black hole 
 Score: 6 
 
 Title: The first ever image of a black hole 
 Score: 6 
 
 Title: The first ever image of a black hole 
 Score: 6 
 
 Title: The first ever image of a black hole 
 Score: 6 
 
 Title: The first ever image of a black"
PPLM-Discrim_12_Sports,PPLM-Discrim_12,Fitness The president of the country,Sports,The president of the country is a man who has been in power for over a decade. He is a man who has been in power for over a decade. He is a man who has been in power for over a decade. He is a man who has been in power for over a decade. He is a man who has been in power for over a decade. He is a man who has been in power for over a decade. He is a man who has been in power for over a decade. He is a man who has been in power for over a decade. He is a man who has been in power for over a decade. He is a man who has been in power for over a decade. He is a man who has been in power for over a decade. He is a man who has been in power for over a decade. He is a man who has been in power for over a decade. He is a man who has been in power for over a decade. He is a man who has been in power for over a decade. He is a man who has been in power for over a decade. He is a man who has been in power for over a decade. He is a man who has been in power for over a decade. He is a man who has been in power for over a decade. He is a man who has been in power for
PPLM-Discrim_12_Business,PPLM-Discrim_12,Finance The president of the country,Business,"The president of the country is a very powerful man and he has a lot of power over the country. He is the head of the country and he has the power to do whatever he wants to the country. 
 
 I am not sure what to do with my money. I have a lot of money saved up and I want to invest it in something that will make me a lot of money. I am not sure what to do with my money and I am not sure what to do with my life. I am not sure what to do with my life. 
 
 I am not sure what to do with my money. I have a lot of money saved up and I want to invest it in something that will make me a lot of money. I am not sure what to do with my money and I am not sure what to do with my life. 
 
 I am not sure what to do with my money. I have a lot of money saved up and I want to invest it in something that will make me a lot of money. I am not sure what to do with my money and I am not sure what to do with my life. 
 
 I am not sure what to do with my money. I have a lot of money saved up and I want to invest it in something that will make me a lot of money. I am not sure"
PPLM-Discrim_12_Science/Technology,PPLM-Discrim_12,Science The president of the country,Science/Technology,"The president of the country is a man who has been in power for over a decade. 
 Score: 6 
 
 Title: The first ever image of a black hole 
 Score: 6 
 
 Title: The first ever image of a black hole 
 Score: 6 
 
 Title: The first ever image of a black hole 
 Score: 6 
 
 Title: The first ever image of a black hole 
 Score: 6 
 
 Title: The first ever image of a black hole 
 Score: 6 
 
 Title: The first ever image of a black hole 
 Score: 6 
 
 Title: The first ever image of a black hole 
 Score: 6 
 
 Title: The first ever image of a black hole 
 Score: 6 
 
 Title: The first ever image of a black hole 
 Score: 6 
 
 Title: The first ever image of a black hole 
 Score: 6 
 
 Title: The first ever image of a black hole 
 Score: 6 
 
 Title: The first ever image of a black hole 
 Score: 6 
 
 Title: The first ever image of a black hole 
 Score: 6 
 
 Title: The first ever image of a black hole 
 Score: 6 
 
 Title: The first ever image of a black hole 
 Score: 6 
 
 Title: The first ever image of a black hole 
 Score: 6"
PPLM-Discrim_13_Sports,PPLM-Discrim_13,Fitness The road,Sports,"The road to hell is paved with good intentions. 
 Score: 6 
 
 Title: I have a question about the ""fat burning zone"" 
 Text: I have been doing a lot of research on the topic of fat burning zones and I have found that there is a lot of misinformation out there. I have been doing a lot of research on the topic and I have found that there are two types of zones that are commonly used in the fitness world. The first type is the ""fat burning zone"" and the second type is the ""fat burning zone"" and I have found that the two types of zones are not the same. 
 
 The first type of zone is the ""fat burning zone"" and it is the area of the body that burns the most calories. The second type of zone is the ""fat burning zone"" and it is the area of the body that burns the most fat. 
 
 I have found that the ""fat burning zone"" is the area of the body that burns the most calories and the ""fat burning zone"" is the area of the body that burns the most fat. 
 
 I have found that the ""fat burning zone"" is the area of the body that burns the most calories and the ""fat burning zone"" is the area of the body that burns the most fat. 
 
 I have found that the ""@@"
PPLM-Discrim_13_Business,PPLM-Discrim_13,Legal The road,Business,"The road is a straight shot and the speed limit is 55 mph. I was going to go to the police station to report the accident but I don't know if I should or not. I don't want to get in trouble for not reporting it or if I do get in trouble I don't want to get in trouble for not reporting it. 
 
 I have a friend who is a police officer and he said that I should report it to the police and that I should call the police station and tell them what happened. 
 
 I don't know what to do. I don't want to get in trouble for not reporting it or if I do get in trouble I don't want to get in trouble for not reporting it. 
 
 I don't know what to do."
PPLM-Discrim_13_Science/Technology,PPLM-Discrim_13,Technology The road,Science/Technology,"The road to hell is paved with good intentions. 
 
 
 Score: 981 
 
 Flair: Short 
 Title: The day I got a new computer 
 Text: I work for a small company that sells computers and peripherals to small businesses. I was recently hired to replace a guy who was fired for being a bad manager."
PPLM-Discrim_14_Sports,PPLM-Discrim_14,Fitness The year is 1910.,Sports,The year is 1910. The world is in the midst of a great depression. The United States is in the midst of a great depression. The country is in the midst of a great depression. The country is in the midst of a great depression. The country is in the midst of a great depression. The country is in the midst of a great depression. The country is in the midst of a great depression. The country is in the midst of a great depression. The country is in the midst of a great depression. The country is in the midst of a great depression. The country is in the midst of a great depression. The country is in the midst of a great depression. The country is in the midst of a great depression. The country is in the midst of a great depression. The country is in the midst of a great depression. The country is in the midst of a great depression. The country is in the midst of a great depression. The country is in the midst of a great depression. The country is in the midst of a great depression. The country is in the midst of a great depression. The country is in the midst of a great depression. The country is in the midst of a great depression. The country is in the midst of a great depression. The country is in the midst of a great depression. The country is in the midst of a great depression. The country is in the
PPLM-Discrim_14_Business,PPLM-Discrim_14,Finance The year is 1910.,Business,The year is 1910. The country is still in the throes of the Great War. The country is still in the throes of the Great War. The country is still in the throes of the Great War. The country is still in the throes of the Great War. The country is still in the throes of the Great War. The country is still in the throes of the Great War. The country is still in the throes of the Great War. The country is still in the throes of the Great War. The country is still in the throes of the Great War. The country is still in the throes of the Great War. The country is still in the throes of the Great War. The country is still in the throes of the Great War. The country is still in the throes of the Great War. The country is still in the throes of the Great War. The country is still in the throes of the Great War. The country is still in the throes of the Great War. The country is still in the throes of the Great War. The country is still in the throes of the Great War. The country is still in the throes of the Great War. The country is still in the throes of the Great War. The country is still in the throes of the Great War. The country is still in the throes of the Great War. The country is still in the throes of the Great War. The country is
PPLM-Discrim_14_Science/Technology,PPLM-Discrim_14,Technology The year is 1910.,Science/Technology,"The year is 1910. The world is a very different place than it is today. The world is a very different place than it was in the year 2000. 
 
 &gt;Me: I am the IT Director for the company and I am here to help you with your computer. 
 
 &gt;Customer: I don't know what you are talking about. 
 
 &gt;Me: I am the IT Director for the company and I am here to help you with your computer. 
 
 &gt;Customer: I don't know what you are talking about. 
 
 &gt;Me: I am the IT Director for the company and I am here to help you with your computer. 
 
 &gt;Customer: I don't know what you are talking about. 
 
 &gt;Me: I am the IT Director for the company and I am here to help you with your computer. 
 
 &gt;Customer: I don't know what you are talking about. 
 
 &gt;Me: I am the IT Director for the company and I am here to help you with your computer. 
 
 &gt;Customer: I don't know what you are talking about. 
 
 &gt;Me: I am the IT Director for the company and I am here to help you with your computer."
